INDICATOR_LABEL	INDICATOR_ID	INDICATOR_DESC	MINSET_SERIES	MINSET_SERIES_DESC	REF_AREA	REF_AREA_DESC	SEX	SEX_DESC	EDUCATION_LEV	EDUCATION_LEV_DESC	TSK_sub_dims	TSK_sub_id	TSK_sub_desc	X	Y	UNmember	GEOLEVEL	GEOLEVEL_Desc	SDG_REGION	years	min_year	max_year	N_years	N_years_lag5	N_years_lag10
II.7	a00b1ab7	Proportion of females among tertiary education teachers or professors	a00b1ab7	Proportion of females among tertiary education teachers or professors	36	Australia	F	Female	AGG_5T8	Short-cycle tertiary (ISCED 5) or higher	SEX__EDUCATION_LEV	F__AGG_5T8	Female, short-cycle tertiary (isced 5) or higher	134.3499412	-25.57717202	1.0	4	Country or Area	Australia and New Zealand	[1985, 1988, 1989, 1990, 1991, 1992, 2013]	1985	2013	7	0	1
II.7	a00b1ab7	Proportion of females among tertiary education teachers or professors	a00b1ab7	Proportion of females among tertiary education teachers or professors	554	New Zealand	F	Female	AGG_5T8	Short-cycle tertiary (ISCED 5) or higher	SEX__EDUCATION_LEV	F__AGG_5T8	Female, short-cycle tertiary (isced 5) or higher	170.4755673	-43.98721568	1.0	4	Country or Area	Australia and New Zealand	[1970, 1971, 1980, 1981, 1982, 1983, 1984, 1985, 1986, 1987, 1988, 1989, 1990, 1991, 1992, 1993, 1995, 1996, 1997, 1998, 1999, 2000, 2001, 2002, 2003, 2004, 2005, 2006, 2007, 2008, 2009, 2010, 2011, 2012, 2013, 2014, 2015]	1970	2015	37	1	6
II.7	a00b1ab7	Proportion of females among tertiary education teachers or professors	a00b1ab7	Proportion of females among tertiary education teachers or professors	4	Afghanistan	F	Female	AGG_5T8	Short-cycle tertiary (ISCED 5) or higher	SEX__EDUCATION_LEV	F__AGG_5T8	Female, short-cycle tertiary (isced 5) or higher	66.02688198	33.83160199	1.0	4	Country or Area	Central and Southern Asia	[1970, 1973, 1974, 1979, 1990, 2003, 2004, 2009, 2011, 2014]	1970	2014	10	0	2
II.7	a00b1ab7	Proportion of females among tertiary education teachers or professors	a00b1ab7	Proportion of females among tertiary education teachers or professors	50	Bangladesh	F	Female	AGG_5T8	Short-cycle tertiary (ISCED 5) or higher	SEX__EDUCATION_LEV	F__AGG_5T8	Female, short-cycle tertiary (isced 5) or higher	89.17660788	22.86961622	1.0	4	Country or Area	Central and Southern Asia	[1970, 1976, 1977, 1978, 1979, 1980, 1981, 1982, 1983, 1984, 1985, 1986, 1990, 1999, 2000, 2001, 2002, 2003, 2004, 2005, 2006, 2007, 2008, 2009, 2011, 2012, 2014, 2016]	1970	2016	28	1	4
II.7	a00b1ab7	Proportion of females among tertiary education teachers or professors	a00b1ab7	Proportion of females among tertiary education teachers or professors	64	Bhutan	F	Female	AGG_5T8	Short-cycle tertiary (ISCED 5) or higher	SEX__EDUCATION_LEV	F__AGG_5T8	Female, short-cycle tertiary (isced 5) or higher	90.45098484	27.39598568	1.0	4	Country or Area	Central and Southern Asia	[1978, 1979, 1980, 2008, 2010, 2011, 2012]	1978	2012	7	0	3
II.7	a00b1ab7	Proportion of females among tertiary education teachers or professors	a00b1ab7	Proportion of females among tertiary education teachers or professors	356	India	F	Female	AGG_5T8	Short-cycle tertiary (ISCED 5) or higher	SEX__EDUCATION_LEV	F__AGG_5T8	Female, short-cycle tertiary (isced 5) or higher	79.3608464	22.34642074	1.0	4	Country or Area	Central and Southern Asia	[1972, 1973, 1975, 1976, 1977, 1978, 1979, 1980, 1984, 1985, 1986, 1987, 2000, 2001, 2002, 2003, 2004, 2013, 2014, 2015, 2016]	1972	2016	21	2	4
II.7	a00b1ab7	Proportion of females among tertiary education teachers or professors	a00b1ab7	Proportion of females among tertiary education teachers or professors	364	Iran (Islamic Republic of)	F	Female	AGG_5T8	Short-cycle tertiary (ISCED 5) or higher	SEX__EDUCATION_LEV	F__AGG_5T8	Female, short-cycle tertiary (isced 5) or higher	54.19766348	32.74370885	1.0	4	Country or Area	Central and Southern Asia	[1971, 1972, 1973, 1974, 1975, 1977, 1978, 1996, 1999, 2000, 2001, 2002, 2003, 2004, 2005, 2006, 2007, 2008, 2009, 2010, 2011, 2012, 2013, 2014, 2015, 2016]	1971	2016	26	2	7
II.7	a00b1ab7	Proportion of females among tertiary education teachers or professors	a00b1ab7	Proportion of females among tertiary education teachers or professors	398	Kazakhstan	F	Female	AGG_5T8	Short-cycle tertiary (ISCED 5) or higher	SEX__EDUCATION_LEV	F__AGG_5T8	Female, short-cycle tertiary (isced 5) or higher	66.65359159	48.01963494	1.0	4	Country or Area	Central and Southern Asia	[1999, 2000, 2006, 2010, 2011, 2012, 2013, 2015, 2016, 2017]	1999	2017	10	3	7
II.7	a00b1ab7	Proportion of females among tertiary education teachers or professors	a00b1ab7	Proportion of females among tertiary education teachers or professors	417	Kyrgyzstan	F	Female	AGG_5T8	Short-cycle tertiary (ISCED 5) or higher	SEX__EDUCATION_LEV	F__AGG_5T8	Female, short-cycle tertiary (isced 5) or higher	74.52324839	41.46204516	1.0	4	Country or Area	Central and Southern Asia	[1999, 2000, 2001, 2002, 2003, 2004, 2005, 2006, 2007, 2008, 2009, 2010, 2011, 2012, 2013, 2014, 2015, 2016]	1999	2016	18	2	7
II.7	a00b1ab7	Proportion of females among tertiary education teachers or professors	a00b1ab7	Proportion of females among tertiary education teachers or professors	462	Maldives	F	Female	AGG_5T8	Short-cycle tertiary (ISCED 5) or higher	SEX__EDUCATION_LEV	F__AGG_5T8	Female, short-cycle tertiary (isced 5) or higher	73.09672546	-0.614385021	1.0	4	Country or Area	Central and Southern Asia	[1999, 2000, 2001, 2002, 2003]	1999	2003	5	0	0
II.7	a00b1ab7	Proportion of females among tertiary education teachers or professors	a00b1ab7	Proportion of females among tertiary education teachers or professors	524	Nepal	F	Female	AGG_5T8	Short-cycle tertiary (ISCED 5) or higher	SEX__EDUCATION_LEV	F__AGG_5T8	Female, short-cycle tertiary (isced 5) or higher	83.94678863	28.25866332	1.0	4	Country or Area	Central and Southern Asia	[1978, 1980]	1978	1980	2	0	0
II.7	a00b1ab7	Proportion of females among tertiary education teachers or professors	a00b1ab7	Proportion of females among tertiary education teachers or professors	586	Pakistan	F	Female	AGG_5T8	Short-cycle tertiary (ISCED 5) or higher	SEX__EDUCATION_LEV	F__AGG_5T8	Female, short-cycle tertiary (isced 5) or higher	68.80479684	29.36491634	1.0	4	Country or Area	Central and Southern Asia	[1971, 1976, 1986, 1987, 1992, 2006, 2007, 2008, 2009, 2011, 2012, 2013, 2014, 2015]	1971	2015	14	1	5
II.7	a00b1ab7	Proportion of females among tertiary education teachers or professors	a00b1ab7	Proportion of females among tertiary education teachers or professors	144	Sri Lanka	F	Female	AGG_5T8	Short-cycle tertiary (ISCED 5) or higher	SEX__EDUCATION_LEV	F__AGG_5T8	Female, short-cycle tertiary (isced 5) or higher	80.70489654	7.614693343	1.0	4	Country or Area	Central and Southern Asia	[1970, 1971, 1973, 1974, 1983]	1970	1983	5	0	0
II.7	a00b1ab7	Proportion of females among tertiary education teachers or professors	a00b1ab7	Proportion of females among tertiary education teachers or professors	762	Tajikistan	F	Female	AGG_5T8	Short-cycle tertiary (ISCED 5) or higher	SEX__EDUCATION_LEV	F__AGG_5T8	Female, short-cycle tertiary (isced 5) or higher	69.294998	38.43069666	1.0	4	Country or Area	Central and Southern Asia	[2000, 2001, 2002, 2003, 2004, 2005, 2006, 2007, 2008, 2009, 2010, 2011, 2012, 2013, 2014, 2015, 2016, 2017]	2000	2017	18	3	8
II.7	a00b1ab7	Proportion of females among tertiary education teachers or professors	a00b1ab7	Proportion of females among tertiary education teachers or professors	795	Turkmenistan	F	Female	AGG_5T8	Short-cycle tertiary (ISCED 5) or higher	SEX__EDUCATION_LEV	F__AGG_5T8	Female, short-cycle tertiary (isced 5) or higher	58.9787665	40.0912346	1.0	4	Country or Area	Central and Southern Asia	[2014]	2014	2014	1	0	1
II.7	a00b1ab7	Proportion of females among tertiary education teachers or professors	a00b1ab7	Proportion of females among tertiary education teachers or professors	860	Uzbekistan	F	Female	AGG_5T8	Short-cycle tertiary (ISCED 5) or higher	SEX__EDUCATION_LEV	F__AGG_5T8	Female, short-cycle tertiary (isced 5) or higher	63.11944558	41.77560518	1.0	4	Country or Area	Central and Southern Asia	[1999, 2000, 2001, 2002, 2003, 2004, 2005, 2006, 2007, 2008, 2009, 2010, 2011, 2012, 2013, 2014, 2015, 2016, 2017]	1999	2017	19	3	8
II.7	a00b1ab7	Proportion of females among tertiary education teachers or professors	a00b1ab7	Proportion of females among tertiary education teachers or professors	96	Brunei Darussalam	F	Female	AGG_5T8	Short-cycle tertiary (ISCED 5) or higher	SEX__EDUCATION_LEV	F__AGG_5T8	Female, short-cycle tertiary (isced 5) or higher	114.6288563	4.49736984	1.0	4	Country or Area	Eastern and South-Eastern Asia	[1977, 1979, 1983, 1984, 1986, 1987, 1992, 1993, 1994, 1998, 1999, 2000, 2001, 2002, 2003, 2004, 2005, 2006, 2007, 2008, 2009, 2010, 2011, 2012, 2013, 2014, 2015, 2016]	1977	2016	28	2	7
II.7	a00b1ab7	Proportion of females among tertiary education teachers or professors	a00b1ab7	Proportion of females among tertiary education teachers or professors	116	Cambodia	F	Female	AGG_5T8	Short-cycle tertiary (ISCED 5) or higher	SEX__EDUCATION_LEV	F__AGG_5T8	Female, short-cycle tertiary (isced 5) or higher	104.922836	12.71163737	1.0	4	Country or Area	Eastern and South-Eastern Asia	[1973, 1994, 1995, 1997, 1999, 2000, 2001, 2002, 2004, 2005, 2006, 2011, 2015]	1973	2015	13	1	2
II.7	a00b1ab7	Proportion of females among tertiary education teachers or professors	a00b1ab7	Proportion of females among tertiary education teachers or professors	156	China	F	Female	AGG_5T8	Short-cycle tertiary (ISCED 5) or higher	SEX__EDUCATION_LEV	F__AGG_5T8	Female, short-cycle tertiary (isced 5) or higher	104.1403375	32.30955217	1.0	4	Country or Area	Eastern and South-Eastern Asia	[1974, 1975, 1976, 1977, 1978, 1979, 1980, 1987, 1994, 2001, 2002, 2003, 2004, 2005, 2006, 2007, 2008, 2009, 2010, 2011]	1974	2011	20	0	2
II.7	a00b1ab7	Proportion of females among tertiary education teachers or professors	a00b1ab7	Proportion of females among tertiary education teachers or professors	344	China, Hong Kong Special Administrative Region	F	Female	AGG_5T8	Short-cycle tertiary (ISCED 5) or higher	SEX__EDUCATION_LEV	F__AGG_5T8	Female, short-cycle tertiary (isced 5) or higher	114.0266445	22.41749934		4	Country or Area	Eastern and South-Eastern Asia	[1971, 1972, 1973, 1974, 1975, 1976, 1977, 1979, 1980, 1982, 1983, 1984, 1992, 1993, 1994]	1971	1994	15	0	0
II.7	a00b1ab7	Proportion of females among tertiary education teachers or professors	a00b1ab7	Proportion of females among tertiary education teachers or professors	446	China, Macao Special Administrative Region	F	Female	AGG_5T8	Short-cycle tertiary (ISCED 5) or higher	SEX__EDUCATION_LEV	F__AGG_5T8	Female, short-cycle tertiary (isced 5) or higher	113.5665388	22.1237259		4	Country or Area	Eastern and South-Eastern Asia	[1989, 1990, 1991, 1992, 1993, 1994, 1997, 2000, 2001, 2002, 2003, 2004, 2005, 2006, 2007, 2008, 2009, 2010, 2011, 2012, 2013, 2014, 2015, 2016]	1989	2016	24	2	7
II.7	a00b1ab7	Proportion of females among tertiary education teachers or professors	a00b1ab7	Proportion of females among tertiary education teachers or professors	408	Democratic People's Republic of Korea	F	Female	AGG_5T8	Short-cycle tertiary (ISCED 5) or higher	SEX__EDUCATION_LEV	F__AGG_5T8	Female, short-cycle tertiary (isced 5) or higher	127.1803633	40.1462645	1.0	4	Country or Area	Eastern and South-Eastern Asia	[2009, 2015]	2009	2015	2	1	1
II.7	a00b1ab7	Proportion of females among tertiary education teachers or professors	a00b1ab7	Proportion of females among tertiary education teachers or professors	360	Indonesia	F	Female	AGG_5T8	Short-cycle tertiary (ISCED 5) or higher	SEX__EDUCATION_LEV	F__AGG_5T8	Female, short-cycle tertiary (isced 5) or higher	113.9174	-0.994582204	1.0	4	Country or Area	Eastern and South-Eastern Asia	[1983, 1984, 1985, 1993, 1999, 2000, 2001, 2002, 2003, 2004, 2005, 2006, 2007, 2008, 2009, 2010, 2011, 2012, 2013, 2014, 2016]	1983	2016	21	1	6
II.7	a00b1ab7	Proportion of females among tertiary education teachers or professors	a00b1ab7	Proportion of females among tertiary education teachers or professors	392	Japan	F	Female	AGG_5T8	Short-cycle tertiary (ISCED 5) or higher	SEX__EDUCATION_LEV	F__AGG_5T8	Female, short-cycle tertiary (isced 5) or higher	139.2716103	36.6554539	1.0	4	Country or Area	Eastern and South-Eastern Asia	[1971, 1972, 1973, 1974, 1975, 1976, 1977, 1979, 1980, 1981, 1982, 1983, 1984, 1985, 1986, 1987, 1988, 1989, 1990, 1992, 1994, 1995, 2002, 2003, 2004, 2005, 2006]	1971	2006	27	0	0
II.7	a00b1ab7	Proportion of females among tertiary education teachers or professors	a00b1ab7	Proportion of females among tertiary education teachers or professors	418	Lao People's Democratic Republic	F	Female	AGG_5T8	Short-cycle tertiary (ISCED 5) or higher	SEX__EDUCATION_LEV	F__AGG_5T8	Female, short-cycle tertiary (isced 5) or higher	101.9901968	20.27482773	1.0	4	Country or Area	Eastern and South-Eastern Asia	[1971, 1972, 1973, 1974, 1975, 1980, 1981, 1982, 1983, 1985, 1986, 1990, 1993, 1994, 1995, 1996, 1997, 1999, 2000, 2001, 2002, 2003, 2004, 2005, 2006, 2007, 2008, 2009, 2010, 2011, 2012, 2013, 2014, 2015, 2016]	1971	2016	35	2	7
II.7	a00b1ab7	Proportion of females among tertiary education teachers or professors	a00b1ab7	Proportion of females among tertiary education teachers or professors	458	Malaysia	F	Female	AGG_5T8	Short-cycle tertiary (ISCED 5) or higher	SEX__EDUCATION_LEV	F__AGG_5T8	Female, short-cycle tertiary (isced 5) or higher	116.8346314	5.452415309	1.0	4	Country or Area	Eastern and South-Eastern Asia	[1979, 1980, 1984, 1985, 2014, 2015, 2016]	1979	2016	7	2	3
II.7	a00b1ab7	Proportion of females among tertiary education teachers or professors	a00b1ab7	Proportion of females among tertiary education teachers or professors	496	Mongolia	F	Female	AGG_5T8	Short-cycle tertiary (ISCED 5) or higher	SEX__EDUCATION_LEV	F__AGG_5T8	Female, short-cycle tertiary (isced 5) or higher	103.0728057	46.83892054	1.0	4	Country or Area	Eastern and South-Eastern Asia	[1996, 1997, 2000, 2001, 2002, 2003, 2004, 2005, 2006, 2007, 2008, 2009, 2010, 2011, 2012, 2013, 2014, 2015, 2016]	1996	2016	19	2	7
II.7	a00b1ab7	Proportion of females among tertiary education teachers or professors	a00b1ab7	Proportion of females among tertiary education teachers or professors	104	Myanmar	F	Female	AGG_5T8	Short-cycle tertiary (ISCED 5) or higher	SEX__EDUCATION_LEV	F__AGG_5T8	Female, short-cycle tertiary (isced 5) or higher	96.51752295	21.19332882	1.0	4	Country or Area	Eastern and South-Eastern Asia	[1998, 2001, 2007, 2011, 2012, 2017]	1998	2017	6	1	3
II.7	a00b1ab7	Proportion of females among tertiary education teachers or professors	a00b1ab7	Proportion of females among tertiary education teachers or professors	608	Philippines	F	Female	AGG_5T8	Short-cycle tertiary (ISCED 5) or higher	SEX__EDUCATION_LEV	F__AGG_5T8	Female, short-cycle tertiary (isced 5) or higher	120.8601418	14.16591706	1.0	4	Country or Area	Eastern and South-Eastern Asia	[1971, 1973, 1979, 1980, 1981, 1990, 1995, 2001, 2002, 2003, 2004, 2005, 2017]	1971	2017	13	1	1
II.7	a00b1ab7	Proportion of females among tertiary education teachers or professors	a00b1ab7	Proportion of females among tertiary education teachers or professors	410	Republic of Korea	F	Female	AGG_5T8	Short-cycle tertiary (ISCED 5) or higher	SEX__EDUCATION_LEV	F__AGG_5T8	Female, short-cycle tertiary (isced 5) or higher	127.8610254	36.45201023	1.0	4	Country or Area	Eastern and South-Eastern Asia	[1971, 1972, 1973, 1974, 1975, 1976, 1977, 1978, 1979, 1980, 1981, 1982, 1983, 1984, 1985, 1986, 1987, 1988, 1989, 1990, 1991, 1992, 1993, 1994, 1995, 1996, 1997, 1998, 1999, 2000, 2001, 2002, 2003, 2004, 2005, 2006, 2007, 2008, 2009, 2010, 2011, 2012, 2013, 2014, 2015, 2016]	1971	2016	46	2	7
II.7	a00b1ab7	Proportion of females among tertiary education teachers or professors	a00b1ab7	Proportion of females among tertiary education teachers or professors	702	Singapore	F	Female	AGG_5T8	Short-cycle tertiary (ISCED 5) or higher	SEX__EDUCATION_LEV	F__AGG_5T8	Female, short-cycle tertiary (isced 5) or higher	103.8107883	1.361009155	1.0	4	Country or Area	Eastern and South-Eastern Asia	[1970, 1971, 1972, 1973, 1974, 1975, 1976, 1977, 1978, 1979, 1980, 1981, 1982, 1983, 1994, 1995, 2008, 2009, 2010, 2011, 2012, 2013]	1970	2013	22	0	4
II.7	a00b1ab7	Proportion of females among tertiary education teachers or professors	a00b1ab7	Proportion of females among tertiary education teachers or professors	764	Thailand	F	Female	AGG_5T8	Short-cycle tertiary (ISCED 5) or higher	SEX__EDUCATION_LEV	F__AGG_5T8	Female, short-cycle tertiary (isced 5) or higher	101.0202951	15.13089239	1.0	4	Country or Area	Eastern and South-Eastern Asia	[1971, 1972, 1973, 1974, 1975, 1976, 1977, 1978, 1993, 1999, 2000, 2002, 2003, 2006, 2008, 2011, 2014, 2015]	1971	2015	18	1	3
II.7	a00b1ab7	Proportion of females among tertiary education teachers or professors	a00b1ab7	Proportion of females among tertiary education teachers or professors	626	Timor-Leste	F	Female	AGG_5T8	Short-cycle tertiary (ISCED 5) or higher	SEX__EDUCATION_LEV	F__AGG_5T8	Female, short-cycle tertiary (isced 5) or higher	125.9451052	-8.797497247	1.0	4	Country or Area	Eastern and South-Eastern Asia	[2002, 2009]	2002	2009	2	0	0
II.7	a00b1ab7	Proportion of females among tertiary education teachers or professors	a00b1ab7	Proportion of females among tertiary education teachers or professors	704	Viet Nam	F	Female	AGG_5T8	Short-cycle tertiary (ISCED 5) or higher	SEX__EDUCATION_LEV	F__AGG_5T8	Female, short-cycle tertiary (isced 5) or higher	105.802499	10.09643079	1.0	4	Country or Area	Eastern and South-Eastern Asia	[1976, 1977, 1978, 1979, 1980, 1981, 1995, 1997, 1999, 2000, 2001, 2002, 2003, 2005, 2006, 2007, 2008, 2009, 2010, 2011, 2012, 2013, 2014, 2015, 2016]	1976	2016	25	2	7
II.7	a00b1ab7	Proportion of females among tertiary education teachers or professors	a00b1ab7	Proportion of females among tertiary education teachers or professors	8	Albania	F	Female	AGG_5T8	Short-cycle tertiary (ISCED 5) or higher	SEX__EDUCATION_LEV	F__AGG_5T8	Female, short-cycle tertiary (isced 5) or higher	20.06660928	41.13897007	1.0	4	Country or Area	Europe and Northern America	[1971, 1978, 1981, 1983, 1984, 1985, 1986, 1987, 1988, 1989, 1991, 1992, 1993, 1994, 1995, 1996, 1998, 1999, 2000, 2011, 2013, 2014, 2016]	1971	2016	23	1	4
II.7	a00b1ab7	Proportion of females among tertiary education teachers or professors	a00b1ab7	Proportion of females among tertiary education teachers or professors	20	Andorra	F	Female	AGG_5T8	Short-cycle tertiary (ISCED 5) or higher	SEX__EDUCATION_LEV	F__AGG_5T8	Female, short-cycle tertiary (isced 5) or higher	1.576257417	42.54548611	1.0	4	Country or Area	Europe and Northern America	[2002, 2003, 2004, 2006, 2008, 2009, 2012, 2013, 2014, 2015, 2016]	2002	2016	11	2	5
II.7	a00b1ab7	Proportion of females among tertiary education teachers or professors	a00b1ab7	Proportion of females among tertiary education teachers or professors	40	Austria	F	Female	AGG_5T8	Short-cycle tertiary (ISCED 5) or higher	SEX__EDUCATION_LEV	F__AGG_5T8	Female, short-cycle tertiary (isced 5) or higher	14.14172472	47.58704857	1.0	4	Country or Area	Europe and Northern America	[1971, 1972, 1973, 1974, 1975, 1981, 1985, 1994, 1995, 1996, 1997, 2007, 2008, 2009, 2010, 2012, 2013, 2014, 2015, 2016]	1971	2016	20	2	6
II.7	a00b1ab7	Proportion of females among tertiary education teachers or professors	a00b1ab7	Proportion of females among tertiary education teachers or professors	112	Belarus	F	Female	AGG_5T8	Short-cycle tertiary (ISCED 5) or higher	SEX__EDUCATION_LEV	F__AGG_5T8	Female, short-cycle tertiary (isced 5) or higher	28.04940161	53.54193075	1.0	4	Country or Area	Europe and Northern America	[1999, 2000, 2001, 2002, 2003, 2004, 2005, 2006, 2007, 2008, 2009, 2010, 2011, 2012, 2013, 2014, 2015, 2016]	1999	2016	18	2	7
II.7	a00b1ab7	Proportion of females among tertiary education teachers or professors	a00b1ab7	Proportion of females among tertiary education teachers or professors	56	Belgium	F	Female	AGG_5T8	Short-cycle tertiary (ISCED 5) or higher	SEX__EDUCATION_LEV	F__AGG_5T8	Female, short-cycle tertiary (isced 5) or higher	4.660976456	50.64104975	1.0	4	Country or Area	Europe and Northern America	[1987, 1989, 1990, 1991, 1993, 1994, 2000, 2001, 2002, 2003, 2004, 2005, 2006, 2007, 2008, 2009, 2010, 2011, 2012, 2013, 2014, 2015]	1987	2015	22	1	6
II.7	a00b1ab7	Proportion of females among tertiary education teachers or professors	a00b1ab7	Proportion of females among tertiary education teachers or professors	60	Bermuda	F	Female	AGG_5T8	Short-cycle tertiary (ISCED 5) or higher	SEX__EDUCATION_LEV	F__AGG_5T8	Female, short-cycle tertiary (isced 5) or higher	-64.78155012	32.27881922		4	Country or Area	Europe and Northern America	[1981, 2001, 2002, 2005, 2007, 2009, 2010, 2011, 2012, 2014, 2015, 2017]	1981	2017	12	2	6
II.7	a00b1ab7	Proportion of females among tertiary education teachers or professors	a00b1ab7	Proportion of females among tertiary education teachers or professors	70	Bosnia and Herzegovina	F	Female	AGG_5T8	Short-cycle tertiary (ISCED 5) or higher	SEX__EDUCATION_LEV	F__AGG_5T8	Female, short-cycle tertiary (isced 5) or higher	17.78584332	44.16845548	1.0	4	Country or Area	Europe and Northern America	[2008, 2009, 2010, 2011, 2012, 2013, 2014, 2015, 2016]	2008	2016	9	2	7
II.7	a00b1ab7	Proportion of females among tertiary education teachers or professors	a00b1ab7	Proportion of females among tertiary education teachers or professors	100	Bulgaria	F	Female	AGG_5T8	Short-cycle tertiary (ISCED 5) or higher	SEX__EDUCATION_LEV	F__AGG_5T8	Female, short-cycle tertiary (isced 5) or higher	25.23763153	42.75731323	1.0	4	Country or Area	Europe and Northern America	[1971, 1972, 1973, 1974, 1975, 1976, 1977, 1978, 1979, 1980, 1981, 1982, 1983, 1984, 1985, 1986, 1987, 1988, 1989, 1990, 1991, 1992, 1993, 1994, 1995, 1996, 1997, 2000, 2001, 2002, 2003, 2004, 2005, 2006, 2007, 2008, 2009, 2010, 2011, 2012, 2013, 2014, 2016]	1971	2016	43	1	6
II.7	a00b1ab7	Proportion of females among tertiary education teachers or professors	a00b1ab7	Proportion of females among tertiary education teachers or professors	124	Canada	F	Female	AGG_5T8	Short-cycle tertiary (ISCED 5) or higher	SEX__EDUCATION_LEV	F__AGG_5T8	Female, short-cycle tertiary (isced 5) or higher	-101.6575058	57.72360191	1.0	4	Country or Area	Europe and Northern America	[1993, 1994, 1995, 2000]	1993	2000	4	0	0
II.7	a00b1ab7	Proportion of females among tertiary education teachers or professors	a00b1ab7	Proportion of females among tertiary education teachers or professors	191	Croatia	F	Female	AGG_5T8	Short-cycle tertiary (ISCED 5) or higher	SEX__EDUCATION_LEV	F__AGG_5T8	Female, short-cycle tertiary (isced 5) or higher	17.95874553	45.45172212	1.0	4	Country or Area	Europe and Northern America	[1993, 1994, 1995, 1996, 1997, 2007, 2008, 2009, 2010, 2011, 2012, 2014, 2015]	1993	2015	13	1	5
II.7	a00b1ab7	Proportion of females among tertiary education teachers or professors	a00b1ab7	Proportion of females among tertiary education teachers or professors	208	Denmark	F	Female	AGG_5T8	Short-cycle tertiary (ISCED 5) or higher	SEX__EDUCATION_LEV	F__AGG_5T8	Female, short-cycle tertiary (isced 5) or higher	9.326571283	56.03829721	1.0	4	Country or Area	Europe and Northern America	[1993, 1994, 1995, 2014, 2015]	1993	2015	5	1	2
II.7	a00b1ab7	Proportion of females among tertiary education teachers or professors	a00b1ab7	Proportion of females among tertiary education teachers or professors	233	Estonia	F	Female	AGG_5T8	Short-cycle tertiary (ISCED 5) or higher	SEX__EDUCATION_LEV	F__AGG_5T8	Female, short-cycle tertiary (isced 5) or higher	25.84093481	58.68487172	1.0	4	Country or Area	Europe and Northern America	[1996, 1997, 1999, 2000, 2001, 2004, 2005, 2006]	1996	2006	8	0	0
II.7	a00b1ab7	Proportion of females among tertiary education teachers or professors	a00b1ab7	Proportion of females among tertiary education teachers or professors	246	Finland	F	Female	AGG_5T8	Short-cycle tertiary (ISCED 5) or higher	SEX__EDUCATION_LEV	F__AGG_5T8	Female, short-cycle tertiary (isced 5) or higher	23.308447	61.91586738	1.0	4	Country or Area	Europe and Northern America	[1971, 1972, 1973, 1974, 1999, 2001, 2002, 2003, 2004, 2005, 2008, 2009, 2010, 2011, 2012, 2013, 2014, 2016]	1971	2016	18	1	6
II.7	a00b1ab7	Proportion of females among tertiary education teachers or professors	a00b1ab7	Proportion of females among tertiary education teachers or professors	250	France	F	Female	AGG_5T8	Short-cycle tertiary (ISCED 5) or higher	SEX__EDUCATION_LEV	F__AGG_5T8	Female, short-cycle tertiary (isced 5) or higher	2.457288129	46.62660861	1.0	4	Country or Area	Europe and Northern America	[1993, 1994, 1995, 1996, 1997, 1999, 2001, 2002, 2003, 2004, 2012, 2013]	1993	2013	12	0	2
II.7	a00b1ab7	Proportion of females among tertiary education teachers or professors	a00b1ab7	Proportion of females among tertiary education teachers or professors	276	Germany	F	Female	AGG_5T8	Short-cycle tertiary (ISCED 5) or higher	SEX__EDUCATION_LEV	F__AGG_5T8	Female, short-cycle tertiary (isced 5) or higher	10.3806066	51.08862743	1.0	4	Country or Area	Europe and Northern America	[1993, 1994, 1995, 1996, 1997, 1999, 2000, 2001, 2002, 2013, 2014, 2015, 2016]	1993	2016	13	2	4
II.7	a00b1ab7	Proportion of females among tertiary education teachers or professors	a00b1ab7	Proportion of females among tertiary education teachers or professors	300	Greece	F	Female	AGG_5T8	Short-cycle tertiary (ISCED 5) or higher	SEX__EDUCATION_LEV	F__AGG_5T8	Female, short-cycle tertiary (isced 5) or higher	22.58307827	39.47301873	1.0	4	Country or Area	Europe and Northern America	[1976, 1980, 1981, 1982, 1983, 1984, 1985, 1986, 1987, 1988, 1989, 1990, 1991, 1992, 1993, 1994, 1995, 1996, 1997, 1998, 1999, 2003, 2004, 2005, 2006, 2007, 2013, 2014]	1976	2014	28	0	2
II.7	a00b1ab7	Proportion of females among tertiary education teachers or professors	a00b1ab7	Proportion of females among tertiary education teachers or professors	348	Hungary	F	Female	AGG_5T8	Short-cycle tertiary (ISCED 5) or higher	SEX__EDUCATION_LEV	F__AGG_5T8	Female, short-cycle tertiary (isced 5) or higher	19.41221519	47.1651448	1.0	4	Country or Area	Europe and Northern America	[1971, 1972, 1973, 1974, 1975, 1976, 1977, 1978, 1979, 1980, 1981, 1982, 1983, 1984, 1985, 1986, 1987, 1988, 1989, 1990, 1991, 1992, 1993, 1994, 1996, 1997, 1999, 2000, 2001, 2002, 2003, 2004, 2005, 2006, 2007, 2008, 2009, 2010, 2011, 2012, 2013, 2014, 2015, 2016]	1971	2016	44	2	7
II.7	a00b1ab7	Proportion of females among tertiary education teachers or professors	a00b1ab7	Proportion of females among tertiary education teachers or professors	352	Iceland	F	Female	AGG_5T8	Short-cycle tertiary (ISCED 5) or higher	SEX__EDUCATION_LEV	F__AGG_5T8	Female, short-cycle tertiary (isced 5) or higher	-19.02116966	64.79134763	1.0	4	Country or Area	Europe and Northern America	[1971, 1972, 1973, 1974, 1975, 1976, 1998, 1999, 2000, 2001, 2002, 2003, 2004, 2005, 2006, 2007, 2008, 2009, 2010, 2011, 2012]	1971	2012	21	0	3
II.7	a00b1ab7	Proportion of females among tertiary education teachers or professors	a00b1ab7	Proportion of females among tertiary education teachers or professors	372	Ireland	F	Female	AGG_5T8	Short-cycle tertiary (ISCED 5) or higher	SEX__EDUCATION_LEV	F__AGG_5T8	Female, short-cycle tertiary (isced 5) or higher	-7.121425272	53.25274054	1.0	4	Country or Area	Europe and Northern America	[1974, 1994, 1995, 1996, 1997, 1998, 1999, 2000, 2001, 2002, 2003, 2004, 2005, 2006, 2007, 2008, 2009]	1974	2009	17	0	0
II.7	a00b1ab7	Proportion of females among tertiary education teachers or professors	a00b1ab7	Proportion of females among tertiary education teachers or professors	380	Italy	F	Female	AGG_5T8	Short-cycle tertiary (ISCED 5) or higher	SEX__EDUCATION_LEV	F__AGG_5T8	Female, short-cycle tertiary (isced 5) or higher	12.57022427	42.79917282	1.0	4	Country or Area	Europe and Northern America	[1995, 1996, 1999, 2000, 2001, 2002, 2003, 2004, 2005, 2006, 2007, 2008, 2009, 2010, 2011, 2012, 2013, 2014, 2015]	1995	2015	19	1	6
II.7	a00b1ab7	Proportion of females among tertiary education teachers or professors	a00b1ab7	Proportion of females among tertiary education teachers or professors	428	Latvia	F	Female	AGG_5T8	Short-cycle tertiary (ISCED 5) or higher	SEX__EDUCATION_LEV	F__AGG_5T8	Female, short-cycle tertiary (isced 5) or higher	26.42461876	56.64196636	1.0	4	Country or Area	Europe and Northern America	[1995, 1996, 1997, 1999, 2000, 2001, 2002, 2003, 2004, 2005, 2006, 2007, 2008, 2009, 2010, 2011, 2012, 2013, 2014, 2015]	1995	2015	20	1	6
II.7	a00b1ab7	Proportion of females among tertiary education teachers or professors	a00b1ab7	Proportion of females among tertiary education teachers or professors	438	Liechtenstein	F	Female	AGG_5T8	Short-cycle tertiary (ISCED 5) or higher	SEX__EDUCATION_LEV	F__AGG_5T8	Female, short-cycle tertiary (isced 5) or higher	9.552985019	47.14167005	1.0	4	Country or Area	Europe and Northern America	[2011, 2012, 2013, 2014, 2015, 2016]	2011	2016	6	2	6
II.7	a00b1ab7	Proportion of females among tertiary education teachers or professors	a00b1ab7	Proportion of females among tertiary education teachers or professors	440	Lithuania	F	Female	AGG_5T8	Short-cycle tertiary (ISCED 5) or higher	SEX__EDUCATION_LEV	F__AGG_5T8	Female, short-cycle tertiary (isced 5) or higher	23.90517807	55.33680309	1.0	4	Country or Area	Europe and Northern America	[1994, 1995, 1996, 1997, 1999, 2000, 2003, 2004, 2005, 2006, 2007, 2008, 2009, 2010, 2011, 2012, 2013, 2014, 2015, 2016]	1994	2016	20	2	7
II.7	a00b1ab7	Proportion of females among tertiary education teachers or professors	a00b1ab7	Proportion of females among tertiary education teachers or professors	442	Luxembourg	F	Female	AGG_5T8	Short-cycle tertiary (ISCED 5) or higher	SEX__EDUCATION_LEV	F__AGG_5T8	Female, short-cycle tertiary (isced 5) or higher	6.092656563	49.77679538	1.0	4	Country or Area	Europe and Northern America	[1973, 1974, 1975, 1976, 1978, 1979, 1986, 2010, 2012, 2015]	1973	2015	10	1	3
II.7	a00b1ab7	Proportion of females among tertiary education teachers or professors	a00b1ab7	Proportion of females among tertiary education teachers or professors	470	Malta	F	Female	AGG_5T8	Short-cycle tertiary (ISCED 5) or higher	SEX__EDUCATION_LEV	F__AGG_5T8	Female, short-cycle tertiary (isced 5) or higher	14.44617519	35.89194275	1.0	4	Country or Area	Europe and Northern America	[1972, 1973, 1974, 1975, 1976, 1977, 1978, 1979, 1980, 1981, 1982, 1983, 1984, 1985, 1986, 1987, 1988, 1989, 1990, 1991, 1992, 1993, 1994, 1995, 1996, 1997, 1998, 1999, 2000, 2001, 2002, 2003, 2004, 2005, 2006, 2007, 2008, 2009, 2010, 2011, 2012, 2013, 2014, 2015, 2016]	1972	2016	45	2	7
II.7	a00b1ab7	Proportion of females among tertiary education teachers or professors	a00b1ab7	Proportion of females among tertiary education teachers or professors	492	Monaco	F	Female	AGG_5T8	Short-cycle tertiary (ISCED 5) or higher	SEX__EDUCATION_LEV	F__AGG_5T8	Female, short-cycle tertiary (isced 5) or higher	7.424214814	43.73532918	1.0	4	Country or Area	Europe and Northern America	[1970, 1971, 1972, 1973, 1974, 1975, 1976, 1977, 1978, 1979, 1980, 1981, 1982, 1983, 1984, 1985, 1986, 1987, 1988, 1989, 1990, 1991, 1992, 1993, 1994, 1995, 1996, 1997, 2016]	1970	2016	29	1	1
II.7	a00b1ab7	Proportion of females among tertiary education teachers or professors	a00b1ab7	Proportion of females among tertiary education teachers or professors	499	Montenegro	F	Female	AGG_5T8	Short-cycle tertiary (ISCED 5) or higher	SEX__EDUCATION_LEV	F__AGG_5T8	Female, short-cycle tertiary (isced 5) or higher	19.25214024	42.78717043	1.0	4	Country or Area	Europe and Northern America	[2016]	2016	2016	1	1	1
II.7	a00b1ab7	Proportion of females among tertiary education teachers or professors	a00b1ab7	Proportion of females among tertiary education teachers or professors	528	Netherlands	F	Female	AGG_5T8	Short-cycle tertiary (ISCED 5) or higher	SEX__EDUCATION_LEV	F__AGG_5T8	Female, short-cycle tertiary (isced 5) or higher	5.331480568	51.86728884	1.0	4	Country or Area	Europe and Northern America	[1992, 1993, 1994, 2000, 2001, 2002, 2003, 2004, 2005, 2006, 2007, 2008, 2009, 2010, 2011, 2012, 2015, 2016]	1992	2016	18	2	5
II.7	a00b1ab7	Proportion of females among tertiary education teachers or professors	a00b1ab7	Proportion of females among tertiary education teachers or professors	578	Norway	F	Female	AGG_5T8	Short-cycle tertiary (ISCED 5) or higher	SEX__EDUCATION_LEV	F__AGG_5T8	Female, short-cycle tertiary (isced 5) or higher	11.47846389	61.34311134	1.0	4	Country or Area	Europe and Northern America	[1971, 1973, 1976, 1977, 1978, 1979, 1980, 1981, 1982, 1985, 1986, 1987, 1988, 1989, 1990, 1991, 1997, 1998, 1999, 2000, 2001, 2012, 2013, 2014, 2015]	1971	2015	25	1	4
II.7	a00b1ab7	Proportion of females among tertiary education teachers or professors	a00b1ab7	Proportion of females among tertiary education teachers or professors	616	Poland	F	Female	AGG_5T8	Short-cycle tertiary (ISCED 5) or higher	SEX__EDUCATION_LEV	F__AGG_5T8	Female, short-cycle tertiary (isced 5) or higher	19.40660158	52.1226733	1.0	4	Country or Area	Europe and Northern America	[2006, 2007, 2008, 2009, 2010, 2011, 2012, 2013, 2014, 2015]	2006	2015	10	1	6
II.7	a00b1ab7	Proportion of females among tertiary education teachers or professors	a00b1ab7	Proportion of females among tertiary education teachers or professors	620	Portugal	F	Female	AGG_5T8	Short-cycle tertiary (ISCED 5) or higher	SEX__EDUCATION_LEV	F__AGG_5T8	Female, short-cycle tertiary (isced 5) or higher	-7.961599811	39.68509315	1.0	4	Country or Area	Europe and Northern America	[1971, 1972, 1973, 1974, 1975, 1976, 1977, 1978, 1979, 1980, 1981, 1982, 1983, 1984, 1985, 1986, 1987, 2002, 2003, 2004, 2005, 2006, 2007, 2008, 2009, 2010, 2011, 2012, 2013, 2015]	1971	2015	30	1	5
II.7	a00b1ab7	Proportion of females among tertiary education teachers or professors	a00b1ab7	Proportion of females among tertiary education teachers or professors	498	Republic of Moldova	F	Female	AGG_5T8	Short-cycle tertiary (ISCED 5) or higher	SEX__EDUCATION_LEV	F__AGG_5T8	Female, short-cycle tertiary (isced 5) or higher	28.4650624	47.20236795	1.0	4	Country or Area	Europe and Northern America	[1995, 1996, 1997, 1999, 2000, 2001, 2002, 2003, 2004, 2005, 2006, 2007, 2008, 2009, 2010, 2011, 2012, 2013, 2014, 2015, 2016]	1995	2016	21	2	7
II.7	a00b1ab7	Proportion of females among tertiary education teachers or professors	a00b1ab7	Proportion of females among tertiary education teachers or professors	642	Romania	F	Female	AGG_5T8	Short-cycle tertiary (ISCED 5) or higher	SEX__EDUCATION_LEV	F__AGG_5T8	Female, short-cycle tertiary (isced 5) or higher	24.98481009	45.83893563	1.0	4	Country or Area	Europe and Northern America	[1971, 1972, 1973, 1974, 1975, 1976, 1977, 1978, 1979, 1980, 1981, 1982, 1983, 1984, 1985, 1986, 1987, 1988, 1989, 1990, 1991, 1992, 1993, 1994, 1995, 1999, 2000, 2001, 2002, 2003, 2004, 2005, 2006, 2007, 2008, 2009, 2010, 2011, 2012, 2013, 2014, 2015, 2016]	1971	2016	43	2	7
II.7	a00b1ab7	Proportion of females among tertiary education teachers or professors	a00b1ab7	Proportion of females among tertiary education teachers or professors	643	Russian Federation	F	Female	AGG_5T8	Short-cycle tertiary (ISCED 5) or higher	SEX__EDUCATION_LEV	F__AGG_5T8	Female, short-cycle tertiary (isced 5) or higher	99.01404926	61.61899849	1.0	4	Country or Area	Europe and Northern America	[2000, 2001, 2002, 2003, 2004, 2005, 2006, 2007, 2008, 2009, 2012, 2013, 2015]	2000	2015	13	1	3
II.7	a00b1ab7	Proportion of females among tertiary education teachers or professors	a00b1ab7	Proportion of females among tertiary education teachers or professors	688	Serbia	F	Female	AGG_5T8	Short-cycle tertiary (ISCED 5) or higher	SEX__EDUCATION_LEV	F__AGG_5T8	Female, short-cycle tertiary (isced 5) or higher	20.805876	44.03145697	1.0	4	Country or Area	Europe and Northern America	[2007, 2009, 2010, 2011, 2012, 2013, 2014, 2015, 2016]	2007	2016	9	2	7
II.7	a00b1ab7	Proportion of females among tertiary education teachers or professors	a00b1ab7	Proportion of females among tertiary education teachers or professors	703	Slovakia	F	Female	AGG_5T8	Short-cycle tertiary (ISCED 5) or higher	SEX__EDUCATION_LEV	F__AGG_5T8	Female, short-cycle tertiary (isced 5) or higher	19.48495604	48.70741446	1.0	4	Country or Area	Europe and Northern America	[1999, 2000, 2001, 2002, 2003, 2004, 2005, 2006, 2007, 2008, 2009, 2010, 2011, 2012, 2013, 2014, 2015]	1999	2015	17	1	6
II.7	a00b1ab7	Proportion of females among tertiary education teachers or professors	a00b1ab7	Proportion of females among tertiary education teachers or professors	705	Slovenia	F	Female	AGG_5T8	Short-cycle tertiary (ISCED 5) or higher	SEX__EDUCATION_LEV	F__AGG_5T8	Female, short-cycle tertiary (isced 5) or higher	14.82209486	46.11958061	1.0	4	Country or Area	Europe and Northern America	[1981, 1982, 1983, 1984, 1985, 1986, 1987, 1988, 1990, 1991, 1992, 1993, 1994, 1995, 1996, 1997, 1999, 2000, 2001, 2002, 2003, 2004, 2005, 2006, 2007, 2008, 2009, 2010, 2011, 2012, 2013, 2014, 2015]	1981	2015	33	1	6
II.7	a00b1ab7	Proportion of females among tertiary education teachers or professors	a00b1ab7	Proportion of females among tertiary education teachers or professors	724	Spain	F	Female	AGG_5T8	Short-cycle tertiary (ISCED 5) or higher	SEX__EDUCATION_LEV	F__AGG_5T8	Female, short-cycle tertiary (isced 5) or higher	-3.554078296	40.39211472	1.0	4	Country or Area	Europe and Northern America	[1973, 1974, 1975, 1976, 1977, 1978, 1979, 1980, 1981, 1982, 1983, 1984, 1985, 1986, 1987, 1988, 1989, 1990, 1991, 1992, 1993, 1994, 1995, 1996, 1999, 2000, 2001, 2002, 2003, 2004, 2005, 2006, 2007, 2008, 2009, 2010, 2011, 2012, 2013, 2014, 2015]	1973	2015	41	1	6
II.7	a00b1ab7	Proportion of females among tertiary education teachers or professors	a00b1ab7	Proportion of females among tertiary education teachers or professors	752	Sweden	F	Female	AGG_5T8	Short-cycle tertiary (ISCED 5) or higher	SEX__EDUCATION_LEV	F__AGG_5T8	Female, short-cycle tertiary (isced 5) or higher	14.3775338	60.60103109	1.0	4	Country or Area	Europe and Northern America	[1993, 1994, 1995, 1997, 1999, 2000, 2001, 2002, 2003, 2004, 2005, 2006, 2007, 2008, 2009, 2010, 2011, 2012, 2013, 2014, 2015]	1993	2015	21	1	6
II.7	a00b1ab7	Proportion of females among tertiary education teachers or professors	a00b1ab7	Proportion of females among tertiary education teachers or professors	756	Switzerland	F	Female	AGG_5T8	Short-cycle tertiary (ISCED 5) or higher	SEX__EDUCATION_LEV	F__AGG_5T8	Female, short-cycle tertiary (isced 5) or higher	8.223158	46.96617097	1.0	4	Country or Area	Europe and Northern America	[1981, 1991, 1996, 1999, 2000, 2001, 2002, 2003, 2004, 2005, 2006, 2007, 2008, 2009, 2010, 2011, 2012, 2014]	1981	2014	18	0	4
II.7	a00b1ab7	Proportion of females among tertiary education teachers or professors	a00b1ab7	Proportion of females among tertiary education teachers or professors	826	United Kingdom of Great Britain and Northern Ireland	F	Female	AGG_5T8	Short-cycle tertiary (ISCED 5) or higher	SEX__EDUCATION_LEV	F__AGG_5T8	Female, short-cycle tertiary (isced 5) or higher	-2.23830539	53.27691757	1.0	4	Country or Area	Europe and Northern America	[1983, 1984, 1986, 1987, 1988, 1989, 1990, 1991, 1992, 1993, 1994, 1995, 1996, 1997, 1999, 2000, 2001, 2002, 2003, 2004, 2005, 2006, 2007, 2008, 2009, 2010, 2011, 2012, 2013, 2014, 2015]	1983	2015	31	1	6
II.7	a00b1ab7	Proportion of females among tertiary education teachers or professors	a00b1ab7	Proportion of females among tertiary education teachers or professors	840	United States of America	F	Female	AGG_5T8	Short-cycle tertiary (ISCED 5) or higher	SEX__EDUCATION_LEV	F__AGG_5T8	Female, short-cycle tertiary (isced 5) or higher	-99.13830311	39.5277871	1.0	4	Country or Area	Europe and Northern America	[1975, 1988, 1990, 1991, 1993, 1994, 1995, 1996, 1999, 2000, 2001, 2002, 2003, 2004, 2005, 2006, 2007, 2008, 2009, 2010, 2011, 2012, 2013, 2014, 2015]	1975	2015	25	1	6
II.7	a00b1ab7	Proportion of females among tertiary education teachers or professors	a00b1ab7	Proportion of females among tertiary education teachers or professors	660	Anguilla	F	Female	AGG_5T8	Short-cycle tertiary (ISCED 5) or higher	SEX__EDUCATION_LEV	F__AGG_5T8	Female, short-cycle tertiary (isced 5) or higher	-63.05651612	18.21525315		4	Country or Area	Latin America and the Caribbean	[1998, 1999, 2000, 2001, 2002, 2003, 2004, 2005, 2006, 2007, 2008]	1998	2008	11	0	0
II.7	a00b1ab7	Proportion of females among tertiary education teachers or professors	a00b1ab7	Proportion of females among tertiary education teachers or professors	28	Antigua and Barbuda	F	Female	AGG_5T8	Short-cycle tertiary (ISCED 5) or higher	SEX__EDUCATION_LEV	F__AGG_5T8	Female, short-cycle tertiary (isced 5) or higher	-61.7999755	17.07761471	1.0	4	Country or Area	Latin America and the Caribbean	[2009, 2010, 2011, 2012]	2009	2012	4	0	3
II.7	a00b1ab7	Proportion of females among tertiary education teachers or professors	a00b1ab7	Proportion of females among tertiary education teachers or professors	32	Argentina	F	Female	AGG_5T8	Short-cycle tertiary (ISCED 5) or higher	SEX__EDUCATION_LEV	F__AGG_5T8	Female, short-cycle tertiary (isced 5) or higher	-65.14563274	-35.19446255	1.0	4	Country or Area	Latin America and the Caribbean	[1970, 1971, 1972, 1973, 1974, 1975, 1976, 1977, 1978, 1979, 1980, 1981, 1982, 1983, 1984, 1985, 1986, 1987, 1998, 1999, 2000, 2001, 2002, 2004, 2006, 2009]	1970	2009	26	0	0
II.7	a00b1ab7	Proportion of females among tertiary education teachers or professors	a00b1ab7	Proportion of females among tertiary education teachers or professors	533	Aruba	F	Female	AGG_5T8	Short-cycle tertiary (ISCED 5) or higher	SEX__EDUCATION_LEV	F__AGG_5T8	Female, short-cycle tertiary (isced 5) or higher	-69.97050586	12.50878756		4	Country or Area	Latin America and the Caribbean	[1999, 2000, 2001, 2002, 2003, 2004, 2005, 2006, 2007, 2008, 2009, 2010, 2011, 2012, 2013, 2014, 2015]	1999	2015	17	1	6
II.7	a00b1ab7	Proportion of females among tertiary education teachers or professors	a00b1ab7	Proportion of females among tertiary education teachers or professors	44	Bahamas	F	Female	AGG_5T8	Short-cycle tertiary (ISCED 5) or higher	SEX__EDUCATION_LEV	F__AGG_5T8	Female, short-cycle tertiary (isced 5) or higher	-78.05111663	24.69546597	1.0	4	Country or Area	Latin America and the Caribbean	[1988, 1995]	1988	1995	2	0	0
II.7	a00b1ab7	Proportion of females among tertiary education teachers or professors	a00b1ab7	Proportion of females among tertiary education teachers or professors	52	Barbados	F	Female	AGG_5T8	Short-cycle tertiary (ISCED 5) or higher	SEX__EDUCATION_LEV	F__AGG_5T8	Female, short-cycle tertiary (isced 5) or higher	-59.5346489	13.13648273	1.0	4	Country or Area	Latin America and the Caribbean	[1981, 1984, 1999, 2000, 2001, 2007]	1981	2007	6	0	0
II.7	a00b1ab7	Proportion of females among tertiary education teachers or professors	a00b1ab7	Proportion of females among tertiary education teachers or professors	84	Belize	F	Female	AGG_5T8	Short-cycle tertiary (ISCED 5) or higher	SEX__EDUCATION_LEV	F__AGG_5T8	Female, short-cycle tertiary (isced 5) or higher	-88.70199554	17.19965901	1.0	4	Country or Area	Latin America and the Caribbean	[1971, 1972, 1974, 1975, 2011, 2012, 2013, 2014, 2015, 2016]	1971	2016	10	2	6
II.7	a00b1ab7	Proportion of females among tertiary education teachers or professors	a00b1ab7	Proportion of females among tertiary education teachers or professors	76	Brazil	F	Female	AGG_5T8	Short-cycle tertiary (ISCED 5) or higher	SEX__EDUCATION_LEV	F__AGG_5T8	Female, short-cycle tertiary (isced 5) or higher	-53.08432878	-10.77668561	1.0	4	Country or Area	Latin America and the Caribbean	[1970, 1971, 1972, 1973, 1974, 1979, 1980, 1983, 1988, 1989, 1990, 1991, 1992, 1993, 1994, 1998, 1999, 2000, 2001, 2002, 2003, 2004, 2005, 2007, 2008, 2009, 2010, 2011, 2012, 2013, 2014, 2015]	1970	2015	32	1	6
II.7	a00b1ab7	Proportion of females among tertiary education teachers or professors	a00b1ab7	Proportion of females among tertiary education teachers or professors	92	British Virgin Islands	F	Female	AGG_5T8	Short-cycle tertiary (ISCED 5) or higher	SEX__EDUCATION_LEV	F__AGG_5T8	Female, short-cycle tertiary (isced 5) or higher	-64.63294223	18.42256578		4	Country or Area	Latin America and the Caribbean	[1999, 2002, 2004, 2009, 2015]	1999	2015	5	1	1
II.7	a00b1ab7	Proportion of females among tertiary education teachers or professors	a00b1ab7	Proportion of females among tertiary education teachers or professors	136	Cayman Islands	F	Female	AGG_5T8	Short-cycle tertiary (ISCED 5) or higher	SEX__EDUCATION_LEV	F__AGG_5T8	Female, short-cycle tertiary (isced 5) or higher	-81.16740559	19.32266656		4	Country or Area	Latin America and the Caribbean	[1999, 2000, 2001, 2006, 2007, 2008]	1999	2008	6	0	0
II.7	a00b1ab7	Proportion of females among tertiary education teachers or professors	a00b1ab7	Proportion of females among tertiary education teachers or professors	152	Chile	F	Female	AGG_5T8	Short-cycle tertiary (ISCED 5) or higher	SEX__EDUCATION_LEV	F__AGG_5T8	Female, short-cycle tertiary (isced 5) or higher	-71.23029019	-35.2652885	1.0	4	Country or Area	Latin America and the Caribbean	[1983, 1984, 2007, 2008, 2009, 2010, 2011, 2012, 2013]	1983	2013	9	0	4
II.7	a00b1ab7	Proportion of females among tertiary education teachers or professors	a00b1ab7	Proportion of females among tertiary education teachers or professors	170	Colombia	F	Female	AGG_5T8	Short-cycle tertiary (ISCED 5) or higher	SEX__EDUCATION_LEV	F__AGG_5T8	Female, short-cycle tertiary (isced 5) or higher	-73.07446751	3.888209046	1.0	4	Country or Area	Latin America and the Caribbean	[1975, 1977, 1978, 1979, 1980, 1981, 1982, 1984, 1985, 1986, 1987, 1988, 1989, 1990, 1991, 1992, 1994, 1997, 1999, 2000, 2001, 2002, 2004, 2005, 2006, 2007, 2009, 2013, 2014, 2015, 2016]	1975	2016	31	2	4
II.7	a00b1ab7	Proportion of females among tertiary education teachers or professors	a00b1ab7	Proportion of females among tertiary education teachers or professors	188	Costa Rica	F	Female	AGG_5T8	Short-cycle tertiary (ISCED 5) or higher	SEX__EDUCATION_LEV	F__AGG_5T8	Female, short-cycle tertiary (isced 5) or higher	-84.19712782	9.970998683	1.0	4	Country or Area	Latin America and the Caribbean	[1986]	1986	1986	1	0	0
II.7	a00b1ab7	Proportion of females among tertiary education teachers or professors	a00b1ab7	Proportion of females among tertiary education teachers or professors	192	Cuba	F	Female	AGG_5T8	Short-cycle tertiary (ISCED 5) or higher	SEX__EDUCATION_LEV	F__AGG_5T8	Female, short-cycle tertiary (isced 5) or higher	-79.54460144	22.10030366	1.0	4	Country or Area	Latin America and the Caribbean	[1982, 1983, 1984, 1985, 1986, 1987, 1988, 1989, 1990, 1991, 1992, 1993, 1995, 1996, 1997, 1998, 1999, 2000, 2001, 2002, 2003, 2004, 2005, 2006, 2007, 2008, 2009, 2010, 2011, 2012, 2014, 2015, 2016]	1982	2016	33	2	6
II.7	a00b1ab7	Proportion of females among tertiary education teachers or professors	a00b1ab7	Proportion of females among tertiary education teachers or professors	212	Dominica	F	Female	AGG_5T8	Short-cycle tertiary (ISCED 5) or higher	SEX__EDUCATION_LEV	F__AGG_5T8	Female, short-cycle tertiary (isced 5) or higher	-61.3493756	15.43391378	1.0	4	Country or Area	Latin America and the Caribbean	[1981, 1984, 1989, 1991, 1992, 1993]	1981	1993	6	0	0
II.7	a00b1ab7	Proportion of females among tertiary education teachers or professors	a00b1ab7	Proportion of females among tertiary education teachers or professors	214	Dominican Republic	F	Female	AGG_5T8	Short-cycle tertiary (ISCED 5) or higher	SEX__EDUCATION_LEV	F__AGG_5T8	Female, short-cycle tertiary (isced 5) or higher	-70.49847576	18.89832088	1.0	4	Country or Area	Latin America and the Caribbean	[1997, 2003, 2012, 2014, 2015, 2016]	1997	2016	6	2	4
II.7	a00b1ab7	Proportion of females among tertiary education teachers or professors	a00b1ab7	Proportion of females among tertiary education teachers or professors	218	Ecuador	F	Female	AGG_5T8	Short-cycle tertiary (ISCED 5) or higher	SEX__EDUCATION_LEV	F__AGG_5T8	Female, short-cycle tertiary (isced 5) or higher	-78.37005241	-1.447785891	1.0	4	Country or Area	Latin America and the Caribbean	[1997, 2007, 2008, 2012, 2014, 2015]	1997	2015	6	1	3
II.7	a00b1ab7	Proportion of females among tertiary education teachers or professors	a00b1ab7	Proportion of females among tertiary education teachers or professors	222	El Salvador	F	Female	AGG_5T8	Short-cycle tertiary (ISCED 5) or higher	SEX__EDUCATION_LEV	F__AGG_5T8	Female, short-cycle tertiary (isced 5) or higher	-88.86862995	13.73603564	1.0	4	Country or Area	Latin America and the Caribbean	[1970, 1973, 1974, 1975, 1978, 1983, 1984, 1985, 1986, 1990, 1994, 1995, 1996, 1999, 2000, 2001, 2002, 2003, 2004, 2005, 2006, 2007, 2008, 2009, 2010, 2011, 2012, 2013, 2014, 2015, 2016]	1970	2016	31	2	7
II.7	a00b1ab7	Proportion of females among tertiary education teachers or professors	a00b1ab7	Proportion of females among tertiary education teachers or professors	308	Grenada	F	Female	AGG_5T8	Short-cycle tertiary (ISCED 5) or higher	SEX__EDUCATION_LEV	F__AGG_5T8	Female, short-cycle tertiary (isced 5) or higher	-61.68248568	12.11238395	1.0	4	Country or Area	Latin America and the Caribbean	[1979, 1980, 1982, 1983, 1984, 2015, 2016]	1979	2016	7	2	2
II.7	a00b1ab7	Proportion of females among tertiary education teachers or professors	a00b1ab7	Proportion of females among tertiary education teachers or professors	328	Guyana	F	Female	AGG_5T8	Short-cycle tertiary (ISCED 5) or higher	SEX__EDUCATION_LEV	F__AGG_5T8	Female, short-cycle tertiary (isced 5) or higher	-58.97322037	4.788012784	1.0	4	Country or Area	Latin America and the Caribbean	[1972, 1973, 1979, 1981, 1983, 1984, 1985, 1986, 1988, 1995, 1996, 2004, 2005, 2006, 2007, 2008, 2009, 2010, 2011, 2012]	1972	2012	20	0	3
II.7	a00b1ab7	Proportion of females among tertiary education teachers or professors	a00b1ab7	Proportion of females among tertiary education teachers or professors	332	Haiti	F	Female	AGG_5T8	Short-cycle tertiary (ISCED 5) or higher	SEX__EDUCATION_LEV	F__AGG_5T8	Female, short-cycle tertiary (isced 5) or higher	-72.33640958	18.40426539	1.0	4	Country or Area	Latin America and the Caribbean	[1976, 1977, 1978, 1979, 1981, 1983, 1986]	1976	1986	7	0	0
II.7	a00b1ab7	Proportion of females among tertiary education teachers or professors	a00b1ab7	Proportion of females among tertiary education teachers or professors	340	Honduras	F	Female	AGG_5T8	Short-cycle tertiary (ISCED 5) or higher	SEX__EDUCATION_LEV	F__AGG_5T8	Female, short-cycle tertiary (isced 5) or higher	-86.59974381	14.82243161	1.0	4	Country or Area	Latin America and the Caribbean	[1977, 1981, 1985, 1989, 1994, 2000, 2003, 2004, 2010, 2012, 2013, 2014, 2015]	1977	2015	13	1	5
II.7	a00b1ab7	Proportion of females among tertiary education teachers or professors	a00b1ab7	Proportion of females among tertiary education teachers or professors	388	Jamaica	F	Female	AGG_5T8	Short-cycle tertiary (ISCED 5) or higher	SEX__EDUCATION_LEV	F__AGG_5T8	Female, short-cycle tertiary (isced 5) or higher	-77.31068409	18.15616857	1.0	4	Country or Area	Latin America and the Caribbean	[2001, 2002]	2001	2002	2	0	0
II.7	a00b1ab7	Proportion of females among tertiary education teachers or professors	a00b1ab7	Proportion of females among tertiary education teachers or professors	558	Nicaragua	F	Female	AGG_5T8	Short-cycle tertiary (ISCED 5) or higher	SEX__EDUCATION_LEV	F__AGG_5T8	Female, short-cycle tertiary (isced 5) or higher	-85.03060315	12.84210839	1.0	4	Country or Area	Latin America and the Caribbean	[1983, 1984, 1991, 1992, 1995, 1997, 2002]	1983	2002	7	0	0
II.7	a00b1ab7	Proportion of females among tertiary education teachers or professors	a00b1ab7	Proportion of females among tertiary education teachers or professors	591	Panama	F	Female	AGG_5T8	Short-cycle tertiary (ISCED 5) or higher	SEX__EDUCATION_LEV	F__AGG_5T8	Female, short-cycle tertiary (isced 5) or higher	-81.26616623	8.450965746	1.0	4	Country or Area	Latin America and the Caribbean	[1970, 1981, 1986, 1994, 2001, 2002, 2003, 2004, 2005, 2006, 2007, 2008, 2009, 2010, 2011, 2012, 2014, 2015]	1970	2015	18	1	5
II.7	a00b1ab7	Proportion of females among tertiary education teachers or professors	a00b1ab7	Proportion of females among tertiary education teachers or professors	604	Peru	F	Female	AGG_5T8	Short-cycle tertiary (ISCED 5) or higher	SEX__EDUCATION_LEV	F__AGG_5T8	Female, short-cycle tertiary (isced 5) or higher	-71.82093277	-13.58939705	1.0	4	Country or Area	Latin America and the Caribbean	[1970, 1971, 1972, 1973, 1974, 1975, 1976]	1970	1976	7	0	0
II.7	a00b1ab7	Proportion of females among tertiary education teachers or professors	a00b1ab7	Proportion of females among tertiary education teachers or professors	630	Puerto Rico	F	Female	AGG_5T8	Short-cycle tertiary (ISCED 5) or higher	SEX__EDUCATION_LEV	F__AGG_5T8	Female, short-cycle tertiary (isced 5) or higher	-66.47591017	18.22753799		4	Country or Area	Latin America and the Caribbean	[2013, 2014, 2015]	2013	2015	3	1	3
II.7	a00b1ab7	Proportion of females among tertiary education teachers or professors	a00b1ab7	Proportion of females among tertiary education teachers or professors	659	Saint Kitts and Nevis	F	Female	AGG_5T8	Short-cycle tertiary (ISCED 5) or higher	SEX__EDUCATION_LEV	F__AGG_5T8	Female, short-cycle tertiary (isced 5) or higher	-62.76628613	17.33994219	1.0	4	Country or Area	Latin America and the Caribbean	[1979, 1980, 1984, 1985, 1986, 1987, 1988, 1992, 1993, 2015]	1979	2015	10	1	1
II.7	a00b1ab7	Proportion of females among tertiary education teachers or professors	a00b1ab7	Proportion of females among tertiary education teachers or professors	662	Saint Lucia	F	Female	AGG_5T8	Short-cycle tertiary (ISCED 5) or higher	SEX__EDUCATION_LEV	F__AGG_5T8	Female, short-cycle tertiary (isced 5) or higher	-60.96529553	13.89405601	1.0	4	Country or Area	Latin America and the Caribbean	[1979, 1982, 1983, 1984, 1985, 1988, 1996, 2003, 2004, 2005, 2006, 2007, 2009, 2010, 2011, 2012, 2013, 2014, 2015, 2016]	1979	2016	20	2	7
II.7	a00b1ab7	Proportion of females among tertiary education teachers or professors	a00b1ab7	Proportion of females among tertiary education teachers or professors	670	Saint Vincent and the Grenadines	F	Female	AGG_5T8	Short-cycle tertiary (ISCED 5) or higher	SEX__EDUCATION_LEV	F__AGG_5T8	Female, short-cycle tertiary (isced 5) or higher	-61.19024321	13.24627968	1.0	4	Country or Area	Latin America and the Caribbean	[1979, 1980, 1986, 1987, 1990, 1999, 2000, 2001, 2002, 2003, 2004]	1979	2004	11	0	0
II.7	a00b1ab7	Proportion of females among tertiary education teachers or professors	a00b1ab7	Proportion of females among tertiary education teachers or professors	534	Sint Maarten (Dutch part)	F	Female	AGG_5T8	Short-cycle tertiary (ISCED 5) or higher	SEX__EDUCATION_LEV	F__AGG_5T8	Female, short-cycle tertiary (isced 5) or higher	-63.06198692	18.03926508		4	Country or Area	Latin America and the Caribbean	[2012, 2014, 2015]	2012	2015	3	1	3
II.7	a00b1ab7	Proportion of females among tertiary education teachers or professors	a00b1ab7	Proportion of females among tertiary education teachers or professors	740	Suriname	F	Female	AGG_5T8	Short-cycle tertiary (ISCED 5) or higher	SEX__EDUCATION_LEV	F__AGG_5T8	Female, short-cycle tertiary (isced 5) or higher	-55.90626394	4.132603197	1.0	4	Country or Area	Latin America and the Caribbean	[1985]	1985	1985	1	0	0
II.7	a00b1ab7	Proportion of females among tertiary education teachers or professors	a00b1ab7	Proportion of females among tertiary education teachers or professors	780	Trinidad and Tobago	F	Female	AGG_5T8	Short-cycle tertiary (ISCED 5) or higher	SEX__EDUCATION_LEV	F__AGG_5T8	Female, short-cycle tertiary (isced 5) or higher	-61.29389504	10.41877263	1.0	4	Country or Area	Latin America and the Caribbean	[1971, 1999, 2000, 2001, 2002, 2003, 2004]	1971	2004	7	0	0
II.7	a00b1ab7	Proportion of females among tertiary education teachers or professors	a00b1ab7	Proportion of females among tertiary education teachers or professors	858	Uruguay	F	Female	AGG_5T8	Short-cycle tertiary (ISCED 5) or higher	SEX__EDUCATION_LEV	F__AGG_5T8	Female, short-cycle tertiary (isced 5) or higher	-56.01387025	-32.8002838	1.0	4	Country or Area	Latin America and the Caribbean	[1974, 1975, 2009]	1974	2009	3	0	0
II.7	a00b1ab7	Proportion of females among tertiary education teachers or professors	a00b1ab7	Proportion of females among tertiary education teachers or professors	862	Venezuela (Bolivarian Republic of)	F	Female	AGG_5T8	Short-cycle tertiary (ISCED 5) or higher	SEX__EDUCATION_LEV	F__AGG_5T8	Female, short-cycle tertiary (isced 5) or higher	-66.15642084	7.121324748	1.0	4	Country or Area	Latin America and the Caribbean	[1971, 1972, 1973, 2000, 2008]	1971	2008	5	0	0
II.7	a00b1ab7	Proportion of females among tertiary education teachers or professors	a00b1ab7	Proportion of females among tertiary education teachers or professors	12	Algeria	F	Female	AGG_5T8	Short-cycle tertiary (ISCED 5) or higher	SEX__EDUCATION_LEV	F__AGG_5T8	Female, short-cycle tertiary (isced 5) or higher	2.678164227	28.15940032	1.0	4	Country or Area	Northern Africa and Western Asia	[2001, 2002, 2003, 2004, 2005, 2006, 2007, 2009, 2010, 2011, 2012, 2013, 2014, 2015, 2016]	2001	2016	15	2	7
II.7	a00b1ab7	Proportion of females among tertiary education teachers or professors	a00b1ab7	Proportion of females among tertiary education teachers or professors	51	Armenia	F	Female	AGG_5T8	Short-cycle tertiary (ISCED 5) or higher	SEX__EDUCATION_LEV	F__AGG_5T8	Female, short-cycle tertiary (isced 5) or higher	44.93839317	40.29499741	1.0	4	Country or Area	Northern Africa and Western Asia	[2001, 2002, 2003, 2004, 2005, 2006, 2007, 2008, 2009, 2010, 2011, 2012, 2013, 2014, 2015, 2016]	2001	2016	16	2	7
II.7	a00b1ab7	Proportion of females among tertiary education teachers or professors	a00b1ab7	Proportion of females among tertiary education teachers or professors	31	Azerbaijan	F	Female	AGG_5T8	Short-cycle tertiary (ISCED 5) or higher	SEX__EDUCATION_LEV	F__AGG_5T8	Female, short-cycle tertiary (isced 5) or higher	50.01064725	40.39229544	1.0	4	Country or Area	Northern Africa and Western Asia	[2006, 2007, 2008, 2009, 2010, 2011, 2012, 2013, 2014, 2015, 2016]	2006	2016	11	2	7
II.7	a00b1ab7	Proportion of females among tertiary education teachers or professors	a00b1ab7	Proportion of females among tertiary education teachers or professors	48	Bahrain	F	Female	AGG_5T8	Short-cycle tertiary (ISCED 5) or higher	SEX__EDUCATION_LEV	F__AGG_5T8	Female, short-cycle tertiary (isced 5) or higher	50.5490754	26.04407747	1.0	4	Country or Area	Northern Africa and Western Asia	[1971, 1972, 1973, 1974, 1975, 1976, 1977, 1980, 1981, 1982, 1985, 1986, 1987, 1988, 1991, 1992, 1993, 1994, 2003, 2004, 2012, 2013, 2014, 2015, 2016]	1971	2016	25	2	5
II.7	a00b1ab7	Proportion of females among tertiary education teachers or professors	a00b1ab7	Proportion of females among tertiary education teachers or professors	196	Cyprus	F	Female	AGG_5T8	Short-cycle tertiary (ISCED 5) or higher	SEX__EDUCATION_LEV	F__AGG_5T8	Female, short-cycle tertiary (isced 5) or higher	33.22285964	35.05659437	1.0	4	Country or Area	Northern Africa and Western Asia	[1971, 1972, 1973, 1974, 1978, 1979, 1980, 1981, 1982, 1983, 1984, 1985, 1986, 1987, 1988, 1989, 1990, 1991, 1992, 1993, 1994, 1995, 1996, 1997, 1999, 2000, 2002, 2003, 2004, 2005, 2006, 2007, 2008, 2009, 2010, 2011, 2012, 2013, 2014, 2015, 2016]	1971	2016	41	2	7
II.7	a00b1ab7	Proportion of females among tertiary education teachers or professors	a00b1ab7	Proportion of females among tertiary education teachers or professors	818	Egypt	F	Female	AGG_5T8	Short-cycle tertiary (ISCED 5) or higher	SEX__EDUCATION_LEV	F__AGG_5T8	Female, short-cycle tertiary (isced 5) or higher	29.77468534	26.57438204	1.0	4	Country or Area	Northern Africa and Western Asia	[2013, 2014]	2013	2014	2	0	2
II.7	a00b1ab7	Proportion of females among tertiary education teachers or professors	a00b1ab7	Proportion of females among tertiary education teachers or professors	268	Georgia	F	Female	AGG_5T8	Short-cycle tertiary (ISCED 5) or higher	SEX__EDUCATION_LEV	F__AGG_5T8	Female, short-cycle tertiary (isced 5) or higher	43.3713615	42.04813028	1.0	4	Country or Area	Northern Africa and Western Asia	[1999, 2000, 2001, 2002, 2003, 2004, 2005, 2006, 2007, 2008, 2009, 2010, 2012, 2013, 2014, 2015, 2016]	1999	2016	17	2	6
II.7	a00b1ab7	Proportion of females among tertiary education teachers or professors	a00b1ab7	Proportion of females among tertiary education teachers or professors	368	Iraq	F	Female	AGG_5T8	Short-cycle tertiary (ISCED 5) or higher	SEX__EDUCATION_LEV	F__AGG_5T8	Female, short-cycle tertiary (isced 5) or higher	43.76606267	33.05013795	1.0	4	Country or Area	Northern Africa and Western Asia	[1971, 1972, 1973, 1974, 1975, 1976, 1977, 1978, 1979, 1980, 1981, 1982, 1983, 1984, 1985, 1986, 1987, 1988, 1989, 1999, 2000, 2004, 2005]	1971	2005	23	0	0
II.7	a00b1ab7	Proportion of females among tertiary education teachers or professors	a00b1ab7	Proportion of females among tertiary education teachers or professors	400	Jordan	F	Female	AGG_5T8	Short-cycle tertiary (ISCED 5) or higher	SEX__EDUCATION_LEV	F__AGG_5T8	Female, short-cycle tertiary (isced 5) or higher	37.13024774	30.65365973	1.0	4	Country or Area	Northern Africa and Western Asia	[1971, 1972, 1973, 1974, 1975, 1976, 1977, 1978, 1982, 1983, 1984, 1985, 1986, 1988, 1989, 1990, 1992, 1993, 1994, 1996, 1997, 2000, 2002, 2003, 2004, 2005, 2006, 2007, 2008, 2010, 2015, 2016]	1971	2016	32	2	3
II.7	a00b1ab7	Proportion of females among tertiary education teachers or professors	a00b1ab7	Proportion of females among tertiary education teachers or professors	414	Kuwait	F	Female	AGG_5T8	Short-cycle tertiary (ISCED 5) or higher	SEX__EDUCATION_LEV	F__AGG_5T8	Female, short-cycle tertiary (isced 5) or higher	47.49305029	29.53949468	1.0	4	Country or Area	Northern Africa and Western Asia	[1971, 1972, 1973, 1974, 1975, 1976, 1977, 1978, 1979, 1980, 1981, 1982, 1983, 1984, 1985, 1988, 1990, 1992, 1994, 1999, 2004]	1971	2004	21	0	0
II.7	a00b1ab7	Proportion of females among tertiary education teachers or professors	a00b1ab7	Proportion of females among tertiary education teachers or professors	422	Lebanon	F	Female	AGG_5T8	Short-cycle tertiary (ISCED 5) or higher	SEX__EDUCATION_LEV	F__AGG_5T8	Female, short-cycle tertiary (isced 5) or higher	35.89391711	33.92152458	1.0	4	Country or Area	Northern Africa and Western Asia	[1983, 1985, 1992, 1996, 1999, 2000, 2001, 2002, 2003, 2004, 2005, 2006, 2007, 2008, 2009, 2010, 2011, 2012, 2014]	1983	2014	19	0	4
II.7	a00b1ab7	Proportion of females among tertiary education teachers or professors	a00b1ab7	Proportion of females among tertiary education teachers or professors	434	Libya	F	Female	AGG_5T8	Short-cycle tertiary (ISCED 5) or higher	SEX__EDUCATION_LEV	F__AGG_5T8	Female, short-cycle tertiary (isced 5) or higher	18.0295985	27.04042819	1.0	4	Country or Area	Northern Africa and Western Asia	[1971, 1973, 1999, 2000, 2001, 2002]	1971	2002	6	0	0
II.7	a00b1ab7	Proportion of females among tertiary education teachers or professors	a00b1ab7	Proportion of females among tertiary education teachers or professors	504	Morocco	F	Female	AGG_5T8	Short-cycle tertiary (ISCED 5) or higher	SEX__EDUCATION_LEV	F__AGG_5T8	Female, short-cycle tertiary (isced 5) or higher	-6.281942841	31.8440131	1.0	4	Country or Area	Northern Africa and Western Asia	[1971, 1972, 1974, 1975, 1999, 2000, 2001, 2002, 2003, 2004, 2005, 2006, 2007, 2008, 2009, 2015, 2016]	1971	2016	17	2	2
II.7	a00b1ab7	Proportion of females among tertiary education teachers or professors	a00b1ab7	Proportion of females among tertiary education teachers or professors	512	Oman	F	Female	AGG_5T8	Short-cycle tertiary (ISCED 5) or higher	SEX__EDUCATION_LEV	F__AGG_5T8	Female, short-cycle tertiary (isced 5) or higher	57.87743482	21.98805614	1.0	4	Country or Area	Northern Africa and Western Asia	[2004, 2005, 2006, 2007, 2009, 2010, 2011, 2013, 2014, 2015, 2016]	2004	2016	11	2	6
II.7	a00b1ab7	Proportion of females among tertiary education teachers or professors	a00b1ab7	Proportion of females among tertiary education teachers or professors	634	Qatar	F	Female	AGG_5T8	Short-cycle tertiary (ISCED 5) or higher	SEX__EDUCATION_LEV	F__AGG_5T8	Female, short-cycle tertiary (isced 5) or higher	51.19152467	25.28355379	1.0	4	Country or Area	Northern Africa and Western Asia	[1971, 1976, 1977, 1980, 1981, 1985, 1987, 1988, 1989, 1990, 1992, 1993, 1994, 1995, 1996, 1997, 1998, 1999, 2001, 2002, 2003, 2004, 2005, 2007, 2008, 2009, 2010, 2011, 2012, 2013, 2014, 2015, 2016]	1971	2016	33	2	7
II.7	a00b1ab7	Proportion of females among tertiary education teachers or professors	a00b1ab7	Proportion of females among tertiary education teachers or professors	682	Saudi Arabia	F	Female	AGG_5T8	Short-cycle tertiary (ISCED 5) or higher	SEX__EDUCATION_LEV	F__AGG_5T8	Female, short-cycle tertiary (isced 5) or higher	44.54763347	24.12594211	1.0	4	Country or Area	Northern Africa and Western Asia	[1971, 1972, 1973, 1974, 1975, 1976, 1977, 1978, 1979, 1980, 1981, 1982, 1983, 1984, 1985, 1986, 1987, 1991, 1992, 1993, 1996, 1997, 1998, 1999, 2000, 2001, 2002, 2003, 2004, 2005, 2006, 2007, 2008, 2009, 2010, 2011, 2012, 2013, 2014, 2015, 2016]	1971	2016	41	2	7
II.7	a00b1ab7	Proportion of females among tertiary education teachers or professors	a00b1ab7	Proportion of females among tertiary education teachers or professors	275	State of Palestine	F	Female	AGG_5T8	Short-cycle tertiary (ISCED 5) or higher	SEX__EDUCATION_LEV	F__AGG_5T8	Female, short-cycle tertiary (isced 5) or higher	35.25694122	31.94347933		4	Country or Area	Northern Africa and Western Asia	[1996, 1997, 1998, 1999, 2000, 2001, 2002, 2003, 2004, 2005, 2006, 2007, 2008, 2009, 2013, 2014, 2015, 2016]	1996	2016	18	2	4
II.7	a00b1ab7	Proportion of females among tertiary education teachers or professors	a00b1ab7	Proportion of females among tertiary education teachers or professors	729	Sudan	F	Female	AGG_5T8	Short-cycle tertiary (ISCED 5) or higher	SEX__EDUCATION_LEV	F__AGG_5T8	Female, short-cycle tertiary (isced 5) or higher	29.95650159	16.02643066	1.0	4	Country or Area	Northern Africa and Western Asia	[2012, 2013, 2014]	2012	2014	3	0	3
II.7	a00b1ab7	Proportion of females among tertiary education teachers or professors	a00b1ab7	Proportion of females among tertiary education teachers or professors	760	Syrian Arab Republic	F	Female	AGG_5T8	Short-cycle tertiary (ISCED 5) or higher	SEX__EDUCATION_LEV	F__AGG_5T8	Female, short-cycle tertiary (isced 5) or higher	38.50466565	35.01676176	1.0	4	Country or Area	Northern Africa and Western Asia	[1971, 1972, 1976, 2011, 2012, 2013, 2014, 2015]	1971	2015	8	1	5
II.7	a00b1ab7	Proportion of females among tertiary education teachers or professors	a00b1ab7	Proportion of females among tertiary education teachers or professors	788	Tunisia	F	Female	AGG_5T8	Short-cycle tertiary (ISCED 5) or higher	SEX__EDUCATION_LEV	F__AGG_5T8	Female, short-cycle tertiary (isced 5) or higher	9.572737411	34.11439971	1.0	4	Country or Area	Northern Africa and Western Asia	[1973, 1975, 1976, 1980, 1981, 1983, 1987, 1988, 1989, 1993, 1994, 1995, 1996, 1997, 1998, 1999, 2000, 2001, 2002, 2003, 2004, 2005, 2006, 2007, 2008, 2009, 2010, 2011, 2012]	1973	2012	29	0	3
II.7	a00b1ab7	Proportion of females among tertiary education teachers or professors	a00b1ab7	Proportion of females among tertiary education teachers or professors	792	Turkey	F	Female	AGG_5T8	Short-cycle tertiary (ISCED 5) or higher	SEX__EDUCATION_LEV	F__AGG_5T8	Female, short-cycle tertiary (isced 5) or higher	35.42890329	38.9899684	1.0	4	Country or Area	Northern Africa and Western Asia	[1971, 1972, 1973, 1974, 1975, 1976, 1977, 1978, 1979, 1980, 1981, 1982, 1983, 1986, 1987, 1988, 1989, 1990, 1991, 1992, 1993, 1994, 1995, 1997, 1999, 2002, 2003, 2004, 2005, 2006, 2007, 2008, 2009, 2010, 2011, 2012, 2013, 2014, 2015]	1971	2015	39	1	6
II.7	a00b1ab7	Proportion of females among tertiary education teachers or professors	a00b1ab7	Proportion of females among tertiary education teachers or professors	784	United Arab Emirates	F	Female	AGG_5T8	Short-cycle tertiary (ISCED 5) or higher	SEX__EDUCATION_LEV	F__AGG_5T8	Female, short-cycle tertiary (isced 5) or higher	53.98279159	23.43322219	1.0	4	Country or Area	Northern Africa and Western Asia	[1978, 1979, 1981, 1984, 1985, 1986, 1987, 1988, 1989, 1990, 1991, 1992, 2009, 2011, 2012, 2013, 2014, 2015, 2016]	1978	2016	19	2	6
II.7	a00b1ab7	Proportion of females among tertiary education teachers or professors	a00b1ab7	Proportion of females among tertiary education teachers or professors	887	Yemen	F	Female	AGG_5T8	Short-cycle tertiary (ISCED 5) or higher	SEX__EDUCATION_LEV	F__AGG_5T8	Female, short-cycle tertiary (isced 5) or higher	45.22389143	15.22242099	1.0	4	Country or Area	Northern Africa and Western Asia	[1992, 1999, 2005, 2006, 2007]	1992	2007	5	0	0
II.7	a00b1ab7	Proportion of females among tertiary education teachers or professors	a00b1ab7	Proportion of females among tertiary education teachers or professors	184	Cook Islands	F	Female	AGG_5T8	Short-cycle tertiary (ISCED 5) or higher	SEX__EDUCATION_LEV	F__AGG_5T8	Female, short-cycle tertiary (isced 5) or higher	-159.7711391	-21.22696458		4	Country or Area	Oceania, exc. Australia and New Zealand	[1970, 1971, 1972, 1973, 1974, 1975, 1976, 1977, 1978, 1979, 1980, 1981, 1982, 1983, 1984, 1985, 1986, 1987, 1988, 1989, 1990, 1991, 1992, 1993, 1994, 1995, 1996, 1997, 1998, 1999, 2000, 2001, 2002, 2003, 2004, 2005, 2006, 2007, 2008, 2009, 2010, 2011, 2014, 2015, 2016]	1970	2016	45	2	5
II.7	a00b1ab7	Proportion of females among tertiary education teachers or professors	a00b1ab7	Proportion of females among tertiary education teachers or professors	242	Fiji	F	Female	AGG_5T8	Short-cycle tertiary (ISCED 5) or higher	SEX__EDUCATION_LEV	F__AGG_5T8	Female, short-cycle tertiary (isced 5) or higher	177.9660884	-17.83301566	1.0	4	Country or Area	Oceania, exc. Australia and New Zealand	[1974, 1975, 1985, 1986, 1991]	1974	1991	5	0	0
II.7	a00b1ab7	Proportion of females among tertiary education teachers or professors	a00b1ab7	Proportion of females among tertiary education teachers or professors	584	Marshall Islands	F	Female	AGG_5T8	Short-cycle tertiary (ISCED 5) or higher	SEX__EDUCATION_LEV	F__AGG_5T8	Female, short-cycle tertiary (isced 5) or higher	171.0839119	7.110213497	1.0	4	Country or Area	Oceania, exc. Australia and New Zealand	[2002, 2012]	2002	2012	2	0	1
II.7	a00b1ab7	Proportion of females among tertiary education teachers or professors	a00b1ab7	Proportion of females among tertiary education teachers or professors	583	Micronesia (Federated States of)	F	Female	AGG_5T8	Short-cycle tertiary (ISCED 5) or higher	SEX__EDUCATION_LEV	F__AGG_5T8	Female, short-cycle tertiary (isced 5) or higher	158.225216	6.880670092	1.0	4	Country or Area	Oceania, exc. Australia and New Zealand	[1979, 1980, 1982, 1983]	1979	1983	4	0	0
II.7	a00b1ab7	Proportion of females among tertiary education teachers or professors	a00b1ab7	Proportion of females among tertiary education teachers or professors	585	Palau	F	Female	AGG_5T8	Short-cycle tertiary (ISCED 5) or higher	SEX__EDUCATION_LEV	F__AGG_5T8	Female, short-cycle tertiary (isced 5) or higher	134.5733878	7.502307591	1.0	4	Country or Area	Oceania, exc. Australia and New Zealand	[2000, 2001, 2002, 2013]	2000	2013	4	0	1
II.7	a00b1ab7	Proportion of females among tertiary education teachers or professors	a00b1ab7	Proportion of females among tertiary education teachers or professors	598	Papua New Guinea	F	Female	AGG_5T8	Short-cycle tertiary (ISCED 5) or higher	SEX__EDUCATION_LEV	F__AGG_5T8	Female, short-cycle tertiary (isced 5) or higher	145.8587761	-6.756057077	1.0	4	Country or Area	Oceania, exc. Australia and New Zealand	[1986, 1998, 1999]	1986	1999	3	0	0
II.7	a00b1ab7	Proportion of females among tertiary education teachers or professors	a00b1ab7	Proportion of females among tertiary education teachers or professors	882	Samoa	F	Female	AGG_5T8	Short-cycle tertiary (ISCED 5) or higher	SEX__EDUCATION_LEV	F__AGG_5T8	Female, short-cycle tertiary (isced 5) or higher	-172.4430749	-13.61541469	1.0	4	Country or Area	Oceania, exc. Australia and New Zealand	[1970, 1977, 1998, 1999, 2000]	1970	2000	5	0	0
II.7	a00b1ab7	Proportion of females among tertiary education teachers or professors	a00b1ab7	Proportion of females among tertiary education teachers or professors	776	Tonga	F	Female	AGG_5T8	Short-cycle tertiary (ISCED 5) or higher	SEX__EDUCATION_LEV	F__AGG_5T8	Female, short-cycle tertiary (isced 5) or higher	-175.1959991	-21.19511329	1.0	4	Country or Area	Oceania, exc. Australia and New Zealand	[1970, 1978, 1979, 1981, 1999, 2000]	1970	2000	6	0	0
II.7	a00b1ab7	Proportion of females among tertiary education teachers or professors	a00b1ab7	Proportion of females among tertiary education teachers or professors	24	Angola	F	Female	AGG_5T8	Short-cycle tertiary (ISCED 5) or higher	SEX__EDUCATION_LEV	F__AGG_5T8	Female, short-cycle tertiary (isced 5) or higher	17.57817062	-12.33724746	1.0	4	Country or Area	Sub-Saharan Africa	[1999, 2000, 2002, 2011, 2015]	1999	2015	5	1	2
II.7	a00b1ab7	Proportion of females among tertiary education teachers or professors	a00b1ab7	Proportion of females among tertiary education teachers or professors	204	Benin	F	Female	AGG_5T8	Short-cycle tertiary (ISCED 5) or higher	SEX__EDUCATION_LEV	F__AGG_5T8	Female, short-cycle tertiary (isced 5) or higher	2.339933594	9.65401646	1.0	4	Country or Area	Sub-Saharan Africa	[1971, 1972, 1973, 1974, 1992, 1993, 1994, 1999, 2000, 2001, 2008, 2009, 2010, 2011]	1971	2011	14	0	2
II.7	a00b1ab7	Proportion of females among tertiary education teachers or professors	a00b1ab7	Proportion of females among tertiary education teachers or professors	72	Botswana	F	Female	AGG_5T8	Short-cycle tertiary (ISCED 5) or higher	SEX__EDUCATION_LEV	F__AGG_5T8	Female, short-cycle tertiary (isced 5) or higher	23.81380223	-22.18810073	1.0	4	Country or Area	Sub-Saharan Africa	[1970, 1972, 1973, 1974, 1975, 1976, 1996, 2016]	1970	2016	8	1	1
II.7	a00b1ab7	Proportion of females among tertiary education teachers or professors	a00b1ab7	Proportion of females among tertiary education teachers or professors	854	Burkina Faso	F	Female	AGG_5T8	Short-cycle tertiary (ISCED 5) or higher	SEX__EDUCATION_LEV	F__AGG_5T8	Female, short-cycle tertiary (isced 5) or higher	-1.742843829	12.27491081	1.0	4	Country or Area	Sub-Saharan Africa	[1972, 1974, 1975, 1978, 1979, 1983, 1993, 2005, 2007, 2008, 2009, 2010, 2011, 2012, 2013, 2014, 2015, 2016]	1972	2016	18	2	7
II.7	a00b1ab7	Proportion of females among tertiary education teachers or professors	a00b1ab7	Proportion of females among tertiary education teachers or professors	108	Burundi	F	Female	AGG_5T8	Short-cycle tertiary (ISCED 5) or higher	SEX__EDUCATION_LEV	F__AGG_5T8	Female, short-cycle tertiary (isced 5) or higher	29.89080992	-3.366387428	1.0	4	Country or Area	Sub-Saharan Africa	[1971, 1979, 1980, 1986, 1991, 1992, 1993, 2001, 2003, 2004, 2005, 2010, 2011, 2012, 2013, 2014]	1971	2014	16	0	5
II.7	a00b1ab7	Proportion of females among tertiary education teachers or professors	a00b1ab7	Proportion of females among tertiary education teachers or professors	132	Cabo Verde	F	Female	AGG_5T8	Short-cycle tertiary (ISCED 5) or higher	SEX__EDUCATION_LEV	F__AGG_5T8	Female, short-cycle tertiary (isced 5) or higher	-23.63544151	15.07791834	1.0	4	Country or Area	Sub-Saharan Africa	[2003, 2004, 2005, 2006, 2007, 2008, 2009, 2010, 2011, 2012, 2013, 2014, 2015, 2016]	2003	2016	14	2	7
II.7	a00b1ab7	Proportion of females among tertiary education teachers or professors	a00b1ab7	Proportion of females among tertiary education teachers or professors	120	Cameroon	F	Female	AGG_5T8	Short-cycle tertiary (ISCED 5) or higher	SEX__EDUCATION_LEV	F__AGG_5T8	Female, short-cycle tertiary (isced 5) or higher	12.7419827	5.692387031	1.0	4	Country or Area	Sub-Saharan Africa	[1971, 1972, 1973, 2001, 2008, 2010, 2011, 2012, 2013, 2014]	1971	2014	10	0	5
II.7	a00b1ab7	Proportion of females among tertiary education teachers or professors	a00b1ab7	Proportion of females among tertiary education teachers or professors	140	Central African Republic	F	Female	AGG_5T8	Short-cycle tertiary (ISCED 5) or higher	SEX__EDUCATION_LEV	F__AGG_5T8	Female, short-cycle tertiary (isced 5) or higher	20.93559492	7.003720791	1.0	4	Country or Area	Sub-Saharan Africa	[1980, 1981, 1982, 1983, 1984, 1986, 1989, 1999, 2000, 2008, 2011]	1980	2011	11	0	1
II.7	a00b1ab7	Proportion of females among tertiary education teachers or professors	a00b1ab7	Proportion of females among tertiary education teachers or professors	148	Chad	F	Female	AGG_5T8	Short-cycle tertiary (ISCED 5) or higher	SEX__EDUCATION_LEV	F__AGG_5T8	Female, short-cycle tertiary (isced 5) or higher	18.66618401	15.36279341	1.0	4	Country or Area	Sub-Saharan Africa	[1971, 1973, 1974, 1975, 1977, 1985, 1997, 2000, 2001, 2003, 2004, 2005, 2008, 2009]	1971	2009	14	0	0
II.7	a00b1ab7	Proportion of females among tertiary education teachers or professors	a00b1ab7	Proportion of females among tertiary education teachers or professors	174	Comoros	F	Female	AGG_5T8	Short-cycle tertiary (ISCED 5) or higher	SEX__EDUCATION_LEV	F__AGG_5T8	Female, short-cycle tertiary (isced 5) or higher	43.34234565	-11.66121732	1.0	4	Country or Area	Sub-Saharan Africa	[1990, 1999, 2003, 2009, 2010, 2012]	1990	2012	6	0	2
II.7	a00b1ab7	Proportion of females among tertiary education teachers or professors	a00b1ab7	Proportion of females among tertiary education teachers or professors	178	Congo	F	Female	AGG_5T8	Short-cycle tertiary (ISCED 5) or higher	SEX__EDUCATION_LEV	F__AGG_5T8	Female, short-cycle tertiary (isced 5) or higher	15.22052612	-0.840544119	1.0	4	Country or Area	Sub-Saharan Africa	[1971, 1972, 1973, 1974, 1975, 1976, 1978, 1980, 1981, 1982, 1983, 1984, 1991, 1992, 1999, 2000, 2001, 2002, 2009, 2011, 2012]	1971	2012	21	0	2
II.7	a00b1ab7	Proportion of females among tertiary education teachers or professors	a00b1ab7	Proportion of females among tertiary education teachers or professors	384	Cte d'Ivoire	F	Female	AGG_5T8	Short-cycle tertiary (ISCED 5) or higher	SEX__EDUCATION_LEV	F__AGG_5T8	Female, short-cycle tertiary (isced 5) or higher	-5.552690016	7.62211586	1.0	4	Country or Area	Sub-Saharan Africa	[1974, 2008, 2010, 2011, 2013, 2014, 2015]	1974	2015	7	1	5
II.7	a00b1ab7	Proportion of females among tertiary education teachers or professors	a00b1ab7	Proportion of females among tertiary education teachers or professors	180	Democratic Republic of the Congo	F	Female	AGG_5T8	Short-cycle tertiary (ISCED 5) or higher	SEX__EDUCATION_LEV	F__AGG_5T8	Female, short-cycle tertiary (isced 5) or higher	23.65496507	-2.877154732	1.0	4	Country or Area	Sub-Saharan Africa	[1999, 2008, 2011, 2013]	1999	2013	4	0	2
II.7	a00b1ab7	Proportion of females among tertiary education teachers or professors	a00b1ab7	Proportion of females among tertiary education teachers or professors	262	Djibouti	F	Female	AGG_5T8	Short-cycle tertiary (ISCED 5) or higher	SEX__EDUCATION_LEV	F__AGG_5T8	Female, short-cycle tertiary (isced 5) or higher	42.18274707	11.56004161	1.0	4	Country or Area	Sub-Saharan Africa	[1976, 1986, 1991, 1999, 2000, 2001, 2002, 2003, 2004, 2005, 2006, 2007]	1976	2007	12	0	0
II.7	a00b1ab7	Proportion of females among tertiary education teachers or professors	a00b1ab7	Proportion of females among tertiary education teachers or professors	226	Equatorial Guinea	F	Female	AGG_5T8	Short-cycle tertiary (ISCED 5) or higher	SEX__EDUCATION_LEV	F__AGG_5T8	Female, short-cycle tertiary (isced 5) or higher	10.46535826	1.565792376	1.0	4	Country or Area	Sub-Saharan Africa	[1982, 1991, 2000]	1982	2000	3	0	0
II.7	a00b1ab7	Proportion of females among tertiary education teachers or professors	a00b1ab7	Proportion of females among tertiary education teachers or professors	232	Eritrea	F	Female	AGG_5T8	Short-cycle tertiary (ISCED 5) or higher	SEX__EDUCATION_LEV	F__AGG_5T8	Female, short-cycle tertiary (isced 5) or higher	38.11074289	16.12894644	1.0	4	Country or Area	Sub-Saharan Africa	[1995, 1996, 1998, 1999, 2000, 2001, 2002, 2003, 2004, 2015, 2016]	1995	2016	11	2	2
II.7	a00b1ab7	Proportion of females among tertiary education teachers or professors	a00b1ab7	Proportion of females among tertiary education teachers or professors	231	Ethiopia	F	Female	AGG_5T8	Short-cycle tertiary (ISCED 5) or higher	SEX__EDUCATION_LEV	F__AGG_5T8	Female, short-cycle tertiary (isced 5) or higher	39.63505296	8.631223181	1.0	4	Country or Area	Sub-Saharan Africa	[1971, 1972, 1980, 1983, 1984, 1986, 1987, 1988, 1989, 1990, 1991, 1994, 1995, 1999, 2000, 2001, 2002, 2003, 2004, 2005, 2009, 2014]	1971	2014	22	0	1
II.7	a00b1ab7	Proportion of females among tertiary education teachers or professors	a00b1ab7	Proportion of females among tertiary education teachers or professors	266	Gabon	F	Female	AGG_5T8	Short-cycle tertiary (ISCED 5) or higher	SEX__EDUCATION_LEV	F__AGG_5T8	Female, short-cycle tertiary (isced 5) or higher	11.78727747	-0.60687619	1.0	4	Country or Area	Sub-Saharan Africa	[1983, 1984, 1999]	1983	1999	3	0	0
II.7	a00b1ab7	Proportion of females among tertiary education teachers or professors	a00b1ab7	Proportion of females among tertiary education teachers or professors	270	Gambia	F	Female	AGG_5T8	Short-cycle tertiary (ISCED 5) or higher	SEX__EDUCATION_LEV	F__AGG_5T8	Female, short-cycle tertiary (isced 5) or higher	-15.39944785	13.45295927	1.0	4	Country or Area	Sub-Saharan Africa	[1995, 1999, 2004, 2012]	1995	2012	4	0	1
II.7	a00b1ab7	Proportion of females among tertiary education teachers or professors	a00b1ab7	Proportion of females among tertiary education teachers or professors	288	Ghana	F	Female	AGG_5T8	Short-cycle tertiary (ISCED 5) or higher	SEX__EDUCATION_LEV	F__AGG_5T8	Female, short-cycle tertiary (isced 5) or higher	-1.205623522	7.964825185	1.0	4	Country or Area	Sub-Saharan Africa	[1971, 1972, 1974, 2012, 2013, 2014, 2015, 2016]	1971	2016	8	2	5
II.7	a00b1ab7	Proportion of females among tertiary education teachers or professors	a00b1ab7	Proportion of females among tertiary education teachers or professors	324	Guinea	F	Female	AGG_5T8	Short-cycle tertiary (ISCED 5) or higher	SEX__EDUCATION_LEV	F__AGG_5T8	Female, short-cycle tertiary (isced 5) or higher	-11.28173419	11.00210343	1.0	4	Country or Area	Sub-Saharan Africa	[1981, 1983, 1985, 1986, 1987, 1988, 1989, 1996, 1998, 2007, 2009, 2010, 2011, 2013, 2014]	1981	2014	15	0	4
II.7	a00b1ab7	Proportion of females among tertiary education teachers or professors	a00b1ab7	Proportion of females among tertiary education teachers or professors	426	Lesotho	F	Female	AGG_5T8	Short-cycle tertiary (ISCED 5) or higher	SEX__EDUCATION_LEV	F__AGG_5T8	Female, short-cycle tertiary (isced 5) or higher	28.25362195	-29.58041814	1.0	4	Country or Area	Sub-Saharan Africa	[1970, 1971, 1999, 2003, 2006, 2012, 2013, 2014]	1970	2014	8	0	3
II.7	a00b1ab7	Proportion of females among tertiary education teachers or professors	a00b1ab7	Proportion of females among tertiary education teachers or professors	430	Liberia	F	Female	AGG_5T8	Short-cycle tertiary (ISCED 5) or higher	SEX__EDUCATION_LEV	F__AGG_5T8	Female, short-cycle tertiary (isced 5) or higher	-9.311879038	6.448381009	1.0	4	Country or Area	Sub-Saharan Africa	[1970, 1987, 1999, 2000, 2001, 2010, 2012]	1970	2012	7	0	2
II.7	a00b1ab7	Proportion of females among tertiary education teachers or professors	a00b1ab7	Proportion of females among tertiary education teachers or professors	450	Madagascar	F	Female	AGG_5T8	Short-cycle tertiary (ISCED 5) or higher	SEX__EDUCATION_LEV	F__AGG_5T8	Female, short-cycle tertiary (isced 5) or higher	46.6982339	-19.38514785	1.0	4	Country or Area	Sub-Saharan Africa	[1971, 1973, 1977, 1978, 1987, 1988, 1989, 1990, 1991, 1994, 1996, 1997, 1999, 2000, 2001, 2002, 2003, 2004, 2005, 2006, 2007, 2008, 2009, 2010, 2011, 2012, 2013, 2014, 2015]	1971	2015	29	1	6
II.7	a00b1ab7	Proportion of females among tertiary education teachers or professors	a00b1ab7	Proportion of females among tertiary education teachers or professors	454	Malawi	F	Female	AGG_5T8	Short-cycle tertiary (ISCED 5) or higher	SEX__EDUCATION_LEV	F__AGG_5T8	Female, short-cycle tertiary (isced 5) or higher	33.4884625	-13.40819859	1.0	4	Country or Area	Sub-Saharan Africa	[1999, 2000, 2002, 2004, 2005, 2006, 2007, 2010, 2011]	1999	2011	9	0	2
II.7	a00b1ab7	Proportion of females among tertiary education teachers or professors	a00b1ab7	Proportion of females among tertiary education teachers or professors	466	Mali	F	Female	AGG_5T8	Short-cycle tertiary (ISCED 5) or higher	SEX__EDUCATION_LEV	F__AGG_5T8	Female, short-cycle tertiary (isced 5) or higher	-3.522016039	17.35311254	1.0	4	Country or Area	Sub-Saharan Africa	[1971, 1979, 1980]	1971	1980	3	0	0
II.7	a00b1ab7	Proportion of females among tertiary education teachers or professors	a00b1ab7	Proportion of females among tertiary education teachers or professors	478	Mauritania	F	Female	AGG_5T8	Short-cycle tertiary (ISCED 5) or higher	SEX__EDUCATION_LEV	F__AGG_5T8	Female, short-cycle tertiary (isced 5) or higher	-10.33187259	20.26089546	1.0	4	Country or Area	Sub-Saharan Africa	[1978, 2003, 2004, 2005, 2006, 2008, 2009, 2010, 2011, 2012, 2013]	1978	2013	11	0	4
II.7	a00b1ab7	Proportion of females among tertiary education teachers or professors	a00b1ab7	Proportion of females among tertiary education teachers or professors	480	Mauritius	F	Female	AGG_5T8	Short-cycle tertiary (ISCED 5) or higher	SEX__EDUCATION_LEV	F__AGG_5T8	Female, short-cycle tertiary (isced 5) or higher	57.568022	-20.28581998	1.0	4	Country or Area	Sub-Saharan Africa	[1971, 1972, 1973, 1974, 1975, 1976, 1977, 1978, 1979, 1980, 1981, 1982, 1983, 1984, 1985, 1986, 1987, 1988, 1989, 1990, 1991, 1995]	1971	1995	22	0	0
II.7	a00b1ab7	Proportion of females among tertiary education teachers or professors	a00b1ab7	Proportion of females among tertiary education teachers or professors	508	Mozambique	F	Female	AGG_5T8	Short-cycle tertiary (ISCED 5) or higher	SEX__EDUCATION_LEV	F__AGG_5T8	Female, short-cycle tertiary (isced 5) or higher	38.18479941	-14.27963886	1.0	4	Country or Area	Sub-Saharan Africa	[1973, 1977, 1985, 1987, 1992, 1993, 1994, 1995, 2004, 2005, 2006, 2007, 2010, 2011, 2012, 2013, 2014]	1973	2014	17	0	5
II.7	a00b1ab7	Proportion of females among tertiary education teachers or professors	a00b1ab7	Proportion of females among tertiary education teachers or professors	516	Namibia	F	Female	AGG_5T8	Short-cycle tertiary (ISCED 5) or higher	SEX__EDUCATION_LEV	F__AGG_5T8	Female, short-cycle tertiary (isced 5) or higher	17.21907885	-22.13817068	1.0	4	Country or Area	Sub-Saharan Africa	[1991, 1997, 2001, 2002, 2003, 2006, 2008]	1991	2008	7	0	0
II.7	a00b1ab7	Proportion of females among tertiary education teachers or professors	a00b1ab7	Proportion of females among tertiary education teachers or professors	562	Niger	F	Female	AGG_5T8	Short-cycle tertiary (ISCED 5) or higher	SEX__EDUCATION_LEV	F__AGG_5T8	Female, short-cycle tertiary (isced 5) or higher	9.400167877	17.42143036	1.0	4	Country or Area	Sub-Saharan Africa	[1971, 1972, 1973, 1974, 1975, 1976, 1978, 1979, 1980, 1981, 1982, 1983, 1984, 1985, 1987, 1989, 1992, 2004, 2005, 2006, 2008, 2009, 2010, 2012]	1971	2012	24	0	2
II.7	a00b1ab7	Proportion of females among tertiary education teachers or professors	a00b1ab7	Proportion of females among tertiary education teachers or professors	566	Nigeria	F	Female	AGG_5T8	Short-cycle tertiary (ISCED 5) or higher	SEX__EDUCATION_LEV	F__AGG_5T8	Female, short-cycle tertiary (isced 5) or higher	8.097363256	9.585789025	1.0	4	Country or Area	Sub-Saharan Africa	[1986, 1999, 2004, 2010, 2011]	1986	2011	5	0	2
II.7	a00b1ab7	Proportion of females among tertiary education teachers or professors	a00b1ab7	Proportion of females among tertiary education teachers or professors	646	Rwanda	F	Female	AGG_5T8	Short-cycle tertiary (ISCED 5) or higher	SEX__EDUCATION_LEV	F__AGG_5T8	Female, short-cycle tertiary (isced 5) or higher	29.92310194	-1.999842114	1.0	4	Country or Area	Sub-Saharan Africa	[1971, 1973, 1974, 1975, 1977, 1978, 1980, 1981, 1984, 1986, 1987, 1988, 1990, 1999, 2000, 2001, 2002, 2003, 2004, 2005, 2010, 2013, 2014, 2015, 2016]	1971	2016	25	2	5
II.7	a00b1ab7	Proportion of females among tertiary education teachers or professors	a00b1ab7	Proportion of females among tertiary education teachers or professors	678	Sao Tome and Principe	F	Female	AGG_5T8	Short-cycle tertiary (ISCED 5) or higher	SEX__EDUCATION_LEV	F__AGG_5T8	Female, short-cycle tertiary (isced 5) or higher	6.609772265	0.241554875	1.0	4	Country or Area	Sub-Saharan Africa	[1970, 1971, 1972, 1973, 1974, 1975, 1976, 1977, 1978, 1979, 1980, 1981, 1982, 1983, 1984, 1985, 1986, 1987, 1988, 1989, 1990, 1991, 1992, 1993, 1994, 1995, 1996, 1997, 1998, 1999, 2000, 2001, 2002, 2003, 2004, 2005, 2006, 2007, 2008, 2010, 2014, 2015]	1970	2015	42	1	3
II.7	a00b1ab7	Proportion of females among tertiary education teachers or professors	a00b1ab7	Proportion of females among tertiary education teachers or professors	686	Senegal	F	Female	AGG_5T8	Short-cycle tertiary (ISCED 5) or higher	SEX__EDUCATION_LEV	F__AGG_5T8	Female, short-cycle tertiary (isced 5) or higher	-14.46636926	14.35920905	1.0	4	Country or Area	Sub-Saharan Africa	[1992, 2013, 2014, 2015, 2016]	1992	2016	5	2	4
II.7	a00b1ab7	Proportion of females among tertiary education teachers or professors	a00b1ab7	Proportion of females among tertiary education teachers or professors	690	Seychelles	F	Female	AGG_5T8	Short-cycle tertiary (ISCED 5) or higher	SEX__EDUCATION_LEV	F__AGG_5T8	Female, short-cycle tertiary (isced 5) or higher	55.46561591	-4.678053059	1.0	4	Country or Area	Sub-Saharan Africa	[1970, 1971, 1972, 1973, 1974, 1975, 1976, 1977, 1978, 1979, 1980, 1981, 1982, 1983, 1984, 1985, 1986, 1987, 1988, 1989, 1990, 1991, 1992, 1993, 1994, 1995, 1996, 1997, 1998, 1999, 2000, 2001, 2002, 2003, 2004, 2005, 2006, 2007, 2008, 2009, 2010, 2011, 2012, 2014, 2015, 2016]	1970	2016	46	2	6
II.7	a00b1ab7	Proportion of females among tertiary education teachers or professors	a00b1ab7	Proportion of females among tertiary education teachers or professors	694	Sierra Leone	F	Female	AGG_5T8	Short-cycle tertiary (ISCED 5) or higher	SEX__EDUCATION_LEV	F__AGG_5T8	Female, short-cycle tertiary (isced 5) or higher	-11.78306584	8.568604164	1.0	4	Country or Area	Sub-Saharan Africa	[1974, 1975, 1984, 1985, 2000, 2001, 2002]	1974	2002	7	0	0
II.7	a00b1ab7	Proportion of females among tertiary education teachers or professors	a00b1ab7	Proportion of females among tertiary education teachers or professors	706	Somalia	F	Female	AGG_5T8	Short-cycle tertiary (ISCED 5) or higher	SEX__EDUCATION_LEV	F__AGG_5T8	Female, short-cycle tertiary (isced 5) or higher	46.20367477	4.406485729	1.0	4	Country or Area	Sub-Saharan Africa	[1971, 1972]	1971	1972	2	0	0
II.7	a00b1ab7	Proportion of females among tertiary education teachers or professors	a00b1ab7	Proportion of females among tertiary education teachers or professors	710	South Africa	F	Female	AGG_5T8	Short-cycle tertiary (ISCED 5) or higher	SEX__EDUCATION_LEV	F__AGG_5T8	Female, short-cycle tertiary (isced 5) or higher	24.67184355	-29.99957544	1.0	4	Country or Area	Sub-Saharan Africa	[1988, 1989, 1990, 1993, 1994]	1988	1994	5	0	0
II.7	a00b1ab7	Proportion of females among tertiary education teachers or professors	a00b1ab7	Proportion of females among tertiary education teachers or professors	768	Togo	F	Female	AGG_5T8	Short-cycle tertiary (ISCED 5) or higher	SEX__EDUCATION_LEV	F__AGG_5T8	Female, short-cycle tertiary (isced 5) or higher	0.97835765	8.532096072	1.0	4	Country or Area	Sub-Saharan Africa	[1972, 1973, 1974, 1975, 1978, 1979, 1980, 1981, 1982, 1991, 1992, 1993, 1994, 1995, 1996, 1997, 1999, 2000, 2001, 2002, 2003, 2004, 2005, 2006, 2007, 2013, 2014, 2015, 2016]	1972	2016	29	2	4
II.7	a00b1ab7	Proportion of females among tertiary education teachers or professors	a00b1ab7	Proportion of females among tertiary education teachers or professors	800	Uganda	F	Female	AGG_5T8	Short-cycle tertiary (ISCED 5) or higher	SEX__EDUCATION_LEV	F__AGG_5T8	Female, short-cycle tertiary (isced 5) or higher	32.39100438	1.279557331	1.0	4	Country or Area	Sub-Saharan Africa	[1975, 1976, 1982, 1991, 1992, 1993, 1994, 1995, 1996, 1999, 2000, 2001, 2002, 2003, 2004, 2006, 2010, 2011]	1975	2011	18	0	2
II.7	a00b1ab7	Proportion of females among tertiary education teachers or professors	a00b1ab7	Proportion of females among tertiary education teachers or professors	834	United Republic of Tanzania	F	Female	AGG_5T8	Short-cycle tertiary (ISCED 5) or higher	SEX__EDUCATION_LEV	F__AGG_5T8	Female, short-cycle tertiary (isced 5) or higher	34.80521182	-6.265332606	1.0	4	Country or Area	Sub-Saharan Africa	[1977, 1978, 1979, 1982, 1983, 1987, 1995, 1999, 2001, 2003, 2004, 2005, 2010, 2012]	1977	2012	14	0	2
II.7	a00b1ab7	Proportion of females among tertiary education teachers or professors	a00b1ab7	Proportion of females among tertiary education teachers or professors	716	Zimbabwe	F	Female	AGG_5T8	Short-cycle tertiary (ISCED 5) or higher	SEX__EDUCATION_LEV	F__AGG_5T8	Female, short-cycle tertiary (isced 5) or higher	29.86909584	-19.00075492	1.0	4	Country or Area	Sub-Saharan Africa	[2010, 2011, 2013, 2015]	2010	2015	4	1	4
II.7	a00b1ab7	Proportion of females among tertiary education teachers or professors	a00b1ab7	Proportion of females among tertiary education teachers or professors	203	Czechia	F	Female	AGG_5T8	Short-cycle tertiary (ISCED 5) or higher	SEX__EDUCATION_LEV	F__AGG_5T8	Female, short-cycle tertiary (isced 5) or higher	15.33151382	49.73913871	1.0	4	Country or Area	Europe and Northern America	[1993, 1994, 1996, 1999, 2000, 2001, 2003, 2005, 2006, 2011, 2012]	1993	2012	11	0	2
II.7	a00b1ab7	Proportion of females among tertiary education teachers or professors	a00b1ab7	Proportion of females among tertiary education teachers or professors	807	North Macedonia	F	Female	AGG_5T8	Short-cycle tertiary (ISCED 5) or higher	SEX__EDUCATION_LEV	F__AGG_5T8	Female, short-cycle tertiary (isced 5) or higher	21.7007909	41.60048068	1.0	4	Country or Area	Europe and Northern America	[1993, 1994, 1995, 1996, 1997, 1999, 2000, 2001, 2002, 2003, 2004, 2005, 2006, 2007, 2008, 2009, 2010, 2011, 2012, 2013, 2014, 2015]	1993	2015	22	1	6
II.7	a00b1ab7	Proportion of females among tertiary education teachers or professors	a00b1ab7	Proportion of females among tertiary education teachers or professors	748	Eswatini	F	Female	AGG_5T8	Short-cycle tertiary (ISCED 5) or higher	SEX__EDUCATION_LEV	F__AGG_5T8	Female, short-cycle tertiary (isced 5) or higher	31.50149288	-26.56471011	1.0	4	Country or Area	Sub-Saharan Africa	[1974, 1975, 1976, 1977, 1979, 1980, 1981, 1990, 1991, 1996, 1999, 2000, 2002, 2004, 2005, 2006, 2011, 2013, 2014, 2015]	1974	2015	20	1	4
II.7	a00b1ab7	Proportion of females among tertiary education teachers or professors	a00b1ab7	Proportion of females among tertiary education teachers or professors	500	Montserrat	F	Female	AGG_5T8	Short-cycle tertiary (ISCED 5) or higher	SEX__EDUCATION_LEV	F__AGG_5T8	Female, short-cycle tertiary (isced 5) or higher	-62.19261223	16.73558313		4	Country or Area	Latin America and the Caribbean	[1998, 1999, 2000, 2001, 2002, 2003, 2004, 2005, 2006, 2007]	1998	2007	10	0	0
II.7	a00b1ab7	Proportion of females among tertiary education teachers or professors	a00b1ab7	Proportion of females among tertiary education teachers or professors	796	Turks and Caicos Islands	F	Female	AGG_5T8	Short-cycle tertiary (ISCED 5) or higher	SEX__EDUCATION_LEV	F__AGG_5T8	Female, short-cycle tertiary (isced 5) or higher	-71.745121	21.80780585		4	Country or Area	Latin America and the Caribbean	[1999, 2000, 2001, 2002, 2003, 2004, 2005]	1999	2005	7	0	0
II.7	a00b1ab7	Proportion of females among tertiary education teachers or professors	a00b1ab7	Proportion of females among tertiary education teachers or professors	296	Kiribati	F	Female	AGG_5T8	Short-cycle tertiary (ISCED 5) or higher	SEX__EDUCATION_LEV	F__AGG_5T8	Female, short-cycle tertiary (isced 5) or higher	-157.5643005	1.768837732	1.0	4	Country or Area	Oceania, exc. Australia and New Zealand	[1970, 1971, 1972, 1973, 1974, 1975, 1976, 1977, 1978, 1979, 1980, 1981, 1982, 1983, 1984, 1985, 1986, 1987, 1988, 1989, 1990, 1991, 1992, 1993, 1994, 1995, 1996, 1997, 1999, 2000, 2001, 2002, 2003, 2004, 2005, 2006, 2007, 2008, 2009, 2012]	1970	2012	40	0	1
II.7	a00b1ab7	Proportion of females among tertiary education teachers or professors	a00b1ab7	Proportion of females among tertiary education teachers or professors	520	Nauru	F	Female	AGG_5T8	Short-cycle tertiary (ISCED 5) or higher	SEX__EDUCATION_LEV	F__AGG_5T8	Female, short-cycle tertiary (isced 5) or higher	166.92313	-0.528742623	1.0	4	Country or Area	Oceania, exc. Australia and New Zealand	[1970, 1971, 1972, 1973, 1974, 1975, 1976, 1977, 1978, 1979, 1980, 1981, 1982, 1983, 1984, 1985, 1986, 1987, 1988, 1989, 1990, 1991, 1992, 1993, 1994, 1995, 1996, 1997, 1998, 1999, 2000, 2001, 2002, 2003, 2004, 2005, 2006, 2007, 2008]	1970	2008	39	0	0
II.7	a00b1ab7	Proportion of females among tertiary education teachers or professors	a00b1ab7	Proportion of females among tertiary education teachers or professors	570	Niue	F	Female	AGG_5T8	Short-cycle tertiary (ISCED 5) or higher	SEX__EDUCATION_LEV	F__AGG_5T8	Female, short-cycle tertiary (isced 5) or higher	-169.8601693	-19.05000475		4	Country or Area	Oceania, exc. Australia and New Zealand	[1970, 1971, 1972, 1973, 1974, 1975, 1976, 1977, 1978, 1979, 1980, 1981, 1982, 1983, 1984, 1985, 1986, 1987, 1988, 1989, 1990, 1998, 1999, 2000, 2001, 2002, 2003, 2004, 2005, 2006, 2007, 2008, 2009, 2016]	1970	2016	34	1	1
II.7	a00b1ab7	Proportion of females among tertiary education teachers or professors	a00b1ab7	Proportion of females among tertiary education teachers or professors	90	Solomon Islands	F	Female	AGG_5T8	Short-cycle tertiary (ISCED 5) or higher	SEX__EDUCATION_LEV	F__AGG_5T8	Female, short-cycle tertiary (isced 5) or higher	160.1584117	-9.622391719	1.0	4	Country or Area	Oceania, exc. Australia and New Zealand	[1970, 1971, 1972, 1973, 1974, 1975, 1976, 1977, 1978, 1979, 1980, 1981, 1982, 1983, 1984, 1985, 1986, 1987, 1988, 1989, 1990, 1991, 1992, 1993, 1994, 1995, 1996, 1997, 1998, 1999, 2000, 2001, 2002, 2003, 2004, 2005, 2006, 2007, 2008, 2009]	1970	2009	40	0	0
II.7	a00b1ab7	Proportion of females among tertiary education teachers or professors	a00b1ab7	Proportion of females among tertiary education teachers or professors	772	Tokelau	F	Female	AGG_5T8	Short-cycle tertiary (ISCED 5) or higher	SEX__EDUCATION_LEV	F__AGG_5T8	Female, short-cycle tertiary (isced 5) or higher	-171.8154473	-9.214545558		4	Country or Area	Oceania, exc. Australia and New Zealand	[1970, 1971, 1972, 1973, 1974, 1975, 1976, 1977, 1978, 1979, 1980, 1981, 1982, 1983, 1984, 1985, 1986, 1987, 1988, 1989, 1990, 1991, 1992, 1993, 1994, 1995, 1996, 1997, 1998, 1999, 2000, 2001, 2002, 2003, 2004, 2005, 2006, 2007, 2008, 2009]	1970	2009	40	0	0
II.7	a00b1ab7	Proportion of females among tertiary education teachers or professors	a00b1ab7	Proportion of females among tertiary education teachers or professors	798	Tuvalu	F	Female	AGG_5T8	Short-cycle tertiary (ISCED 5) or higher	SEX__EDUCATION_LEV	F__AGG_5T8	Female, short-cycle tertiary (isced 5) or higher	178.6679611	-7.460048071	1.0	4	Country or Area	Oceania, exc. Australia and New Zealand	[1970, 1971, 1972, 1973, 1974, 1975, 1976, 1977, 1978, 1979, 1980, 1981, 1982, 1983, 1984, 1985, 1986, 1987, 1988, 1989, 1990, 1991, 1992, 1993, 1994, 1995, 1996, 1997, 1998, 1999, 2000, 2001, 2002, 2003, 2004, 2005, 2006, 2007, 2008, 2009]	1970	2009	40	0	0
