INDICATOR_LABEL	INDICATOR_ID	INDICATOR_DESC	MINSET_SERIES	MINSET_SERIES_DESC	REF_AREA	REF_AREA_DESC	SEX	SEX_DESC	TSK_sub_dims	TSK_sub_id	TSK_sub_desc	ISO3	X	Y	UNmember	GEOLEVEL	GEOLEVEL_Desc	SDG_REGION	years	min_year	max_year	N_years	N_years_lag5	N_years_lag10
IV.3	6b4d10a8	Proportion of women in managerial positions	6b4d10a8	Proportion of women in managerial positions	458	Malaysia	F	Female	SEX	F	Female	MYS	116.8346314	5.452415309	1.0	4	Country or Area	Eastern and South-Eastern Asia	[2001, 2002, 2003, 2004, 2005, 2006, 2007, 2008, 2009, 2010, 2011, 2012, 2013, 2014, 2015, 2016]	2001	2016	16	2	7
IV.3	6b4d10a8	Proportion of women in managerial positions	6b4d10a8	Proportion of women in managerial positions	512	Oman	F	Female	SEX	F	Female	OMN	57.87743482	21.98805614	1.0	4	Country or Area	Northern Africa and Western Asia	[2000, 2008, 2016]	2000	2016	3	1	1
IV.3	6b4d10a8	Proportion of women in managerial positions	6b4d10a8	Proportion of women in managerial positions	784	United Arab Emirates	F	Female	SEX	F	Female	ARE	53.98279159	23.43322219	1.0	4	Country or Area	Northern Africa and Western Asia	[2005, 2008, 2016, 2017]	2005	2017	4	2	2
IV.3	6b4d10a8	Proportion of women in managerial positions	6b4d10a8	Proportion of women in managerial positions	516	Namibia	F	Female	SEX	F	Female	NAM	17.21907885	-22.13817068	1.0	4	Country or Area	Sub-Saharan Africa	[2000, 2004, 2010, 2012, 2013, 2014, 2016]	2000	2016	7	1	5
IV.3	6b4d10a8	Proportion of women in managerial positions	6b4d10a8	Proportion of women in managerial positions	643	Russian Federation	F	Female	SEX	F	Female	RUS	99.01404926	61.61899849	1.0	4	Country or Area	Europe and Northern America	[2000, 2001, 2002, 2003, 2004, 2005, 2006, 2007, 2008, 2009, 2010, 2011, 2012, 2013, 2014, 2015, 2016, 2017]	2000	2017	18	3	8
IV.3	6b4d10a8	Proportion of women in managerial positions	6b4d10a8	Proportion of women in managerial positions	332	Haiti	F	Female	SEX	F	Female	HTI	-72.33640958	18.40426539	1.0	4	Country or Area	Latin America and the Caribbean	[2003]	2003	2003	1	0	0
IV.3	6b4d10a8	Proportion of women in managerial positions	6b4d10a8	Proportion of women in managerial positions	364	Iran (Islamic Republic of)	F	Female	SEX	F	Female	IRN	54.19766348	32.74370885	1.0	4	Country or Area	Central and Southern Asia	[2005, 2006, 2007, 2008, 2009, 2010, 2014, 2015, 2016, 2017]	2005	2017	10	3	5
IV.3	6b4d10a8	Proportion of women in managerial positions	6b4d10a8	Proportion of women in managerial positions	426	Lesotho	F	Female	SEX	F	Female	LSO	28.25362195	-29.58041814	1.0	4	Country or Area	Sub-Saharan Africa	[2006, 2008]	2006	2008	2	0	0
IV.3	6b4d10a8	Proportion of women in managerial positions	6b4d10a8	Proportion of women in managerial positions	558	Nicaragua	F	Female	SEX	F	Female	NIC	-85.03060315	12.84210839	1.0	4	Country or Area	Latin America and the Caribbean	[2003, 2004, 2005, 2006, 2012, 2014]	2003	2014	6	0	2
IV.3	6b4d10a8	Proportion of women in managerial positions	6b4d10a8	Proportion of women in managerial positions	144	Sri Lanka	F	Female	SEX	F	Female	LKA	80.70489654	7.614693343	1.0	4	Country or Area	Central and Southern Asia	[2002, 2003, 2004, 2005, 2006, 2007, 2008, 2009, 2010, 2011, 2012, 2013, 2014, 2017]	2002	2017	14	1	6
IV.3	6b4d10a8	Proportion of women in managerial positions	6b4d10a8	Proportion of women in managerial positions	800	Uganda	F	Female	SEX	F	Female	UGA	32.39100438	1.279557331	1.0	4	Country or Area	Sub-Saharan Africa	[2002, 2003, 2009, 2012, 2013, 2017]	2002	2017	6	1	3
IV.3	6b4d10a8	Proportion of women in managerial positions	6b4d10a8	Proportion of women in managerial positions	222	El Salvador	F	Female	SEX	F	Female	SLV	-88.86862995	13.73603564	1.0	4	Country or Area	Latin America and the Caribbean	[2000, 2001, 2002, 2003, 2004, 2005, 2006, 2007, 2008, 2009, 2010, 2011, 2012, 2013, 2014, 2015, 2016, 2017]	2000	2017	18	3	8
IV.3	6b4d10a8	Proportion of women in managerial positions	6b4d10a8	Proportion of women in managerial positions	192	Cuba	F	Female	SEX	F	Female	CUB	-79.54460144	22.10030366	1.0	4	Country or Area	Latin America and the Caribbean	[2009, 2010]	2009	2010	2	0	1
IV.3	6b4d10a8	Proportion of women in managerial positions	6b4d10a8	Proportion of women in managerial positions	44	Bahamas	F	Female	SEX	F	Female	BHS	-78.05111663	24.69546597	1.0	4	Country or Area	Latin America and the Caribbean	[2001, 2002, 2003, 2004, 2005, 2006, 2007, 2008, 2009, 2011]	2001	2011	10	0	1
IV.3	6b4d10a8	Proportion of women in managerial positions	6b4d10a8	Proportion of women in managerial positions	70	Bosnia and Herzegovina	F	Female	SEX	F	Female	BIH	17.78584332	44.16845548	1.0	4	Country or Area	Europe and Northern America	[2006, 2007, 2008, 2009, 2010, 2011, 2012, 2014, 2015]	2006	2015	9	1	5
IV.3	6b4d10a8	Proportion of women in managerial positions	6b4d10a8	Proportion of women in managerial positions	48	Bahrain	F	Female	SEX	F	Female	BHR	50.5490754	26.04407747	1.0	4	Country or Area	Northern Africa and Western Asia	[2001, 2004]	2001	2004	2	0	0
IV.3	6b4d10a8	Proportion of women in managerial positions	6b4d10a8	Proportion of women in managerial positions	807	North Macedonia	F	Female	SEX	F	Female	MKD	21.7007909	41.60048068	1.0	4	Country or Area	Europe and Northern America	[2002, 2003, 2004, 2005, 2006, 2007, 2008, 2009, 2010, 2011, 2012, 2013, 2014, 2015, 2016, 2017]	2002	2017	16	3	8
IV.3	6b4d10a8	Proportion of women in managerial positions	6b4d10a8	Proportion of women in managerial positions	682	Saudi Arabia	F	Female	SEX	F	Female	SAU	44.54763347	24.12594211	1.0	4	Country or Area	Northern Africa and Western Asia	[2006, 2007, 2008, 2009, 2013, 2014, 2015]	2006	2015	7	1	3
IV.3	6b4d10a8	Proportion of women in managerial positions	6b4d10a8	Proportion of women in managerial positions	72	Botswana	F	Female	SEX	F	Female	BWA	23.81380223	-22.18810073	1.0	4	Country or Area	Sub-Saharan Africa	[2000, 2001, 2003, 2006, 2009, 2010]	2000	2010	6	0	1
IV.3	6b4d10a8	Proportion of women in managerial positions	6b4d10a8	Proportion of women in managerial positions	591	Panama	F	Female	SEX	F	Female	PAN	-81.26616623	8.450965746	1.0	4	Country or Area	Latin America and the Caribbean	[2001, 2002, 2003, 2004, 2005, 2006, 2007, 2008, 2009, 2010, 2011, 2012, 2013, 2014, 2015, 2016, 2017]	2001	2017	17	3	8
IV.3	6b4d10a8	Proportion of women in managerial positions	6b4d10a8	Proportion of women in managerial positions	646	Rwanda	F	Female	SEX	F	Female	RWA	29.92310194	-1.999842114	1.0	4	Country or Area	Sub-Saharan Africa	[2012, 2014, 2017]	2012	2017	3	1	3
IV.3	6b4d10a8	Proportion of women in managerial positions	6b4d10a8	Proportion of women in managerial positions	96	Brunei Darussalam	F	Female	SEX	F	Female	BRN	114.6288563	4.49736984	1.0	4	Country or Area	Eastern and South-Eastern Asia	[2001, 2014]	2001	2014	2	0	1
IV.3	6b4d10a8	Proportion of women in managerial positions	6b4d10a8	Proportion of women in managerial positions	31	Azerbaijan	F	Female	SEX	F	Female	AZE	50.01064725	40.39229544	1.0	4	Country or Area	Northern Africa and Western Asia	[2010, 2011, 2012, 2013, 2014, 2015, 2016, 2017]	2010	2017	8	3	8
IV.3	6b4d10a8	Proportion of women in managerial positions	6b4d10a8	Proportion of women in managerial positions	422	Lebanon	F	Female	SEX	F	Female	LBN	35.89391711	33.92152458	1.0	4	Country or Area	Northern Africa and Western Asia	[2004, 2007]	2004	2007	2	0	0
IV.3	6b4d10a8	Proportion of women in managerial positions	6b4d10a8	Proportion of women in managerial positions	740	Suriname	F	Female	SEX	F	Female	SUR	-55.90626394	4.132603197	1.0	4	Country or Area	Latin America and the Caribbean	[2013, 2015]	2013	2015	2	1	2
IV.3	6b4d10a8	Proportion of women in managerial positions	6b4d10a8	Proportion of women in managerial positions	414	Kuwait	F	Female	SEX	F	Female	KWT	47.49305029	29.53949468	1.0	4	Country or Area	Northern Africa and Western Asia	[2005, 2015, 2016]	2005	2016	3	2	2
IV.3	6b4d10a8	Proportion of women in managerial positions	6b4d10a8	Proportion of women in managerial positions	450	Madagascar	F	Female	SEX	F	Female	MDG	46.6982339	-19.38514785	1.0	4	Country or Area	Sub-Saharan Africa	[2005, 2010, 2012, 2015]	2005	2015	4	1	3
IV.3	6b4d10a8	Proportion of women in managerial positions	6b4d10a8	Proportion of women in managerial positions	32	Argentina	F	Female	SEX	F	Female	ARG	-65.14563274	-35.19446255	1.0	4	Country or Area	Latin America and the Caribbean	[2000, 2001, 2002, 2003, 2004, 2005, 2006, 2008, 2009, 2010, 2011, 2012, 2013, 2014, 2017]	2000	2017	15	1	6
IV.3	6b4d10a8	Proportion of women in managerial positions	6b4d10a8	Proportion of women in managerial positions	818	Egypt	F	Female	SEX	F	Female	EGY	29.77468534	26.57438204	1.0	4	Country or Area	Northern Africa and Western Asia	[2000, 2001, 2002, 2003, 2004, 2005, 2006, 2007, 2008, 2009, 2010, 2011, 2012, 2013, 2015, 2016, 2017]	2000	2017	17	3	7
IV.3	6b4d10a8	Proportion of women in managerial positions	6b4d10a8	Proportion of women in managerial positions	586	Pakistan	F	Female	SEX	F	Female	PAK	68.80479684	29.36491634	1.0	4	Country or Area	Central and Southern Asia	[2001, 2002, 2003, 2004, 2005, 2006, 2007, 2008, 2009, 2010, 2011, 2013, 2014, 2015, 2016]	2001	2016	15	2	6
IV.3	6b4d10a8	Proportion of women in managerial positions	6b4d10a8	Proportion of women in managerial positions	51	Armenia	F	Female	SEX	F	Female	ARM	44.93839317	40.29499741	1.0	4	Country or Area	Northern Africa and Western Asia	[2008, 2011, 2013, 2014, 2015, 2016, 2017]	2008	2017	7	3	6
IV.3	6b4d10a8	Proportion of women in managerial positions	6b4d10a8	Proportion of women in managerial positions	188	Costa Rica	F	Female	SEX	F	Female	CRI	-84.19712782	9.970998683	1.0	4	Country or Area	Latin America and the Caribbean	[2000, 2001, 2002, 2003, 2004, 2005, 2006, 2007, 2008, 2010, 2011, 2012, 2013, 2014, 2015, 2016, 2017]	2000	2017	17	3	8
IV.3	6b4d10a8	Proportion of women in managerial positions	6b4d10a8	Proportion of women in managerial positions	480	Mauritius	F	Female	SEX	F	Female	MUS	57.568022	-20.28581998	1.0	4	Country or Area	Sub-Saharan Africa	[2000, 2001, 2002, 2003, 2004, 2005, 2006, 2007, 2008, 2009, 2010, 2011, 2012, 2013, 2014, 2016, 2017]	2000	2017	17	2	7
IV.3	6b4d10a8	Proportion of women in managerial positions	6b4d10a8	Proportion of women in managerial positions	704	Viet Nam	F	Female	SEX	F	Female	VNM	105.802499	10.09643079	1.0	4	Country or Area	Eastern and South-Eastern Asia	[2000, 2001, 2002, 2003, 2004, 2007, 2009, 2010, 2011, 2012, 2013, 2014, 2015, 2016, 2017]	2000	2017	15	3	8
IV.3	6b4d10a8	Proportion of women in managerial positions	6b4d10a8	Proportion of women in managerial positions	702	Singapore	F	Female	SEX	F	Female	SGP	103.8107883	1.361009155	1.0	4	Country or Area	Eastern and South-Eastern Asia	[2001, 2002, 2003, 2004, 2006, 2007, 2008, 2009, 2010, 2011, 2012, 2013, 2014, 2015, 2017]	2001	2017	15	2	7
IV.3	6b4d10a8	Proportion of women in managerial positions	6b4d10a8	Proportion of women in managerial positions	634	Qatar	F	Female	SEX	F	Female	QAT	51.19152467	25.28355379	1.0	4	Country or Area	Northern Africa and Western Asia	[2001, 2004, 2006, 2007, 2009, 2013, 2015, 2016, 2017]	2001	2017	9	3	4
IV.3	6b4d10a8	Proportion of women in managerial positions	6b4d10a8	Proportion of women in managerial positions	36	Australia	F	Female	SEX	F	Female	AUS	134.3499412	-25.57717202	1.0	4	Country or Area	Australia and New Zealand	[2000, 2001, 2002, 2003, 2004, 2005, 2006, 2007, 2008, 2009, 2010, 2011, 2012, 2013, 2014, 2015, 2016]	2000	2016	17	2	7
IV.3	6b4d10a8	Proportion of women in managerial positions	6b4d10a8	Proportion of women in managerial positions	212	Dominica	F	Female	SEX	F	Female	DMA	-61.3493756	15.43391378	1.0	4	Country or Area	Latin America and the Caribbean	[2001]	2001	2001	1	0	0
IV.3	6b4d10a8	Proportion of women in managerial positions	6b4d10a8	Proportion of women in managerial positions	64	Bhutan	F	Female	SEX	F	Female	BTN	90.45098484	27.39598568	1.0	4	Country or Area	Central and Southern Asia	[2013, 2014, 2015]	2013	2015	3	1	3
IV.3	6b4d10a8	Proportion of women in managerial positions	6b4d10a8	Proportion of women in managerial positions	116	Cambodia	F	Female	SEX	F	Female	KHM	104.922836	12.71163737	1.0	4	Country or Area	Eastern and South-Eastern Asia	[2000, 2001, 2012]	2000	2012	3	0	1
IV.3	6b4d10a8	Proportion of women in managerial positions	6b4d10a8	Proportion of women in managerial positions	218	Ecuador	F	Female	SEX	F	Female	ECU	-78.37005241	-1.447785891	1.0	4	Country or Area	Latin America and the Caribbean	[2000, 2001, 2002, 2003, 2004, 2005, 2006, 2007, 2008, 2009, 2010, 2011, 2012, 2013, 2014, 2015, 2016, 2017]	2000	2017	18	3	8
IV.3	6b4d10a8	Proportion of women in managerial positions	6b4d10a8	Proportion of women in managerial positions	296	Kiribati	F	Female	SEX	F	Female	KIR	-157.5643005	1.768837732	1.0	4	Country or Area	Oceania, exc. Australia and New Zealand	[2005, 2010]	2005	2010	2	0	1
IV.3	6b4d10a8	Proportion of women in managerial positions	6b4d10a8	Proportion of women in managerial positions	417	Kyrgyzstan	F	Female	SEX	F	Female	KGZ	74.52324839	41.46204516	1.0	4	Country or Area	Central and Southern Asia	[2002, 2003, 2004, 2005, 2006, 2009, 2010, 2011, 2012, 2013, 2014, 2015, 2016, 2017]	2002	2017	14	3	8
IV.3	6b4d10a8	Proportion of women in managerial positions	6b4d10a8	Proportion of women in managerial positions	882	Samoa	F	Female	SEX	F	Female	WSM	-172.4430749	-13.61541469	1.0	4	Country or Area	Oceania, exc. Australia and New Zealand	[2001, 2006, 2011, 2012, 2014, 2017]	2001	2017	6	1	4
IV.3	6b4d10a8	Proportion of women in managerial positions	6b4d10a8	Proportion of women in managerial positions	798	Tuvalu	F	Female	SEX	F	Female	TUV	178.6679611	-7.460048071	1.0	4	Country or Area	Oceania, exc. Australia and New Zealand	[2002]	2002	2002	1	0	0
IV.3	6b4d10a8	Proportion of women in managerial positions	6b4d10a8	Proportion of women in managerial positions	548	Vanuatu	F	Female	SEX	F	Female	VUT	167.0679779	-15.34445547	1.0	4	Country or Area	Oceania, exc. Australia and New Zealand	[2009]	2009	2009	1	0	0
IV.3	6b4d10a8	Proportion of women in managerial positions	6b4d10a8	Proportion of women in managerial positions	499	Montenegro	F	Female	SEX	F	Female	MNE	19.25214024	42.78717043	1.0	4	Country or Area	Europe and Northern America	[2005, 2007, 2008, 2009, 2010, 2011, 2012, 2013, 2014, 2015, 2016, 2017]	2005	2017	12	3	8
IV.3	6b4d10a8	Proportion of women in managerial positions	6b4d10a8	Proportion of women in managerial positions	688	Serbia	F	Female	SEX	F	Female	SRB	20.805876	44.03145697	1.0	4	Country or Area	Europe and Northern America	[2004, 2005, 2006, 2007, 2008, 2009, 2011, 2012, 2013, 2014, 2015, 2016, 2017]	2004	2017	13	3	7
IV.3	6b4d10a8	Proportion of women in managerial positions	6b4d10a8	Proportion of women in managerial positions	484	Mexico	F	Female	SEX	F	Female	MEX	-102.5148166	23.93378032	1.0	4	Country or Area	Latin America and the Caribbean	[2000, 2001, 2002, 2003, 2004, 2013, 2014, 2015, 2016, 2017]	2000	2017	10	3	5
IV.3	6b4d10a8	Proportion of women in managerial positions	6b4d10a8	Proportion of women in managerial positions	788	Tunisia	F	Female	SEX	F	Female	TUN	9.572737411	34.11439971	1.0	4	Country or Area	Northern Africa and Western Asia	[2009, 2010, 2011, 2012]	2009	2012	4	0	3
IV.3	6b4d10a8	Proportion of women in managerial positions	6b4d10a8	Proportion of women in managerial positions	12	Algeria	F	Female	SEX	F	Female	DZA	2.678164227	28.15940032	1.0	4	Country or Area	Northern Africa and Western Asia	[2001, 2003, 2004, 2013, 2014, 2017]	2001	2017	6	1	3
IV.3	6b4d10a8	Proportion of women in managerial positions	6b4d10a8	Proportion of women in managerial positions	462	Maldives	F	Female	SEX	F	Female	MDV	73.09672546	-0.614385021	1.0	4	Country or Area	Central and Southern Asia	[2000, 2014, 2016]	2000	2016	3	1	2
IV.3	6b4d10a8	Proportion of women in managerial positions	6b4d10a8	Proportion of women in managerial positions	764	Thailand	F	Female	SEX	F	Female	THA	101.0202951	15.13089239	1.0	4	Country or Area	Eastern and South-Eastern Asia	[2001, 2002, 2003, 2004, 2005, 2006, 2007, 2008, 2009, 2010, 2011, 2012, 2013, 2014, 2015, 2016]	2001	2016	16	2	7
IV.3	6b4d10a8	Proportion of women in managerial positions	6b4d10a8	Proportion of women in managerial positions	8	Albania	F	Female	SEX	F	Female	ALB	20.06660928	41.13897007	1.0	4	Country or Area	Europe and Northern America	[2007, 2008, 2009, 2010, 2012, 2013, 2017]	2007	2017	7	1	4
IV.3	6b4d10a8	Proportion of women in managerial positions	6b4d10a8	Proportion of women in managerial positions	112	Belarus	F	Female	SEX	F	Female	BLR	28.04940161	53.54193075	1.0	4	Country or Area	Europe and Northern America	[2009, 2016, 2017]	2009	2017	3	2	2
IV.3	6b4d10a8	Proportion of women in managerial positions	6b4d10a8	Proportion of women in managerial positions	388	Jamaica	F	Female	SEX	F	Female	JAM	-77.31068409	18.15616857	1.0	4	Country or Area	Latin America and the Caribbean	[2017]	2017	2017	1	1	1
IV.3	6b4d10a8	Proportion of women in managerial positions	6b4d10a8	Proportion of women in managerial positions	410	Republic of Korea	F	Female	SEX	F	Female	KOR	127.8610254	36.45201023	1.0	4	Country or Area	Eastern and South-Eastern Asia	[2000, 2001, 2002, 2003, 2004, 2005, 2006, 2007, 2008, 2009, 2010, 2011, 2012, 2013, 2014, 2015, 2016, 2017]	2000	2017	18	3	8
IV.3	6b4d10a8	Proportion of women in managerial positions	6b4d10a8	Proportion of women in managerial positions	716	Zimbabwe	F	Female	SEX	F	Female	ZWE	29.86909584	-19.00075492	1.0	4	Country or Area	Sub-Saharan Africa	[2011, 2014]	2011	2014	2	0	2
IV.3	6b4d10a8	Proportion of women in managerial positions	6b4d10a8	Proportion of women in managerial positions	376	Israel	F	Female	SEX	F	Female	ISR	34.62277992	31.06164552	1.0	4	Country or Area	Northern Africa and Western Asia	[2000, 2001, 2002, 2003, 2004, 2005, 2006, 2007, 2008, 2009, 2010, 2011, 2012, 2013, 2014, 2015, 2016, 2017]	2000	2017	18	3	8
IV.3	6b4d10a8	Proportion of women in managerial positions	6b4d10a8	Proportion of women in managerial positions	392	Japan	F	Female	SEX	F	Female	JPN	139.2716103	36.6554539	1.0	4	Country or Area	Eastern and South-Eastern Asia	[2009, 2010, 2011, 2012, 2013, 2014, 2015, 2016, 2017]	2009	2017	9	3	8
IV.3	6b4d10a8	Proportion of women in managerial positions	6b4d10a8	Proportion of women in managerial positions	268	Georgia	F	Female	SEX	F	Female	GEO	43.3713615	42.04813028	1.0	4	Country or Area	Northern Africa and Western Asia	[2000, 2001, 2002, 2003, 2004, 2005, 2006, 2007, 2017]	2000	2017	9	1	1
IV.3	6b4d10a8	Proportion of women in managerial positions	6b4d10a8	Proportion of women in managerial positions	804	Ukraine	F	Female	SEX	F	Female	UKR	31.40270802	49.00735945	1.0	4	Country or Area	Europe and Northern America	[2000, 2001, 2002, 2003, 2004, 2005, 2006, 2007, 2008, 2009, 2010, 2013, 2014, 2015, 2016, 2017]	2000	2017	16	3	6
IV.3	6b4d10a8	Proportion of women in managerial positions	6b4d10a8	Proportion of women in managerial positions	108	Burundi	F	Female	SEX	F	Female	BDI	29.89080992	-3.366387428	1.0	4	Country or Area	Sub-Saharan Africa	[2014, 2017]	2014	2017	2	1	2
IV.3	6b4d10a8	Proportion of women in managerial positions	6b4d10a8	Proportion of women in managerial positions	124	Canada	F	Female	SEX	F	Female	CAN	-101.6575058	57.72360191	1.0	4	Country or Area	Europe and Northern America	[2000, 2001, 2002, 2003, 2004, 2005, 2006, 2007, 2008, 2009, 2010, 2011, 2012, 2013, 2014]	2000	2014	15	0	5
IV.3	6b4d10a8	Proportion of women in managerial positions	6b4d10a8	Proportion of women in managerial positions	498	Republic of Moldova	F	Female	SEX	F	Female	MDA	28.4650624	47.20236795	1.0	4	Country or Area	Europe and Northern America	[2000, 2001, 2002, 2003, 2004, 2005, 2006, 2007, 2008, 2009, 2010, 2011, 2012, 2013, 2014, 2015, 2016, 2017]	2000	2017	18	3	8
IV.3	6b4d10a8	Proportion of women in managerial positions	6b4d10a8	Proportion of women in managerial positions	690	Seychelles	F	Female	SEX	F	Female	SYC	55.46561591	-4.678053059	1.0	4	Country or Area	Sub-Saharan Africa	[2011, 2014, 2015, 2016, 2017]	2011	2017	5	3	5
IV.3	6b4d10a8	Proportion of women in managerial positions	6b4d10a8	Proportion of women in managerial positions	356	India	F	Female	SEX	F	Female	IND	79.3608464	22.34642074	1.0	4	Country or Area	Central and Southern Asia	[2000, 2005, 2010, 2012]	2000	2012	4	0	2
IV.3	6b4d10a8	Proportion of women in managerial positions	6b4d10a8	Proportion of women in managerial positions	604	Peru	F	Female	SEX	F	Female	PER	-71.82093277	-13.58939705	1.0	4	Country or Area	Latin America and the Caribbean	[2000, 2001, 2002, 2003, 2004, 2005, 2006, 2007, 2008, 2009, 2010, 2011, 2012, 2013, 2014, 2015, 2016, 2017]	2000	2017	18	3	8
IV.3	6b4d10a8	Proportion of women in managerial positions	6b4d10a8	Proportion of women in managerial positions	858	Uruguay	F	Female	SEX	F	Female	URY	-56.01387025	-32.8002838	1.0	4	Country or Area	Latin America and the Caribbean	[2000, 2001, 2002, 2003, 2004, 2005, 2006, 2007, 2008, 2009, 2010, 2011, 2012, 2013, 2014, 2015, 2016, 2017]	2000	2017	18	3	8
IV.3	6b4d10a8	Proportion of women in managerial positions	6b4d10a8	Proportion of women in managerial positions	52	Barbados	F	Female	SEX	F	Female	BRB	-59.5346489	13.13648273	1.0	4	Country or Area	Latin America and the Caribbean	[2000, 2001, 2002, 2003, 2004, 2013, 2014, 2015, 2016]	2000	2016	9	2	4
IV.3	6b4d10a8	Proportion of women in managerial positions	6b4d10a8	Proportion of women in managerial positions	398	Kazakhstan	F	Female	SEX	F	Female	KAZ	66.65359159	48.01963494	1.0	4	Country or Area	Central and Southern Asia	[2001, 2002, 2003, 2004, 2005, 2006, 2007, 2008, 2009, 2010, 2011, 2012, 2013, 2015]	2001	2015	14	1	5
IV.3	6b4d10a8	Proportion of women in managerial positions	6b4d10a8	Proportion of women in managerial positions	608	Philippines	F	Female	SEX	F	Female	PHL	120.8601418	14.16591706	1.0	4	Country or Area	Eastern and South-Eastern Asia	[2002, 2006, 2007, 2008, 2009, 2010, 2011, 2012, 2013, 2014, 2015, 2017]	2002	2017	12	2	7
IV.3	6b4d10a8	Proportion of women in managerial positions	6b4d10a8	Proportion of women in managerial positions	792	Turkey	F	Female	SEX	F	Female	TUR	35.42890329	38.9899684	1.0	4	Country or Area	Northern Africa and Western Asia	[2001, 2002, 2003, 2004, 2005, 2006, 2007, 2008, 2009, 2011, 2012, 2013, 2014, 2015, 2016, 2017]	2001	2017	16	3	7
IV.3	6b4d10a8	Proportion of women in managerial positions	6b4d10a8	Proportion of women in managerial positions	554	New Zealand	F	Female	SEX	F	Female	NZL	170.4755673	-43.98721568	1.0	4	Country or Area	Australia and New Zealand	[2000, 2001, 2002, 2003, 2004, 2005, 2006, 2007, 2008]	2000	2008	9	0	0
IV.3	6b4d10a8	Proportion of women in managerial positions	6b4d10a8	Proportion of women in managerial positions	170	Colombia	F	Female	SEX	F	Female	COL	-73.07446751	3.888209046	1.0	4	Country or Area	Latin America and the Caribbean	[2009]	2009	2009	1	0	0
IV.3	6b4d10a8	Proportion of women in managerial positions	6b4d10a8	Proportion of women in managerial positions	50	Bangladesh	F	Female	SEX	F	Female	BGD	89.17660788	22.86961622	1.0	4	Country or Area	Central and Southern Asia	[2006, 2010, 2013, 2016, 2017]	2006	2017	5	2	4
IV.3	6b4d10a8	Proportion of women in managerial positions	6b4d10a8	Proportion of women in managerial positions	780	Trinidad and Tobago	F	Female	SEX	F	Female	TTO	-61.29389504	10.41877263	1.0	4	Country or Area	Latin America and the Caribbean	[2000, 2001, 2002, 2003, 2004, 2005, 2009, 2010, 2011, 2012, 2013, 2014, 2015, 2016]	2000	2016	14	2	7
IV.3	6b4d10a8	Proportion of women in managerial positions	6b4d10a8	Proportion of women in managerial positions	191	Croatia	F	Female	SEX	F	Female	HRV	17.95874553	45.45172212	1.0	4	Country or Area	Europe and Northern America	[2000, 2001, 2002, 2003, 2004, 2005, 2006, 2007, 2008, 2009, 2010, 2011, 2012, 2013, 2014, 2015, 2016, 2017]	2000	2017	18	3	8
IV.3	6b4d10a8	Proportion of women in managerial positions	6b4d10a8	Proportion of women in managerial positions	242	Fiji	F	Female	SEX	F	Female	FJI	177.9660884	-17.83301566	1.0	4	Country or Area	Oceania, exc. Australia and New Zealand	[2004, 2005, 2007, 2011, 2014, 2016]	2004	2016	6	1	3
IV.3	6b4d10a8	Proportion of women in managerial positions	6b4d10a8	Proportion of women in managerial positions	854	Burkina Faso	F	Female	SEX	F	Female	BFA	-1.742843829	12.27491081	1.0	4	Country or Area	Sub-Saharan Africa	[2006]	2006	2006	1	0	0
IV.3	6b4d10a8	Proportion of women in managerial positions	6b4d10a8	Proportion of women in managerial positions	662	Saint Lucia	F	Female	SEX	F	Female	LCA	-60.96529553	13.89405601	1.0	4	Country or Area	Latin America and the Caribbean	[2000, 2002, 2003, 2004, 2005, 2006]	2000	2006	6	0	0
IV.3	6b4d10a8	Proportion of women in managerial positions	6b4d10a8	Proportion of women in managerial positions	760	Syrian Arab Republic	F	Female	SEX	F	Female	SYR	38.50466565	35.01676176	1.0	4	Country or Area	Northern Africa and Western Asia	[2007, 2009, 2010]	2007	2010	3	0	1
IV.3	6b4d10a8	Proportion of women in managerial positions	6b4d10a8	Proportion of women in managerial positions	40	Austria	F	Female	SEX	F	Female	AUT	14.14172472	47.58704857	1.0	4	Country or Area	Europe and Northern America	[2000, 2001, 2002, 2003, 2004, 2005, 2006, 2007, 2008, 2009, 2010, 2011, 2012, 2013, 2014, 2015, 2016, 2017]	2000	2017	18	3	8
IV.3	6b4d10a8	Proportion of women in managerial positions	6b4d10a8	Proportion of women in managerial positions	56	Belgium	F	Female	SEX	F	Female	BEL	4.660976456	50.64104975	1.0	4	Country or Area	Europe and Northern America	[2000, 2001, 2002, 2003, 2004, 2005, 2006, 2007, 2008, 2009, 2010, 2011, 2012, 2013, 2014, 2015, 2016, 2017]	2000	2017	18	3	8
IV.3	6b4d10a8	Proportion of women in managerial positions	6b4d10a8	Proportion of women in managerial positions	100	Bulgaria	F	Female	SEX	F	Female	BGR	25.23763153	42.75731323	1.0	4	Country or Area	Europe and Northern America	[2000, 2001, 2002, 2003, 2004, 2005, 2006, 2007, 2008, 2009, 2010, 2011, 2012, 2013, 2014, 2015, 2016, 2017]	2000	2017	18	3	8
IV.3	6b4d10a8	Proportion of women in managerial positions	6b4d10a8	Proportion of women in managerial positions	196	Cyprus	F	Female	SEX	F	Female	CYP	33.22285964	35.05659437	1.0	4	Country or Area	Northern Africa and Western Asia	[2000, 2001, 2002, 2003, 2004, 2005, 2006, 2007, 2008, 2009, 2010, 2011, 2012, 2013, 2014, 2015, 2016, 2017]	2000	2017	18	3	8
IV.3	6b4d10a8	Proportion of women in managerial positions	6b4d10a8	Proportion of women in managerial positions	203	Czechia	F	Female	SEX	F	Female	CZE	15.33151382	49.73913871	1.0	4	Country or Area	Europe and Northern America	[2000, 2001, 2002, 2003, 2004, 2005, 2006, 2007, 2008, 2009, 2010, 2011, 2012, 2013, 2014, 2015, 2016, 2017]	2000	2017	18	3	8
IV.3	6b4d10a8	Proportion of women in managerial positions	6b4d10a8	Proportion of women in managerial positions	208	Denmark	F	Female	SEX	F	Female	DNK	9.326571283	56.03829721	1.0	4	Country or Area	Europe and Northern America	[2000, 2001, 2002, 2003, 2004, 2005, 2006, 2007, 2008, 2009, 2010, 2011, 2012, 2013, 2014, 2015, 2016, 2017]	2000	2017	18	3	8
IV.3	6b4d10a8	Proportion of women in managerial positions	6b4d10a8	Proportion of women in managerial positions	233	Estonia	F	Female	SEX	F	Female	EST	25.84093481	58.68487172	1.0	4	Country or Area	Europe and Northern America	[2000, 2001, 2002, 2003, 2004, 2005, 2006, 2007, 2008, 2009, 2010, 2011, 2012, 2013, 2014, 2015, 2016, 2017]	2000	2017	18	3	8
IV.3	6b4d10a8	Proportion of women in managerial positions	6b4d10a8	Proportion of women in managerial positions	246	Finland	F	Female	SEX	F	Female	FIN	23.308447	61.91586738	1.0	4	Country or Area	Europe and Northern America	[2000, 2001, 2002, 2003, 2004, 2005, 2006, 2007, 2008, 2009, 2010, 2011, 2012, 2013, 2014, 2015, 2016, 2017]	2000	2017	18	3	8
IV.3	6b4d10a8	Proportion of women in managerial positions	6b4d10a8	Proportion of women in managerial positions	250	France	F	Female	SEX	F	Female	FRA	2.457288129	46.62660861	1.0	4	Country or Area	Europe and Northern America	[2000, 2001, 2002, 2003, 2004, 2005, 2006, 2007, 2008, 2009, 2010, 2011, 2012, 2013, 2014, 2015, 2016, 2017]	2000	2017	18	3	8
IV.3	6b4d10a8	Proportion of women in managerial positions	6b4d10a8	Proportion of women in managerial positions	276	Germany	F	Female	SEX	F	Female	DEU	10.3806066	51.08862743	1.0	4	Country or Area	Europe and Northern America	[2000, 2001, 2002, 2003, 2004, 2005, 2006, 2007, 2008, 2009, 2010, 2011, 2012, 2013, 2014, 2015, 2016, 2017]	2000	2017	18	3	8
IV.3	6b4d10a8	Proportion of women in managerial positions	6b4d10a8	Proportion of women in managerial positions	300	Greece	F	Female	SEX	F	Female	GRC	22.58307827	39.47301873	1.0	4	Country or Area	Europe and Northern America	[2000, 2001, 2002, 2003, 2004, 2005, 2006, 2007, 2008, 2009, 2010, 2011, 2012, 2013, 2014, 2015, 2016, 2017]	2000	2017	18	3	8
IV.3	6b4d10a8	Proportion of women in managerial positions	6b4d10a8	Proportion of women in managerial positions	348	Hungary	F	Female	SEX	F	Female	HUN	19.41221519	47.1651448	1.0	4	Country or Area	Europe and Northern America	[2000, 2001, 2002, 2003, 2004, 2005, 2006, 2007, 2008, 2009, 2010, 2011, 2012, 2013, 2014, 2015, 2016, 2017]	2000	2017	18	3	8
IV.3	6b4d10a8	Proportion of women in managerial positions	6b4d10a8	Proportion of women in managerial positions	352	Iceland	F	Female	SEX	F	Female	ISL	-19.02116966	64.79134763	1.0	4	Country or Area	Europe and Northern America	[2000, 2001, 2002, 2003, 2004, 2005, 2006, 2007, 2008, 2009, 2010, 2011, 2012, 2013, 2014, 2015, 2016, 2017]	2000	2017	18	3	8
IV.3	6b4d10a8	Proportion of women in managerial positions	6b4d10a8	Proportion of women in managerial positions	372	Ireland	F	Female	SEX	F	Female	IRL	-7.121425272	53.25274054	1.0	4	Country or Area	Europe and Northern America	[2000, 2001, 2002, 2003, 2004, 2005, 2006, 2007, 2008, 2009, 2010, 2011, 2012, 2013, 2014, 2015, 2016, 2017]	2000	2017	18	3	8
IV.3	6b4d10a8	Proportion of women in managerial positions	6b4d10a8	Proportion of women in managerial positions	428	Latvia	F	Female	SEX	F	Female	LVA	26.42461876	56.64196636	1.0	4	Country or Area	Europe and Northern America	[2000, 2001, 2002, 2003, 2004, 2005, 2006, 2007, 2008, 2009, 2010, 2011, 2012, 2013, 2014, 2015, 2016, 2017]	2000	2017	18	3	8
IV.3	6b4d10a8	Proportion of women in managerial positions	6b4d10a8	Proportion of women in managerial positions	440	Lithuania	F	Female	SEX	F	Female	LTU	23.90517807	55.33680309	1.0	4	Country or Area	Europe and Northern America	[2000, 2001, 2002, 2003, 2004, 2005, 2006, 2007, 2008, 2009, 2010, 2011, 2012, 2013, 2014, 2016, 2017]	2000	2017	17	2	7
IV.3	6b4d10a8	Proportion of women in managerial positions	6b4d10a8	Proportion of women in managerial positions	442	Luxembourg	F	Female	SEX	F	Female	LUX	6.092656563	49.77679538	1.0	4	Country or Area	Europe and Northern America	[2000, 2001, 2002, 2003, 2004, 2005, 2006, 2007, 2008, 2009, 2010, 2011, 2012, 2013, 2014, 2015, 2016, 2017]	2000	2017	18	3	8
IV.3	6b4d10a8	Proportion of women in managerial positions	6b4d10a8	Proportion of women in managerial positions	470	Malta	F	Female	SEX	F	Female	MLT	14.44617519	35.89194275	1.0	4	Country or Area	Europe and Northern America	[2000, 2001, 2002, 2003, 2004, 2005, 2006, 2007, 2008, 2009, 2010, 2011, 2012, 2013, 2014, 2015, 2016, 2017]	2000	2017	18	3	8
IV.3	6b4d10a8	Proportion of women in managerial positions	6b4d10a8	Proportion of women in managerial positions	528	Netherlands	F	Female	SEX	F	Female	NLD	5.331480568	51.86728884	1.0	4	Country or Area	Europe and Northern America	[2000, 2001, 2002, 2003, 2004, 2005, 2006, 2007, 2008, 2009, 2010, 2011, 2012, 2013, 2014, 2015, 2016, 2017]	2000	2017	18	3	8
IV.3	6b4d10a8	Proportion of women in managerial positions	6b4d10a8	Proportion of women in managerial positions	578	Norway	F	Female	SEX	F	Female	NOR	11.47846389	61.34311134	1.0	4	Country or Area	Europe and Northern America	[2000, 2001, 2002, 2003, 2004, 2005, 2006, 2007, 2008, 2009, 2010, 2011, 2012, 2013, 2014, 2015, 2016, 2017]	2000	2017	18	3	8
IV.3	6b4d10a8	Proportion of women in managerial positions	6b4d10a8	Proportion of women in managerial positions	616	Poland	F	Female	SEX	F	Female	POL	19.40660158	52.1226733	1.0	4	Country or Area	Europe and Northern America	[2000, 2001, 2002, 2003, 2004, 2005, 2006, 2007, 2008, 2009, 2010, 2011, 2012, 2013, 2014, 2015, 2016, 2017]	2000	2017	18	3	8
IV.3	6b4d10a8	Proportion of women in managerial positions	6b4d10a8	Proportion of women in managerial positions	620	Portugal	F	Female	SEX	F	Female	PRT	-7.961599811	39.68509315	1.0	4	Country or Area	Europe and Northern America	[2000, 2001, 2002, 2003, 2004, 2005, 2006, 2007, 2008, 2009, 2010, 2011, 2012, 2013, 2014, 2015, 2016, 2017]	2000	2017	18	3	8
IV.3	6b4d10a8	Proportion of women in managerial positions	6b4d10a8	Proportion of women in managerial positions	642	Romania	F	Female	SEX	F	Female	ROU	24.98481009	45.83893563	1.0	4	Country or Area	Europe and Northern America	[2000, 2001, 2002, 2003, 2004, 2005, 2006, 2007, 2008, 2009, 2010, 2011, 2012, 2013, 2014, 2015, 2016, 2017]	2000	2017	18	3	8
IV.3	6b4d10a8	Proportion of women in managerial positions	6b4d10a8	Proportion of women in managerial positions	703	Slovakia	F	Female	SEX	F	Female	SVK	19.48495604	48.70741446	1.0	4	Country or Area	Europe and Northern America	[2000, 2001, 2002, 2003, 2004, 2005, 2006, 2007, 2008, 2009, 2010, 2011, 2012, 2013, 2014, 2015, 2016, 2017]	2000	2017	18	3	8
IV.3	6b4d10a8	Proportion of women in managerial positions	6b4d10a8	Proportion of women in managerial positions	705	Slovenia	F	Female	SEX	F	Female	SVN	14.82209486	46.11958061	1.0	4	Country or Area	Europe and Northern America	[2000, 2001, 2002, 2003, 2004, 2005, 2006, 2007, 2008, 2009, 2010, 2011, 2012, 2013, 2014, 2015, 2016, 2017]	2000	2017	18	3	8
IV.3	6b4d10a8	Proportion of women in managerial positions	6b4d10a8	Proportion of women in managerial positions	724	Spain	F	Female	SEX	F	Female	ESP	-3.554078296	40.39211472	1.0	4	Country or Area	Europe and Northern America	[2000, 2001, 2002, 2003, 2004, 2005, 2006, 2007, 2008, 2009, 2010, 2011, 2012, 2013, 2014, 2015, 2016, 2017]	2000	2017	18	3	8
IV.3	6b4d10a8	Proportion of women in managerial positions	6b4d10a8	Proportion of women in managerial positions	752	Sweden	F	Female	SEX	F	Female	SWE	14.3775338	60.60103109	1.0	4	Country or Area	Europe and Northern America	[2000, 2001, 2002, 2003, 2004, 2005, 2006, 2007, 2008, 2009, 2010, 2011, 2012, 2013, 2014, 2015, 2016, 2017]	2000	2017	18	3	8
IV.3	6b4d10a8	Proportion of women in managerial positions	6b4d10a8	Proportion of women in managerial positions	756	Switzerland	F	Female	SEX	F	Female	CHE	8.223158	46.96617097	1.0	4	Country or Area	Europe and Northern America	[2000, 2001, 2002, 2003, 2004, 2005, 2006, 2007, 2008, 2009, 2010, 2011, 2012, 2013, 2014, 2015, 2016, 2017]	2000	2017	18	3	8
IV.3	6b4d10a8	Proportion of women in managerial positions	6b4d10a8	Proportion of women in managerial positions	826	United Kingdom of Great Britain and Northern Ireland	F	Female	SEX	F	Female	GBR	-2.23830539	53.27691757	1.0	4	Country or Area	Europe and Northern America	[2000, 2001, 2002, 2003, 2004, 2005, 2006, 2007, 2008, 2009, 2010, 2011, 2012, 2013, 2014, 2015, 2016, 2017]	2000	2017	18	3	8
IV.3	6b4d10a8	Proportion of women in managerial positions	6b4d10a8	Proportion of women in managerial positions	380	Italy	F	Female	SEX	F	Female	ITA	12.57022427	42.79917282	1.0	4	Country or Area	Europe and Northern America	[2000, 2001, 2002, 2003, 2004, 2005, 2006, 2007, 2008, 2009, 2010, 2011, 2012, 2013, 2014, 2015, 2016, 2017]	2000	2017	18	3	8
IV.3	6b4d10a8	Proportion of women in managerial positions	6b4d10a8	Proportion of women in managerial positions	132	Cabo Verde	F	Female	SEX	F	Female	CPV	-23.63544151	15.07791834	1.0	4	Country or Area	Sub-Saharan Africa	[2015, 2017]	2015	2017	2	2	2
IV.3	6b4d10a8	Proportion of women in managerial positions	6b4d10a8	Proportion of women in managerial positions	328	Guyana	F	Female	SEX	F	Female	GUY	-58.97322037	4.788012784	1.0	4	Country or Area	Latin America and the Caribbean	[2002, 2017]	2002	2017	2	1	1
IV.3	6b4d10a8	Proportion of women in managerial positions	6b4d10a8	Proportion of women in managerial positions	340	Honduras	F	Female	SEX	F	Female	HND	-86.59974381	14.82243161	1.0	4	Country or Area	Latin America and the Caribbean	[2005, 2006, 2007, 2008, 2009, 2010, 2011, 2012, 2013, 2014, 2015, 2016, 2017]	2005	2017	13	3	8
IV.3	6b4d10a8	Proportion of women in managerial positions	6b4d10a8	Proportion of women in managerial positions	418	Lao People's Democratic Republic	F	Female	SEX	F	Female	LAO	101.9901968	20.27482773	1.0	4	Country or Area	Eastern and South-Eastern Asia	[2010, 2017]	2010	2017	2	1	2
IV.3	6b4d10a8	Proportion of women in managerial positions	6b4d10a8	Proportion of women in managerial positions	496	Mongolia	F	Female	SEX	F	Female	MNG	103.0728057	46.83892054	1.0	4	Country or Area	Eastern and South-Eastern Asia	[2000, 2008, 2009, 2010, 2011, 2012, 2013, 2014, 2015, 2016, 2017]	2000	2017	11	3	8
IV.3	6b4d10a8	Proportion of women in managerial positions	6b4d10a8	Proportion of women in managerial positions	104	Myanmar	F	Female	SEX	F	Female	MMR	96.51752295	21.19332882	1.0	4	Country or Area	Eastern and South-Eastern Asia	[2015, 2017]	2015	2017	2	2	2
IV.3	6b4d10a8	Proportion of women in managerial positions	6b4d10a8	Proportion of women in managerial positions	566	Nigeria	F	Female	SEX	F	Female	NGA	8.097363256	9.585789025	1.0	4	Country or Area	Sub-Saharan Africa	[2011, 2013, 2016]	2011	2016	3	1	3
IV.3	6b4d10a8	Proportion of women in managerial positions	6b4d10a8	Proportion of women in managerial positions	626	Timor-Leste	F	Female	SEX	F	Female	TLS	125.9451052	-8.797497247	1.0	4	Country or Area	Eastern and South-Eastern Asia	[2010, 2013]	2010	2013	2	0	2
IV.3	6b4d10a8	Proportion of women in managerial positions	6b4d10a8	Proportion of women in managerial positions	840	United States of America	F	Female	SEX	F	Female	USA	-99.13830311	39.5277871	1.0	4	Country or Area	Europe and Northern America	[2000, 2001, 2002, 2003, 2004, 2005, 2006, 2007, 2008, 2009, 2010, 2011, 2012, 2013, 2014, 2015, 2016, 2017]	2000	2017	18	3	8
IV.3	6b4d10a8	Proportion of women in managerial positions	6b4d10a8	Proportion of women in managerial positions	24	Angola	F	Female	SEX	F	Female	AGO	17.57817062	-12.33724746	1.0	4	Country or Area	Sub-Saharan Africa	[2004, 2010, 2011, 2014]	2004	2014	4	0	3
IV.3	6b4d10a8	Proportion of women in managerial positions	6b4d10a8	Proportion of women in managerial positions	84	Belize	F	Female	SEX	F	Female	BLZ	-88.70199554	17.19965901	1.0	4	Country or Area	Latin America and the Caribbean	[2014, 2015, 2017]	2014	2017	3	2	3
IV.3	6b4d10a8	Proportion of women in managerial positions	6b4d10a8	Proportion of women in managerial positions	68	Bolivia (Plurinational State of)	F	Female	SEX	F	Female	BOL	-64.66224284	-16.71273412	1.0	4	Country or Area	Latin America and the Caribbean	[2008, 2009, 2011, 2012, 2013, 2014, 2015, 2016, 2017]	2008	2017	9	3	7
IV.3	6b4d10a8	Proportion of women in managerial positions	6b4d10a8	Proportion of women in managerial positions	76	Brazil	F	Female	SEX	F	Female	BRA	-53.08432878	-10.77668561	1.0	4	Country or Area	Latin America and the Caribbean	[2001, 2002, 2003, 2004, 2005, 2006, 2007, 2008, 2009, 2011, 2012, 2013, 2014, 2015, 2016, 2017]	2001	2017	16	3	7
IV.3	6b4d10a8	Proportion of women in managerial positions	6b4d10a8	Proportion of women in managerial positions	120	Cameroon	F	Female	SEX	F	Female	CMR	12.7419827	5.692387031	1.0	4	Country or Area	Sub-Saharan Africa	[2014]	2014	2014	1	0	1
IV.3	6b4d10a8	Proportion of women in managerial positions	6b4d10a8	Proportion of women in managerial positions	152	Chile	F	Female	SEX	F	Female	CHL	-71.23029019	-35.2652885	1.0	4	Country or Area	Latin America and the Caribbean	[2010, 2011, 2012, 2013, 2014, 2015, 2016, 2017]	2010	2017	8	3	8
IV.3	6b4d10a8	Proportion of women in managerial positions	6b4d10a8	Proportion of women in managerial positions	174	Comoros	F	Female	SEX	F	Female	COM	43.34234565	-11.66121732	1.0	4	Country or Area	Sub-Saharan Africa	[2004]	2004	2004	1	0	0
IV.3	6b4d10a8	Proportion of women in managerial positions	6b4d10a8	Proportion of women in managerial positions	180	Democratic Republic of the Congo	F	Female	SEX	F	Female	COD	23.65496507	-2.877154732	1.0	4	Country or Area	Sub-Saharan Africa	[2005, 2012]	2005	2012	2	0	1
IV.3	6b4d10a8	Proportion of women in managerial positions	6b4d10a8	Proportion of women in managerial positions	214	Dominican Republic	F	Female	SEX	F	Female	DOM	-70.49847576	18.89832088	1.0	4	Country or Area	Latin America and the Caribbean	[2000, 2001, 2002, 2003, 2004, 2005, 2006, 2007, 2008, 2009, 2010, 2011, 2012, 2013, 2014, 2015, 2016, 2017]	2000	2017	18	3	8
IV.3	6b4d10a8	Proportion of women in managerial positions	6b4d10a8	Proportion of women in managerial positions	748	Eswatini	F	Female	SEX	F	Female	SWZ	31.50149288	-26.56471011	1.0	4	Country or Area	Sub-Saharan Africa	[2016]	2016	2016	1	1	1
IV.3	6b4d10a8	Proportion of women in managerial positions	6b4d10a8	Proportion of women in managerial positions	231	Ethiopia	F	Female	SEX	F	Female	ETH	39.63505296	8.631223181	1.0	4	Country or Area	Sub-Saharan Africa	[2005, 2013]	2005	2013	2	0	1
IV.3	6b4d10a8	Proportion of women in managerial positions	6b4d10a8	Proportion of women in managerial positions	288	Ghana	F	Female	SEX	F	Female	GHA	-1.205623522	7.964825185	1.0	4	Country or Area	Sub-Saharan Africa	[2006, 2013, 2015]	2006	2015	3	1	2
IV.3	6b4d10a8	Proportion of women in managerial positions	6b4d10a8	Proportion of women in managerial positions	320	Guatemala	F	Female	SEX	F	Female	GTM	-91.2312746	15.00273719	1.0	4	Country or Area	Latin America and the Caribbean	[2003, 2004, 2010, 2011, 2012, 2013, 2014, 2015, 2016]	2003	2016	9	2	7
IV.3	6b4d10a8	Proportion of women in managerial positions	6b4d10a8	Proportion of women in managerial positions	360	Indonesia	F	Female	SEX	F	Female	IDN	113.9174	-0.994582204	1.0	4	Country or Area	Eastern and South-Eastern Asia	[2000, 2001, 2002, 2003, 2004, 2005, 2006, 2007, 2008, 2009, 2010, 2012, 2013, 2014, 2015, 2017]	2000	2017	16	2	6
IV.3	6b4d10a8	Proportion of women in managerial positions	6b4d10a8	Proportion of women in managerial positions	368	Iraq	F	Female	SEX	F	Female	IRQ	43.76606267	33.05013795	1.0	4	Country or Area	Northern Africa and Western Asia	[2007, 2012]	2007	2012	2	0	1
IV.3	6b4d10a8	Proportion of women in managerial positions	6b4d10a8	Proportion of women in managerial positions	508	Mozambique	F	Female	SEX	F	Female	MOZ	38.18479941	-14.27963886	1.0	4	Country or Area	Sub-Saharan Africa	[2015]	2015	2015	1	1	1
IV.3	6b4d10a8	Proportion of women in managerial positions	6b4d10a8	Proportion of women in managerial positions	585	Palau	F	Female	SEX	F	Female	PLW	134.5733878	7.502307591	1.0	4	Country or Area	Oceania, exc. Australia and New Zealand	[2000]	2000	2000	1	0	0
IV.3	6b4d10a8	Proportion of women in managerial positions	6b4d10a8	Proportion of women in managerial positions	600	Paraguay	F	Female	SEX	F	Female	PRY	-60.54854225	-21.70216237	1.0	4	Country or Area	Latin America and the Caribbean	[2002, 2003, 2004, 2005, 2006, 2007, 2008, 2009, 2010, 2011, 2012, 2013, 2014, 2015, 2016, 2017]	2002	2017	16	3	8
IV.3	6b4d10a8	Proportion of women in managerial positions	6b4d10a8	Proportion of women in managerial positions	686	Senegal	F	Female	SEX	F	Female	SEN	-14.46636926	14.35920905	1.0	4	Country or Area	Sub-Saharan Africa	[2015]	2015	2015	1	1	1
IV.3	6b4d10a8	Proportion of women in managerial positions	6b4d10a8	Proportion of women in managerial positions	694	Sierra Leone	F	Female	SEX	F	Female	SLE	-11.78306584	8.568604164	1.0	4	Country or Area	Sub-Saharan Africa	[2014]	2014	2014	1	0	1
IV.3	6b4d10a8	Proportion of women in managerial positions	6b4d10a8	Proportion of women in managerial positions	710	South Africa	F	Female	SEX	F	Female	ZAF	24.67184355	-29.99957544	1.0	4	Country or Area	Sub-Saharan Africa	[2000, 2001, 2002, 2003, 2004, 2005, 2006, 2007, 2008, 2009, 2010, 2011, 2012, 2013, 2014, 2015, 2016, 2017]	2000	2017	18	3	8
IV.3	6b4d10a8	Proportion of women in managerial positions	6b4d10a8	Proportion of women in managerial positions	768	Togo	F	Female	SEX	F	Female	TGO	0.97835765	8.532096072	1.0	4	Country or Area	Sub-Saharan Africa	[2011, 2015]	2011	2015	2	1	2
IV.3	6b4d10a8	Proportion of women in managerial positions	6b4d10a8	Proportion of women in managerial positions	862	Venezuela (Bolivarian Republic of)	F	Female	SEX	F	Female	VEN	-66.15642084	7.121324748	1.0	4	Country or Area	Latin America and the Caribbean	[2005, 2006, 2007, 2008, 2009, 2010, 2011, 2012]	2005	2012	8	0	3
IV.3	6b4d10a8	Proportion of women in managerial positions	6b4d10a8	Proportion of women in managerial positions	887	Yemen	F	Female	SEX	F	Female	YEM	45.22389143	15.22242099	1.0	4	Country or Area	Northern Africa and Western Asia	[2004, 2006, 2010, 2014]	2004	2014	4	0	2
IV.3	6b4d10a8	Proportion of women in managerial positions	6b4d10a8	Proportion of women in managerial positions	270	Gambia	F	Female	SEX	F	Female	GMB	-15.39944785	13.45295927	1.0	4	Country or Area	Sub-Saharan Africa	[2012]	2012	2012	1	0	1
IV.3	6b4d10a8	Proportion of women in managerial positions	6b4d10a8	Proportion of women in managerial positions	430	Liberia	F	Female	SEX	F	Female	LBR	-9.311879038	6.448381009	1.0	4	Country or Area	Sub-Saharan Africa	[2010]	2010	2010	1	0	1
IV.3	6b4d10a8	Proportion of women in managerial positions	6b4d10a8	Proportion of women in managerial positions	454	Malawi	F	Female	SEX	F	Female	MWI	33.4884625	-13.40819859	1.0	4	Country or Area	Sub-Saharan Africa	[2013]	2013	2013	1	0	1
IV.3	6b4d10a8	Proportion of women in managerial positions	6b4d10a8	Proportion of women in managerial positions	524	Nepal	F	Female	SEX	F	Female	NPL	83.94678863	28.25866332	1.0	4	Country or Area	Central and Southern Asia	[2008]	2008	2008	1	0	0
IV.3	6b4d10a8	Proportion of women in managerial positions	6b4d10a8	Proportion of women in managerial positions	598	Papua New Guinea	F	Female	SEX	F	Female	PNG	145.8587761	-6.756057077	1.0	4	Country or Area	Oceania, exc. Australia and New Zealand	[2010]	2010	2010	1	0	1
IV.3	6b4d10a8	Proportion of women in managerial positions	6b4d10a8	Proportion of women in managerial positions	762	Tajikistan	F	Female	SEX	F	Female	TJK	69.294998	38.43069666	1.0	4	Country or Area	Central and Southern Asia	[2009]	2009	2009	1	0	0
IV.3	6b4d10a8	Proportion of women in managerial positions	6b4d10a8	Proportion of women in managerial positions	834	United Republic of Tanzania	F	Female	SEX	F	Female	TZA	34.80521182	-6.265332606	1.0	4	Country or Area	Sub-Saharan Africa	[2001, 2006, 2014]	2001	2014	3	0	1
IV.3	6b4d10a8	Proportion of women in managerial positions	6b4d10a8	Proportion of women in managerial positions	275	State of Palestine	F	Female	SEX	F	Female	PSE	35.25694122	31.94347933		4	Country or Area	Northern Africa and Western Asia	[2000, 2001, 2002, 2003, 2004, 2005, 2006, 2007, 2009, 2010, 2011, 2012, 2013, 2014, 2015, 2016, 2017]	2000	2017	17	3	8
IV.3	6b4d10a8	Proportion of women in managerial positions	6b4d10a8	Proportion of women in managerial positions	504	Morocco	F	Female	SEX	F	Female	MAR	-6.281942841	31.8440131	1.0	4	Country or Area	Northern Africa and Western Asia	[2004, 2005, 2006, 2007, 2008]	2004	2008	5	0	0
IV.3	6b4d10a8	Proportion of women in managerial positions	6b4d10a8	Proportion of women in managerial positions	670	Saint Vincent and the Grenadines	F	Female	SEX	F	Female	VCT	-61.19024321	13.24627968	1.0	4	Country or Area	Latin America and the Caribbean	[2001]	2001	2001	1	0	0
IV.3	6b4d10a8	Proportion of women in managerial positions	6b4d10a8	Proportion of women in managerial positions	678	Sao Tome and Principe	F	Female	SEX	F	Female	STP	6.609772265	0.241554875	1.0	4	Country or Area	Sub-Saharan Africa	[2012]	2012	2012	1	0	1
IV.3	6b4d10a8	Proportion of women in managerial positions	6b4d10a8	Proportion of women in managerial positions	776	Tonga	F	Female	SEX	F	Female	TON	-175.1959991	-21.19511329	1.0	4	Country or Area	Oceania, exc. Australia and New Zealand	[2003]	2003	2003	1	0	0
IV.3	6b4d10a8	Proportion of women in managerial positions	6b4d10a8	Proportion of women in managerial positions	143	Central Asia	F	Female	SEX	F	Female					2	Sub-region	Central and Southern Asia	[2000, 2001, 2002, 2003, 2004, 2005, 2006, 2007, 2008, 2009, 2010, 2011, 2012, 2013, 2014, 2015, 2016, 2017, 2018]	2000	2018	19	4	9
IV.3	6b4d10a8	Proportion of women in managerial positions	6b4d10a8	Proportion of women in managerial positions	145	Western Asia	F	Female	SEX	F	Female					2	Sub-region	Northern Africa and Western Asia	[2000, 2001, 2002, 2003, 2004, 2005, 2006, 2007, 2008, 2009, 2010, 2011, 2012, 2013, 2014, 2015, 2016, 2017, 2018]	2000	2018	19	4	9
IV.3	6b4d10a8	Proportion of women in managerial positions	6b4d10a8	Proportion of women in managerial positions	150	Europe	F	Female	SEX	F	Female					1	Region	Europe and Northern America	[2000, 2001, 2002, 2003, 2004, 2005, 2006, 2007, 2008, 2009, 2010, 2011, 2012, 2013, 2014, 2015, 2016, 2017, 2018]	2000	2018	19	4	9
IV.3	6b4d10a8	Proportion of women in managerial positions	6b4d10a8	Proportion of women in managerial positions	199	Least Developed Countries (LDCs)	F	Female	SEX	F	Female					1	Region		[2000, 2001, 2002, 2003, 2004, 2005, 2006, 2007, 2008, 2009, 2010, 2011, 2012, 2013, 2014, 2015, 2016, 2017, 2018]	2000	2018	19	4	9
IV.3	6b4d10a8	Proportion of women in managerial positions	6b4d10a8	Proportion of women in managerial positions	202	Sub-Saharan Africa	F	Female	SEX	F	Female					2	Sub-region	Sub-Saharan Africa	[2000, 2001, 2002, 2003, 2004, 2005, 2006, 2007, 2008, 2009, 2010, 2011, 2012, 2013, 2014, 2015, 2016, 2017, 2018]	2000	2018	19	4	9
IV.3	6b4d10a8	Proportion of women in managerial positions	6b4d10a8	Proportion of women in managerial positions	419	Latin America and the Caribbean	F	Female	SEX	F	Female					2	Sub-region	Latin America and the Caribbean	[2000, 2001, 2002, 2003, 2004, 2005, 2006, 2007, 2008, 2009, 2010, 2011, 2012, 2013, 2014, 2015, 2016, 2017, 2018]	2000	2018	19	4	9
IV.3	6b4d10a8	Proportion of women in managerial positions	6b4d10a8	Proportion of women in managerial positions	432	Landlocked developing countries (LLDCs)	F	Female	SEX	F	Female					1	Region		[2000, 2001, 2002, 2003, 2004, 2005, 2006, 2007, 2008, 2009, 2010, 2011, 2012, 2013, 2014, 2015, 2016, 2017, 2018]	2000	2018	19	4	9
IV.3	6b4d10a8	Proportion of women in managerial positions	6b4d10a8	Proportion of women in managerial positions	513	Europe and Northern America	F	Female	SEX	F	Female					1	Region	Europe and Northern America	[2000, 2001, 2002, 2003, 2004, 2005, 2006, 2007, 2008, 2009, 2010, 2011, 2012, 2013, 2014, 2015, 2016, 2017, 2018]	2000	2018	19	4	9
IV.3	6b4d10a8	Proportion of women in managerial positions	6b4d10a8	Proportion of women in managerial positions	543	Oceania (exc. Australia and New Zealand)	F	Female	SEX	F	Female					2	Sub-region	Oceania, exc. Australia and New Zealand	[2000, 2001, 2002, 2003, 2004, 2005, 2006, 2007, 2008, 2009, 2010, 2011, 2012, 2013, 2014, 2015, 2016, 2017, 2018]	2000	2018	19	4	9
IV.3	6b4d10a8	Proportion of women in managerial positions	6b4d10a8	Proportion of women in managerial positions	722	Small island developing States (SIDS)	F	Female	SEX	F	Female					1	Region		[2000, 2001, 2002, 2003, 2004, 2005, 2006, 2007, 2008, 2009, 2010, 2011, 2012, 2013, 2014, 2015, 2016, 2017, 2018]	2000	2018	19	4	9
IV.3	6b4d10a8	Proportion of women in managerial positions	6b4d10a8	Proportion of women in managerial positions	747	Northern Africa and Western Asia	F	Female	SEX	F	Female					2	Sub-region	Northern Africa and Western Asia	[2000, 2001, 2002, 2003, 2004, 2005, 2006, 2007, 2008, 2009, 2010, 2011, 2012, 2013, 2014, 2015, 2016, 2017, 2018]	2000	2018	19	4	9
IV.3	6b4d10a8	Proportion of women in managerial positions	6b4d10a8	Proportion of women in managerial positions	753	Eastern and South-Eastern Asia	F	Female	SEX	F	Female					2	Sub-region	Eastern and South-Eastern Asia	[2000, 2001, 2002, 2003, 2004, 2005, 2006, 2007, 2008, 2009, 2010, 2011, 2012, 2013, 2014, 2015, 2016, 2017, 2018]	2000	2018	19	4	9
IV.3	6b4d10a8	Proportion of women in managerial positions	6b4d10a8	Proportion of women in managerial positions	53	Australia and New Zealand	F	Female	SEX	F	Female					2	Sub-region	Australia and New Zealand	[2000, 2001, 2002, 2003, 2004, 2005, 2006, 2007, 2008, 2009, 2010, 2011, 2012, 2013, 2014, 2015, 2016, 2017, 2018]	2000	2018	19	4	9
IV.3	6b4d10a8	Proportion of women in managerial positions	6b4d10a8	Proportion of women in managerial positions	62	Central and Southern Asia	F	Female	SEX	F	Female					2	Sub-region	Central and Southern Asia	[2000, 2001, 2002, 2003, 2004, 2005, 2006, 2007, 2008, 2009, 2010, 2011, 2012, 2013, 2014, 2015, 2016, 2017, 2018]	2000	2018	19	4	9
IV.3	6b4d10a8	Proportion of women in managerial positions	6b4d10a8	Proportion of women in managerial positions	30	Eastern Asia	F	Female	SEX	F	Female					2	Sub-region	Eastern and South-Eastern Asia	[2000, 2001, 2002, 2003, 2004, 2005, 2006, 2007, 2008, 2009, 2010, 2011, 2012, 2013, 2014, 2015, 2016, 2017, 2018]	2000	2018	19	4	9
IV.3	6b4d10a8	Proportion of women in managerial positions	6b4d10a8	Proportion of women in managerial positions	15	Northern Africa	F	Female	SEX	F	Female					2	Sub-region	Northern Africa and Western Asia	[2000, 2001, 2002, 2003, 2004, 2005, 2006, 2007, 2008, 2009, 2010, 2011, 2012, 2013, 2014, 2015, 2016, 2017, 2018]	2000	2018	19	4	9
IV.3	6b4d10a8	Proportion of women in managerial positions	6b4d10a8	Proportion of women in managerial positions	21	Northern America	F	Female	SEX	F	Female					2	Sub-region	Europe and Northern America	[2000, 2001, 2002, 2003, 2004, 2005, 2006, 2007, 2008, 2009, 2010, 2011, 2012, 2013, 2014, 2015, 2016, 2017, 2018]	2000	2018	19	4	9
IV.3	6b4d10a8	Proportion of women in managerial positions	6b4d10a8	Proportion of women in managerial positions	9	Oceania	F	Female	SEX	F	Female					1	Region		[2000, 2001, 2002, 2003, 2004, 2005, 2006, 2007, 2008, 2009, 2010, 2011, 2012, 2013, 2014, 2015, 2016, 2017, 2018]	2000	2018	19	4	9
IV.3	6b4d10a8	Proportion of women in managerial positions	6b4d10a8	Proportion of women in managerial positions	35	South-Eastern Asia	F	Female	SEX	F	Female					2	Sub-region	Eastern and South-Eastern Asia	[2000, 2001, 2002, 2003, 2004, 2005, 2006, 2007, 2008, 2010, 2011, 2012, 2013, 2014, 2015, 2016, 2017, 2018]	2000	2018	18	4	9
IV.3	6b4d10a8	Proportion of women in managerial positions	6b4d10a8	Proportion of women in managerial positions	34	Southern Asia	F	Female	SEX	F	Female					2	Sub-region	Central and Southern Asia	[2000, 2001, 2002, 2003, 2004, 2005, 2006, 2007, 2008, 2009, 2010, 2011, 2012, 2013, 2014, 2015, 2016, 2017, 2018]	2000	2018	19	4	9
IV.3	6b4d10a8	Proportion of women in managerial positions	6b4d10a8	Proportion of women in managerial positions	1	World	F	Female	SEX	F	Female					0	Global		[2000, 2001, 2002, 2003, 2004, 2005, 2006, 2007, 2008, 2009, 2010, 2011, 2012, 2013, 2014, 2015, 2016, 2017, 2018]	2000	2018	19	4	9
