INDICATOR_LABEL	INDICATOR_ID	INDICATOR_DESC	MINSET_SERIES	MINSET_SERIES_DESC	REF_AREA	REF_AREA_DESC	SEX	SEX_DESC	TSK_sub_dims	TSK_sub_id	TSK_sub_desc	sort_order	ISO3	X	Y	UNmember	GEOLEVEL	GEOLEVEL_Desc	SDG_REGION	years	min_year	max_year	N_years	N_years_lag5	N_years_lag10
QV.4	Ifdb90d43	Legal minimum age at marriage by sex	S174413b8	Minimum age for legal marriage - With parental consent	524	Nepal	F	Female	SEX	F	Female	12200	NPL	83.94678863	28.25866332	1.0	4	Country or Area	Central and Southern Asia	[2017]	2017	2017	1	1	1
QV.4	Ifdb90d43	Legal minimum age at marriage by sex	S174413b8	Minimum age for legal marriage - With parental consent	56	Belgium	F	Female	SEX	F	Female	12200	BEL	4.660976456	50.64104975	1.0	4	Country or Area	Europe and Northern America	[2017]	2017	2017	1	1	1
QV.4	Ifdb90d43	Legal minimum age at marriage by sex	S174413b8	Minimum age for legal marriage - With parental consent	250	France	F	Female	SEX	F	Female	12200	FRA	2.457288129	46.62660861	1.0	4	Country or Area	Europe and Northern America	[2017]	2017	2017	1	1	1
QV.4	Ifdb90d43	Legal minimum age at marriage by sex	S174413b8	Minimum age for legal marriage - With parental consent	434	Libya	F	Female	SEX	F	Female	12200	LBY	18.0295985	27.04042819	1.0	4	Country or Area	Northern Africa and Western Asia	[2017]	2017	2017	1	1	1
QV.4	Ifdb90d43	Legal minimum age at marriage by sex	S174413b8	Minimum age for legal marriage - With parental consent	72	Botswana	F	Female	SEX	F	Female	12200	BWA	23.81380223	-22.18810073	1.0	4	Country or Area	Sub-Saharan Africa	[2017]	2017	2017	1	1	1
QV.4	Ifdb90d43	Legal minimum age at marriage by sex	S174413b8	Minimum age for legal marriage - With parental consent	516	Namibia	F	Female	SEX	F	Female	12200	NAM	17.21907885	-22.13817068	1.0	4	Country or Area	Sub-Saharan Africa	[2017]	2017	2017	1	1	1
QV.4	Ifdb90d43	Legal minimum age at marriage by sex	S174413b8	Minimum age for legal marriage - With parental consent	524	Nepal	M	Male	SEX	M	Male	12200	NPL	83.94678863	28.25866332	1.0	4	Country or Area	Central and Southern Asia	[2017]	2017	2017	1	1	1
QV.4	Ifdb90d43	Legal minimum age at marriage by sex	S174413b8	Minimum age for legal marriage - With parental consent	56	Belgium	M	Male	SEX	M	Male	12200	BEL	4.660976456	50.64104975	1.0	4	Country or Area	Europe and Northern America	[2017]	2017	2017	1	1	1
QV.4	Ifdb90d43	Legal minimum age at marriage by sex	S174413b8	Minimum age for legal marriage - With parental consent	250	France	M	Male	SEX	M	Male	12200	FRA	2.457288129	46.62660861	1.0	4	Country or Area	Europe and Northern America	[2017]	2017	2017	1	1	1
QV.4	Ifdb90d43	Legal minimum age at marriage by sex	S174413b8	Minimum age for legal marriage - With parental consent	434	Libya	M	Male	SEX	M	Male	12200	LBY	18.0295985	27.04042819	1.0	4	Country or Area	Northern Africa and Western Asia	[2017]	2017	2017	1	1	1
QV.4	Ifdb90d43	Legal minimum age at marriage by sex	S174413b8	Minimum age for legal marriage - With parental consent	72	Botswana	M	Male	SEX	M	Male	12200	BWA	23.81380223	-22.18810073	1.0	4	Country or Area	Sub-Saharan Africa	[2017]	2017	2017	1	1	1
QV.4	Ifdb90d43	Legal minimum age at marriage by sex	S174413b8	Minimum age for legal marriage - With parental consent	516	Namibia	M	Male	SEX	M	Male	12200	NAM	17.21907885	-22.13817068	1.0	4	Country or Area	Sub-Saharan Africa	[2017]	2017	2017	1	1	1
QV.4	Ifdb90d43	Legal minimum age at marriage by sex	S174413b8	Minimum age for legal marriage - With parental consent	4	Afghanistan	F	Female	SEX	F	Female	12200	AFG	66.02688198	33.83160199	1.0	4	Country or Area	Central and Southern Asia	[2017]	2017	2017	1	1	1
QV.4	Ifdb90d43	Legal minimum age at marriage by sex	S174413b8	Minimum age for legal marriage - With parental consent	144	Sri Lanka	F	Female	SEX	F	Female	12200	LKA	80.70489654	7.614693343	1.0	4	Country or Area	Central and Southern Asia	[2017]	2017	2017	1	1	1
QV.4	Ifdb90d43	Legal minimum age at marriage by sex	S174413b8	Minimum age for legal marriage - With parental consent	364	Iran (Islamic Republic of)	F	Female	SEX	F	Female	12200	IRN	54.19766348	32.74370885	1.0	4	Country or Area	Central and Southern Asia	[2017]	2017	2017	1	1	1
QV.4	Ifdb90d43	Legal minimum age at marriage by sex	S174413b8	Minimum age for legal marriage - With parental consent	462	Maldives	F	Female	SEX	F	Female	12200	MDV	73.09672546	-0.614385021	1.0	4	Country or Area	Central and Southern Asia	[2017]	2017	2017	1	1	1
QV.4	Ifdb90d43	Legal minimum age at marriage by sex	S174413b8	Minimum age for legal marriage - With parental consent	36	Australia	F	Female	SEX	F	Female	12200	AUS	134.3499412	-25.57717202	1.0	4	Country or Area	Australia and New Zealand	[2017]	2017	2017	1	1	1
QV.4	Ifdb90d43	Legal minimum age at marriage by sex	S174413b8	Minimum age for legal marriage - With parental consent	40	Austria	F	Female	SEX	F	Female	12200	AUT	14.14172472	47.58704857	1.0	4	Country or Area	Europe and Northern America	[2017]	2017	2017	1	1	1
QV.4	Ifdb90d43	Legal minimum age at marriage by sex	S174413b8	Minimum age for legal marriage - With parental consent	100	Bulgaria	F	Female	SEX	F	Female	12200	BGR	25.23763153	42.75731323	1.0	4	Country or Area	Europe and Northern America	[2017]	2017	2017	1	1	1
QV.4	Ifdb90d43	Legal minimum age at marriage by sex	S174413b8	Minimum age for legal marriage - With parental consent	124	Canada	F	Female	SEX	F	Female	12200	CAN	-101.6575058	57.72360191	1.0	4	Country or Area	Europe and Northern America	[2017]	2017	2017	1	1	1
QV.4	Ifdb90d43	Legal minimum age at marriage by sex	S174413b8	Minimum age for legal marriage - With parental consent	191	Croatia	F	Female	SEX	F	Female	12200	HRV	17.95874553	45.45172212	1.0	4	Country or Area	Europe and Northern America	[2017]	2017	2017	1	1	1
QV.4	Ifdb90d43	Legal minimum age at marriage by sex	S174413b8	Minimum age for legal marriage - With parental consent	196	Cyprus	F	Female	SEX	F	Female	12200	CYP	33.22285964	35.05659437	1.0	4	Country or Area	Northern Africa and Western Asia	[2017]	2017	2017	1	1	1
QV.4	Ifdb90d43	Legal minimum age at marriage by sex	S174413b8	Minimum age for legal marriage - With parental consent	203	Czechia	F	Female	SEX	F	Female	12200	CZE	15.33151382	49.73913871	1.0	4	Country or Area	Europe and Northern America	[2017]	2017	2017	1	1	1
QV.4	Ifdb90d43	Legal minimum age at marriage by sex	S174413b8	Minimum age for legal marriage - With parental consent	208	Denmark	F	Female	SEX	F	Female	12200	DNK	9.326571283	56.03829721	1.0	4	Country or Area	Europe and Northern America	[2017]	2017	2017	1	1	1
QV.4	Ifdb90d43	Legal minimum age at marriage by sex	S174413b8	Minimum age for legal marriage - With parental consent	233	Estonia	F	Female	SEX	F	Female	12200	EST	25.84093481	58.68487172	1.0	4	Country or Area	Europe and Northern America	[2017]	2017	2017	1	1	1
QV.4	Ifdb90d43	Legal minimum age at marriage by sex	S174413b8	Minimum age for legal marriage - With parental consent	276	Germany	F	Female	SEX	F	Female	12200	DEU	10.3806066	51.08862743	1.0	4	Country or Area	Europe and Northern America	[2017]	2017	2017	1	1	1
QV.4	Ifdb90d43	Legal minimum age at marriage by sex	S174413b8	Minimum age for legal marriage - With parental consent	304	Greenland	F	Female	SEX	F	Female	12200	GRL	-41.39371316	74.75625681		4	Country or Area	Europe and Northern America	[2017]	2017	2017	1	1	1
QV.4	Ifdb90d43	Legal minimum age at marriage by sex	S174413b8	Minimum age for legal marriage - With parental consent	348	Hungary	F	Female	SEX	F	Female	12200	HUN	19.41221519	47.1651448	1.0	4	Country or Area	Europe and Northern America	[2017]	2017	2017	1	1	1
QV.4	Ifdb90d43	Legal minimum age at marriage by sex	S174413b8	Minimum age for legal marriage - With parental consent	352	Iceland	F	Female	SEX	F	Female	12200	ISL	-19.02116966	64.79134763	1.0	4	Country or Area	Europe and Northern America	[2017]	2017	2017	1	1	1
QV.4	Ifdb90d43	Legal minimum age at marriage by sex	S174413b8	Minimum age for legal marriage - With parental consent	380	Italy	F	Female	SEX	F	Female	12200	ITA	12.57022427	42.79917282	1.0	4	Country or Area	Europe and Northern America	[2017]	2017	2017	1	1	1
QV.4	Ifdb90d43	Legal minimum age at marriage by sex	S174413b8	Minimum age for legal marriage - With parental consent	428	Latvia	F	Female	SEX	F	Female	12200	LVA	26.42461876	56.64196636	1.0	4	Country or Area	Europe and Northern America	[2017]	2017	2017	1	1	1
QV.4	Ifdb90d43	Legal minimum age at marriage by sex	S174413b8	Minimum age for legal marriage - With parental consent	440	Lithuania	F	Female	SEX	F	Female	12200	LTU	23.90517807	55.33680309	1.0	4	Country or Area	Europe and Northern America	[2017]	2017	2017	1	1	1
QV.4	Ifdb90d43	Legal minimum age at marriage by sex	S174413b8	Minimum age for legal marriage - With parental consent	470	Malta	F	Female	SEX	F	Female	12200	MLT	14.44617519	35.89194275	1.0	4	Country or Area	Europe and Northern America	[2017]	2017	2017	1	1	1
QV.4	Ifdb90d43	Legal minimum age at marriage by sex	S174413b8	Minimum age for legal marriage - With parental consent	499	Montenegro	F	Female	SEX	F	Female	12200	MNE	19.25214024	42.78717043	1.0	4	Country or Area	Europe and Northern America	[2017]	2017	2017	1	1	1
QV.4	Ifdb90d43	Legal minimum age at marriage by sex	S174413b8	Minimum age for legal marriage - With parental consent	528	Netherlands	F	Female	SEX	F	Female	12200	NLD	5.331480568	51.86728884	1.0	4	Country or Area	Europe and Northern America	[2017]	2017	2017	1	1	1
QV.4	Ifdb90d43	Legal minimum age at marriage by sex	S174413b8	Minimum age for legal marriage - With parental consent	554	New Zealand	F	Female	SEX	F	Female	12200	NZL	170.4755673	-43.98721568	1.0	4	Country or Area	Australia and New Zealand	[2017]	2017	2017	1	1	1
QV.4	Ifdb90d43	Legal minimum age at marriage by sex	S174413b8	Minimum age for legal marriage - With parental consent	578	Norway	F	Female	SEX	F	Female	12200	NOR	11.47846389	61.34311134	1.0	4	Country or Area	Europe and Northern America	[2017]	2017	2017	1	1	1
QV.4	Ifdb90d43	Legal minimum age at marriage by sex	S174413b8	Minimum age for legal marriage - With parental consent	620	Portugal	F	Female	SEX	F	Female	12200	PRT	-7.961599811	39.68509315	1.0	4	Country or Area	Europe and Northern America	[2017]	2017	2017	1	1	1
QV.4	Ifdb90d43	Legal minimum age at marriage by sex	S174413b8	Minimum age for legal marriage - With parental consent	643	Russian Federation	F	Female	SEX	F	Female	12200	RUS	99.01404926	61.61899849	1.0	4	Country or Area	Europe and Northern America	[2017]	2017	2017	1	1	1
QV.4	Ifdb90d43	Legal minimum age at marriage by sex	S174413b8	Minimum age for legal marriage - With parental consent	674	San Marino	F	Female	SEX	F	Female	12200	SMR	12.46329038	43.93841766	1.0	4	Country or Area	Europe and Northern America	[2017]	2017	2017	1	1	1
QV.4	Ifdb90d43	Legal minimum age at marriage by sex	S174413b8	Minimum age for legal marriage - With parental consent	688	Serbia	F	Female	SEX	F	Female	12200	SRB	20.805876	44.03145697	1.0	4	Country or Area	Europe and Northern America	[2017]	2017	2017	1	1	1
QV.4	Ifdb90d43	Legal minimum age at marriage by sex	S174413b8	Minimum age for legal marriage - With parental consent	703	Slovakia	F	Female	SEX	F	Female	12200	SVK	19.48495604	48.70741446	1.0	4	Country or Area	Europe and Northern America	[2017]	2017	2017	1	1	1
QV.4	Ifdb90d43	Legal minimum age at marriage by sex	S174413b8	Minimum age for legal marriage - With parental consent	705	Slovenia	F	Female	SEX	F	Female	12200	SVN	14.82209486	46.11958061	1.0	4	Country or Area	Europe and Northern America	[2017]	2017	2017	1	1	1
QV.4	Ifdb90d43	Legal minimum age at marriage by sex	S174413b8	Minimum age for legal marriage - With parental consent	724	Spain	F	Female	SEX	F	Female	12200	ESP	-3.554078296	40.39211472	1.0	4	Country or Area	Europe and Northern America	[2017]	2017	2017	1	1	1
QV.4	Ifdb90d43	Legal minimum age at marriage by sex	S174413b8	Minimum age for legal marriage - With parental consent	756	Switzerland	F	Female	SEX	F	Female	12200	CHE	8.223158	46.96617097	1.0	4	Country or Area	Europe and Northern America	[2017]	2017	2017	1	1	1
QV.4	Ifdb90d43	Legal minimum age at marriage by sex	S174413b8	Minimum age for legal marriage - With parental consent	804	Ukraine	F	Female	SEX	F	Female	12200	UKR	31.40270802	49.00735945	1.0	4	Country or Area	Europe and Northern America	[2017]	2017	2017	1	1	1
QV.4	Ifdb90d43	Legal minimum age at marriage by sex	S174413b8	Minimum age for legal marriage - With parental consent	807	North Macedonia	F	Female	SEX	F	Female	12200	MKD	21.7007909	41.60048068	1.0	4	Country or Area	Europe and Northern America	[2017]	2017	2017	1	1	1
QV.4	Ifdb90d43	Legal minimum age at marriage by sex	S174413b8	Minimum age for legal marriage - With parental consent	826	United Kingdom of Great Britain and Northern Ireland	F	Female	SEX	F	Female	12200	GBR	-2.23830539	53.27691757	1.0	4	Country or Area	Europe and Northern America	[2017]	2017	2017	1	1	1
QV.4	Ifdb90d43	Legal minimum age at marriage by sex	S174413b8	Minimum age for legal marriage - With parental consent	832	Jersey	F	Female	SEX	F	Female	12200	JEY	-2.136773508	49.22353354		4	Country or Area	Europe and Northern America	[2017]	2017	2017	1	1	1
QV.4	Ifdb90d43	Legal minimum age at marriage by sex	S174413b8	Minimum age for legal marriage - With parental consent	833	Isle of Man	F	Female	SEX	F	Female	12200	IMN	-4.538190305	54.22880901		4	Country or Area	Europe and Northern America	[2017]	2017	2017	1	1	1
QV.4	Ifdb90d43	Legal minimum age at marriage by sex	S174413b8	Minimum age for legal marriage - With parental consent	840	United States of America	F	Female	SEX	F	Female	12200	USA	-99.13830311	39.5277871	1.0	4	Country or Area	Europe and Northern America	[2017]	2017	2017	1	1	1
QV.4	Ifdb90d43	Legal minimum age at marriage by sex	S174413b8	Minimum age for legal marriage - With parental consent	788	Tunisia	F	Female	SEX	F	Female	12200	TUN	9.572737411	34.11439971	1.0	4	Country or Area	Northern Africa and Western Asia	[2017]	2017	2017	1	1	1
QV.4	Ifdb90d43	Legal minimum age at marriage by sex	S174413b8	Minimum age for legal marriage - With parental consent	90	Solomon Islands	F	Female	SEX	F	Female	12200	SLB	160.1584117	-9.622391719	1.0	4	Country or Area	Oceania, exc. Australia and New Zealand	[2017]	2017	2017	1	1	1
QV.4	Ifdb90d43	Legal minimum age at marriage by sex	S174413b8	Minimum age for legal marriage - With parental consent	184	Cook Islands	F	Female	SEX	F	Female	12200	COK	-159.7711391	-21.22696458		4	Country or Area	Oceania, exc. Australia and New Zealand	[2017]	2017	2017	1	1	1
QV.4	Ifdb90d43	Legal minimum age at marriage by sex	S174413b8	Minimum age for legal marriage - With parental consent	296	Kiribati	F	Female	SEX	F	Female	12200	KIR	-157.5643005	1.768837732	1.0	4	Country or Area	Oceania, exc. Australia and New Zealand	[2017]	2017	2017	1	1	1
QV.4	Ifdb90d43	Legal minimum age at marriage by sex	S174413b8	Minimum age for legal marriage - With parental consent	520	Nauru	F	Female	SEX	F	Female	12200	NRU	166.92313	-0.528742623	1.0	4	Country or Area	Oceania, exc. Australia and New Zealand	[2017]	2017	2017	1	1	1
QV.4	Ifdb90d43	Legal minimum age at marriage by sex	S174413b8	Minimum age for legal marriage - With parental consent	548	Vanuatu	F	Female	SEX	F	Female	12200	VUT	167.0679779	-15.34445547	1.0	4	Country or Area	Oceania, exc. Australia and New Zealand	[2017]	2017	2017	1	1	1
QV.4	Ifdb90d43	Legal minimum age at marriage by sex	S174413b8	Minimum age for legal marriage - With parental consent	583	Micronesia (Federated States of)	F	Female	SEX	F	Female	12200	FSM	158.225216	6.880670092	1.0	4	Country or Area	Oceania, exc. Australia and New Zealand	[2017]	2017	2017	1	1	1
QV.4	Ifdb90d43	Legal minimum age at marriage by sex	S174413b8	Minimum age for legal marriage - With parental consent	598	Papua New Guinea	F	Female	SEX	F	Female	12200	PNG	145.8587761	-6.756057077	1.0	4	Country or Area	Oceania, exc. Australia and New Zealand	[2017]	2017	2017	1	1	1
QV.4	Ifdb90d43	Legal minimum age at marriage by sex	S174413b8	Minimum age for legal marriage - With parental consent	776	Tonga	F	Female	SEX	F	Female	12200	TON	-175.1959991	-21.19511329	1.0	4	Country or Area	Oceania, exc. Australia and New Zealand	[2017]	2017	2017	1	1	1
QV.4	Ifdb90d43	Legal minimum age at marriage by sex	S174413b8	Minimum age for legal marriage - With parental consent	798	Tuvalu	F	Female	SEX	F	Female	12200	TUV	178.6679611	-7.460048071	1.0	4	Country or Area	Oceania, exc. Australia and New Zealand	[2017]	2017	2017	1	1	1
QV.4	Ifdb90d43	Legal minimum age at marriage by sex	S174413b8	Minimum age for legal marriage - With parental consent	24	Angola	F	Female	SEX	F	Female	12200	AGO	17.57817062	-12.33724746	1.0	4	Country or Area	Sub-Saharan Africa	[2017]	2017	2017	1	1	1
QV.4	Ifdb90d43	Legal minimum age at marriage by sex	S174413b8	Minimum age for legal marriage - With parental consent	108	Burundi	F	Female	SEX	F	Female	12200	BDI	29.89080992	-3.366387428	1.0	4	Country or Area	Sub-Saharan Africa	[2017]	2017	2017	1	1	1
QV.4	Ifdb90d43	Legal minimum age at marriage by sex	S174413b8	Minimum age for legal marriage - With parental consent	132	Cabo Verde	F	Female	SEX	F	Female	12200	CPV	-23.63544151	15.07791834	1.0	4	Country or Area	Sub-Saharan Africa	[2017]	2017	2017	1	1	1
QV.4	Ifdb90d43	Legal minimum age at marriage by sex	S174413b8	Minimum age for legal marriage - With parental consent	178	Congo	F	Female	SEX	F	Female	12200	COG	15.22052612	-0.840544119	1.0	4	Country or Area	Sub-Saharan Africa	[2017]	2017	2017	1	1	1
QV.4	Ifdb90d43	Legal minimum age at marriage by sex	S174413b8	Minimum age for legal marriage - With parental consent	204	Benin	F	Female	SEX	F	Female	12200	BEN	2.339933594	9.65401646	1.0	4	Country or Area	Sub-Saharan Africa	[2017]	2017	2017	1	1	1
QV.4	Ifdb90d43	Legal minimum age at marriage by sex	S174413b8	Minimum age for legal marriage - With parental consent	262	Djibouti	F	Female	SEX	F	Female	12200	DJI	42.18274707	11.56004161	1.0	4	Country or Area	Sub-Saharan Africa	[2017]	2017	2017	1	1	1
QV.4	Ifdb90d43	Legal minimum age at marriage by sex	S174413b8	Minimum age for legal marriage - With parental consent	404	Kenya	F	Female	SEX	F	Female	12200	KEN	37.86096816	0.534797278	1.0	4	Country or Area	Sub-Saharan Africa	[2017]	2017	2017	1	1	1
QV.4	Ifdb90d43	Legal minimum age at marriage by sex	S174413b8	Minimum age for legal marriage - With parental consent	430	Liberia	F	Female	SEX	F	Female	12200	LBR	-9.311879038	6.448381009	1.0	4	Country or Area	Sub-Saharan Africa	[2017]	2017	2017	1	1	1
QV.4	Ifdb90d43	Legal minimum age at marriage by sex	S174413b8	Minimum age for legal marriage - With parental consent	480	Mauritius	F	Female	SEX	F	Female	12200	MUS	57.568022	-20.28581998	1.0	4	Country or Area	Sub-Saharan Africa	[2017]	2017	2017	1	1	1
QV.4	Ifdb90d43	Legal minimum age at marriage by sex	S174413b8	Minimum age for legal marriage - With parental consent	508	Mozambique	F	Female	SEX	F	Female	12200	MOZ	38.18479941	-14.27963886	1.0	4	Country or Area	Sub-Saharan Africa	[2017]	2017	2017	1	1	1
QV.4	Ifdb90d43	Legal minimum age at marriage by sex	S174413b8	Minimum age for legal marriage - With parental consent	646	Rwanda	F	Female	SEX	F	Female	12200	RWA	29.92310194	-1.999842114	1.0	4	Country or Area	Sub-Saharan Africa	[2017]	2017	2017	1	1	1
QV.4	Ifdb90d43	Legal minimum age at marriage by sex	S174413b8	Minimum age for legal marriage - With parental consent	678	Sao Tome and Principe	F	Female	SEX	F	Female	12200	STP	6.609772265	0.241554875	1.0	4	Country or Area	Sub-Saharan Africa	[2017]	2017	2017	1	1	1
QV.4	Ifdb90d43	Legal minimum age at marriage by sex	S174413b8	Minimum age for legal marriage - With parental consent	686	Senegal	F	Female	SEX	F	Female	12200	SEN	-14.46636926	14.35920905	1.0	4	Country or Area	Sub-Saharan Africa	[2017]	2017	2017	1	1	1
QV.4	Ifdb90d43	Legal minimum age at marriage by sex	S174413b8	Minimum age for legal marriage - With parental consent	690	Seychelles	F	Female	SEX	F	Female	12200	SYC	55.46561591	-4.678053059	1.0	4	Country or Area	Sub-Saharan Africa	[2017]	2017	2017	1	1	1
QV.4	Ifdb90d43	Legal minimum age at marriage by sex	S174413b8	Minimum age for legal marriage - With parental consent	706	Somalia	F	Female	SEX	F	Female	12200	SOM	46.20367477	4.406485729	1.0	4	Country or Area	Sub-Saharan Africa	[2017]	2017	2017	1	1	1
QV.4	Ifdb90d43	Legal minimum age at marriage by sex	S174413b8	Minimum age for legal marriage - With parental consent	716	Zimbabwe	F	Female	SEX	F	Female	12200	ZWE	29.86909584	-19.00075492	1.0	4	Country or Area	Sub-Saharan Africa	[2017]	2017	2017	1	1	1
QV.4	Ifdb90d43	Legal minimum age at marriage by sex	S174413b8	Minimum age for legal marriage - With parental consent	4	Afghanistan	M	Male	SEX	M	Male	12200	AFG	66.02688198	33.83160199	1.0	4	Country or Area	Central and Southern Asia	[2017]	2017	2017	1	1	1
QV.4	Ifdb90d43	Legal minimum age at marriage by sex	S174413b8	Minimum age for legal marriage - With parental consent	144	Sri Lanka	M	Male	SEX	M	Male	12200	LKA	80.70489654	7.614693343	1.0	4	Country or Area	Central and Southern Asia	[2017]	2017	2017	1	1	1
QV.4	Ifdb90d43	Legal minimum age at marriage by sex	S174413b8	Minimum age for legal marriage - With parental consent	364	Iran (Islamic Republic of)	M	Male	SEX	M	Male	12200	IRN	54.19766348	32.74370885	1.0	4	Country or Area	Central and Southern Asia	[2017]	2017	2017	1	1	1
QV.4	Ifdb90d43	Legal minimum age at marriage by sex	S174413b8	Minimum age for legal marriage - With parental consent	462	Maldives	M	Male	SEX	M	Male	12200	MDV	73.09672546	-0.614385021	1.0	4	Country or Area	Central and Southern Asia	[2017]	2017	2017	1	1	1
QV.4	Ifdb90d43	Legal minimum age at marriage by sex	S174413b8	Minimum age for legal marriage - With parental consent	36	Australia	M	Male	SEX	M	Male	12200	AUS	134.3499412	-25.57717202	1.0	4	Country or Area	Australia and New Zealand	[2017]	2017	2017	1	1	1
QV.4	Ifdb90d43	Legal minimum age at marriage by sex	S174413b8	Minimum age for legal marriage - With parental consent	40	Austria	M	Male	SEX	M	Male	12200	AUT	14.14172472	47.58704857	1.0	4	Country or Area	Europe and Northern America	[2017]	2017	2017	1	1	1
QV.4	Ifdb90d43	Legal minimum age at marriage by sex	S174413b8	Minimum age for legal marriage - With parental consent	100	Bulgaria	M	Male	SEX	M	Male	12200	BGR	25.23763153	42.75731323	1.0	4	Country or Area	Europe and Northern America	[2017]	2017	2017	1	1	1
QV.4	Ifdb90d43	Legal minimum age at marriage by sex	S174413b8	Minimum age for legal marriage - With parental consent	124	Canada	M	Male	SEX	M	Male	12200	CAN	-101.6575058	57.72360191	1.0	4	Country or Area	Europe and Northern America	[2017]	2017	2017	1	1	1
QV.4	Ifdb90d43	Legal minimum age at marriage by sex	S174413b8	Minimum age for legal marriage - With parental consent	191	Croatia	M	Male	SEX	M	Male	12200	HRV	17.95874553	45.45172212	1.0	4	Country or Area	Europe and Northern America	[2017]	2017	2017	1	1	1
QV.4	Ifdb90d43	Legal minimum age at marriage by sex	S174413b8	Minimum age for legal marriage - With parental consent	196	Cyprus	M	Male	SEX	M	Male	12200	CYP	33.22285964	35.05659437	1.0	4	Country or Area	Northern Africa and Western Asia	[2017]	2017	2017	1	1	1
QV.4	Ifdb90d43	Legal minimum age at marriage by sex	S174413b8	Minimum age for legal marriage - With parental consent	203	Czechia	M	Male	SEX	M	Male	12200	CZE	15.33151382	49.73913871	1.0	4	Country or Area	Europe and Northern America	[2017]	2017	2017	1	1	1
QV.4	Ifdb90d43	Legal minimum age at marriage by sex	S174413b8	Minimum age for legal marriage - With parental consent	208	Denmark	M	Male	SEX	M	Male	12200	DNK	9.326571283	56.03829721	1.0	4	Country or Area	Europe and Northern America	[2017]	2017	2017	1	1	1
QV.4	Ifdb90d43	Legal minimum age at marriage by sex	S174413b8	Minimum age for legal marriage - With parental consent	233	Estonia	M	Male	SEX	M	Male	12200	EST	25.84093481	58.68487172	1.0	4	Country or Area	Europe and Northern America	[2017]	2017	2017	1	1	1
QV.4	Ifdb90d43	Legal minimum age at marriage by sex	S174413b8	Minimum age for legal marriage - With parental consent	276	Germany	M	Male	SEX	M	Male	12200	DEU	10.3806066	51.08862743	1.0	4	Country or Area	Europe and Northern America	[2017]	2017	2017	1	1	1
QV.4	Ifdb90d43	Legal minimum age at marriage by sex	S174413b8	Minimum age for legal marriage - With parental consent	304	Greenland	M	Male	SEX	M	Male	12200	GRL	-41.39371316	74.75625681		4	Country or Area	Europe and Northern America	[2017]	2017	2017	1	1	1
QV.4	Ifdb90d43	Legal minimum age at marriage by sex	S174413b8	Minimum age for legal marriage - With parental consent	348	Hungary	M	Male	SEX	M	Male	12200	HUN	19.41221519	47.1651448	1.0	4	Country or Area	Europe and Northern America	[2017]	2017	2017	1	1	1
QV.4	Ifdb90d43	Legal minimum age at marriage by sex	S174413b8	Minimum age for legal marriage - With parental consent	352	Iceland	M	Male	SEX	M	Male	12200	ISL	-19.02116966	64.79134763	1.0	4	Country or Area	Europe and Northern America	[2017]	2017	2017	1	1	1
QV.4	Ifdb90d43	Legal minimum age at marriage by sex	S174413b8	Minimum age for legal marriage - With parental consent	380	Italy	M	Male	SEX	M	Male	12200	ITA	12.57022427	42.79917282	1.0	4	Country or Area	Europe and Northern America	[2017]	2017	2017	1	1	1
QV.4	Ifdb90d43	Legal minimum age at marriage by sex	S174413b8	Minimum age for legal marriage - With parental consent	428	Latvia	M	Male	SEX	M	Male	12200	LVA	26.42461876	56.64196636	1.0	4	Country or Area	Europe and Northern America	[2017]	2017	2017	1	1	1
QV.4	Ifdb90d43	Legal minimum age at marriage by sex	S174413b8	Minimum age for legal marriage - With parental consent	440	Lithuania	M	Male	SEX	M	Male	12200	LTU	23.90517807	55.33680309	1.0	4	Country or Area	Europe and Northern America	[2017]	2017	2017	1	1	1
QV.4	Ifdb90d43	Legal minimum age at marriage by sex	S174413b8	Minimum age for legal marriage - With parental consent	470	Malta	M	Male	SEX	M	Male	12200	MLT	14.44617519	35.89194275	1.0	4	Country or Area	Europe and Northern America	[2017]	2017	2017	1	1	1
QV.4	Ifdb90d43	Legal minimum age at marriage by sex	S174413b8	Minimum age for legal marriage - With parental consent	499	Montenegro	M	Male	SEX	M	Male	12200	MNE	19.25214024	42.78717043	1.0	4	Country or Area	Europe and Northern America	[2017]	2017	2017	1	1	1
QV.4	Ifdb90d43	Legal minimum age at marriage by sex	S174413b8	Minimum age for legal marriage - With parental consent	528	Netherlands	M	Male	SEX	M	Male	12200	NLD	5.331480568	51.86728884	1.0	4	Country or Area	Europe and Northern America	[2017]	2017	2017	1	1	1
QV.4	Ifdb90d43	Legal minimum age at marriage by sex	S174413b8	Minimum age for legal marriage - With parental consent	554	New Zealand	M	Male	SEX	M	Male	12200	NZL	170.4755673	-43.98721568	1.0	4	Country or Area	Australia and New Zealand	[2017]	2017	2017	1	1	1
QV.4	Ifdb90d43	Legal minimum age at marriage by sex	S174413b8	Minimum age for legal marriage - With parental consent	578	Norway	M	Male	SEX	M	Male	12200	NOR	11.47846389	61.34311134	1.0	4	Country or Area	Europe and Northern America	[2017]	2017	2017	1	1	1
QV.4	Ifdb90d43	Legal minimum age at marriage by sex	S174413b8	Minimum age for legal marriage - With parental consent	620	Portugal	M	Male	SEX	M	Male	12200	PRT	-7.961599811	39.68509315	1.0	4	Country or Area	Europe and Northern America	[2017]	2017	2017	1	1	1
QV.4	Ifdb90d43	Legal minimum age at marriage by sex	S174413b8	Minimum age for legal marriage - With parental consent	643	Russian Federation	M	Male	SEX	M	Male	12200	RUS	99.01404926	61.61899849	1.0	4	Country or Area	Europe and Northern America	[2017]	2017	2017	1	1	1
QV.4	Ifdb90d43	Legal minimum age at marriage by sex	S174413b8	Minimum age for legal marriage - With parental consent	674	San Marino	M	Male	SEX	M	Male	12200	SMR	12.46329038	43.93841766	1.0	4	Country or Area	Europe and Northern America	[2017]	2017	2017	1	1	1
QV.4	Ifdb90d43	Legal minimum age at marriage by sex	S174413b8	Minimum age for legal marriage - With parental consent	688	Serbia	M	Male	SEX	M	Male	12200	SRB	20.805876	44.03145697	1.0	4	Country or Area	Europe and Northern America	[2017]	2017	2017	1	1	1
QV.4	Ifdb90d43	Legal minimum age at marriage by sex	S174413b8	Minimum age for legal marriage - With parental consent	703	Slovakia	M	Male	SEX	M	Male	12200	SVK	19.48495604	48.70741446	1.0	4	Country or Area	Europe and Northern America	[2017]	2017	2017	1	1	1
QV.4	Ifdb90d43	Legal minimum age at marriage by sex	S174413b8	Minimum age for legal marriage - With parental consent	705	Slovenia	M	Male	SEX	M	Male	12200	SVN	14.82209486	46.11958061	1.0	4	Country or Area	Europe and Northern America	[2017]	2017	2017	1	1	1
QV.4	Ifdb90d43	Legal minimum age at marriage by sex	S174413b8	Minimum age for legal marriage - With parental consent	724	Spain	M	Male	SEX	M	Male	12200	ESP	-3.554078296	40.39211472	1.0	4	Country or Area	Europe and Northern America	[2017]	2017	2017	1	1	1
QV.4	Ifdb90d43	Legal minimum age at marriage by sex	S174413b8	Minimum age for legal marriage - With parental consent	756	Switzerland	M	Male	SEX	M	Male	12200	CHE	8.223158	46.96617097	1.0	4	Country or Area	Europe and Northern America	[2017]	2017	2017	1	1	1
QV.4	Ifdb90d43	Legal minimum age at marriage by sex	S174413b8	Minimum age for legal marriage - With parental consent	804	Ukraine	M	Male	SEX	M	Male	12200	UKR	31.40270802	49.00735945	1.0	4	Country or Area	Europe and Northern America	[2017]	2017	2017	1	1	1
QV.4	Ifdb90d43	Legal minimum age at marriage by sex	S174413b8	Minimum age for legal marriage - With parental consent	807	North Macedonia	M	Male	SEX	M	Male	12200	MKD	21.7007909	41.60048068	1.0	4	Country or Area	Europe and Northern America	[2017]	2017	2017	1	1	1
QV.4	Ifdb90d43	Legal minimum age at marriage by sex	S174413b8	Minimum age for legal marriage - With parental consent	826	United Kingdom of Great Britain and Northern Ireland	M	Male	SEX	M	Male	12200	GBR	-2.23830539	53.27691757	1.0	4	Country or Area	Europe and Northern America	[2017]	2017	2017	1	1	1
QV.4	Ifdb90d43	Legal minimum age at marriage by sex	S174413b8	Minimum age for legal marriage - With parental consent	832	Jersey	M	Male	SEX	M	Male	12200	JEY	-2.136773508	49.22353354		4	Country or Area	Europe and Northern America	[2017]	2017	2017	1	1	1
QV.4	Ifdb90d43	Legal minimum age at marriage by sex	S174413b8	Minimum age for legal marriage - With parental consent	833	Isle of Man	M	Male	SEX	M	Male	12200	IMN	-4.538190305	54.22880901		4	Country or Area	Europe and Northern America	[2017]	2017	2017	1	1	1
QV.4	Ifdb90d43	Legal minimum age at marriage by sex	S174413b8	Minimum age for legal marriage - With parental consent	840	United States of America	M	Male	SEX	M	Male	12200	USA	-99.13830311	39.5277871	1.0	4	Country or Area	Europe and Northern America	[2017]	2017	2017	1	1	1
QV.4	Ifdb90d43	Legal minimum age at marriage by sex	S174413b8	Minimum age for legal marriage - With parental consent	788	Tunisia	M	Male	SEX	M	Male	12200	TUN	9.572737411	34.11439971	1.0	4	Country or Area	Northern Africa and Western Asia	[2017]	2017	2017	1	1	1
QV.4	Ifdb90d43	Legal minimum age at marriage by sex	S174413b8	Minimum age for legal marriage - With parental consent	90	Solomon Islands	M	Male	SEX	M	Male	12200	SLB	160.1584117	-9.622391719	1.0	4	Country or Area	Oceania, exc. Australia and New Zealand	[2017]	2017	2017	1	1	1
QV.4	Ifdb90d43	Legal minimum age at marriage by sex	S174413b8	Minimum age for legal marriage - With parental consent	184	Cook Islands	M	Male	SEX	M	Male	12200	COK	-159.7711391	-21.22696458		4	Country or Area	Oceania, exc. Australia and New Zealand	[2017]	2017	2017	1	1	1
QV.4	Ifdb90d43	Legal minimum age at marriage by sex	S174413b8	Minimum age for legal marriage - With parental consent	296	Kiribati	M	Male	SEX	M	Male	12200	KIR	-157.5643005	1.768837732	1.0	4	Country or Area	Oceania, exc. Australia and New Zealand	[2017]	2017	2017	1	1	1
QV.4	Ifdb90d43	Legal minimum age at marriage by sex	S174413b8	Minimum age for legal marriage - With parental consent	520	Nauru	M	Male	SEX	M	Male	12200	NRU	166.92313	-0.528742623	1.0	4	Country or Area	Oceania, exc. Australia and New Zealand	[2017]	2017	2017	1	1	1
QV.4	Ifdb90d43	Legal minimum age at marriage by sex	S174413b8	Minimum age for legal marriage - With parental consent	548	Vanuatu	M	Male	SEX	M	Male	12200	VUT	167.0679779	-15.34445547	1.0	4	Country or Area	Oceania, exc. Australia and New Zealand	[2017]	2017	2017	1	1	1
QV.4	Ifdb90d43	Legal minimum age at marriage by sex	S174413b8	Minimum age for legal marriage - With parental consent	583	Micronesia (Federated States of)	M	Male	SEX	M	Male	12200	FSM	158.225216	6.880670092	1.0	4	Country or Area	Oceania, exc. Australia and New Zealand	[2017]	2017	2017	1	1	1
QV.4	Ifdb90d43	Legal minimum age at marriage by sex	S174413b8	Minimum age for legal marriage - With parental consent	598	Papua New Guinea	M	Male	SEX	M	Male	12200	PNG	145.8587761	-6.756057077	1.0	4	Country or Area	Oceania, exc. Australia and New Zealand	[2017]	2017	2017	1	1	1
QV.4	Ifdb90d43	Legal minimum age at marriage by sex	S174413b8	Minimum age for legal marriage - With parental consent	776	Tonga	M	Male	SEX	M	Male	12200	TON	-175.1959991	-21.19511329	1.0	4	Country or Area	Oceania, exc. Australia and New Zealand	[2017]	2017	2017	1	1	1
QV.4	Ifdb90d43	Legal minimum age at marriage by sex	S174413b8	Minimum age for legal marriage - With parental consent	798	Tuvalu	M	Male	SEX	M	Male	12200	TUV	178.6679611	-7.460048071	1.0	4	Country or Area	Oceania, exc. Australia and New Zealand	[2017]	2017	2017	1	1	1
QV.4	Ifdb90d43	Legal minimum age at marriage by sex	S174413b8	Minimum age for legal marriage - With parental consent	24	Angola	M	Male	SEX	M	Male	12200	AGO	17.57817062	-12.33724746	1.0	4	Country or Area	Sub-Saharan Africa	[2017]	2017	2017	1	1	1
QV.4	Ifdb90d43	Legal minimum age at marriage by sex	S174413b8	Minimum age for legal marriage - With parental consent	108	Burundi	M	Male	SEX	M	Male	12200	BDI	29.89080992	-3.366387428	1.0	4	Country or Area	Sub-Saharan Africa	[2017]	2017	2017	1	1	1
QV.4	Ifdb90d43	Legal minimum age at marriage by sex	S174413b8	Minimum age for legal marriage - With parental consent	132	Cabo Verde	M	Male	SEX	M	Male	12200	CPV	-23.63544151	15.07791834	1.0	4	Country or Area	Sub-Saharan Africa	[2017]	2017	2017	1	1	1
QV.4	Ifdb90d43	Legal minimum age at marriage by sex	S174413b8	Minimum age for legal marriage - With parental consent	178	Congo	M	Male	SEX	M	Male	12200	COG	15.22052612	-0.840544119	1.0	4	Country or Area	Sub-Saharan Africa	[2017]	2017	2017	1	1	1
QV.4	Ifdb90d43	Legal minimum age at marriage by sex	S174413b8	Minimum age for legal marriage - With parental consent	204	Benin	M	Male	SEX	M	Male	12200	BEN	2.339933594	9.65401646	1.0	4	Country or Area	Sub-Saharan Africa	[2017]	2017	2017	1	1	1
QV.4	Ifdb90d43	Legal minimum age at marriage by sex	S174413b8	Minimum age for legal marriage - With parental consent	262	Djibouti	M	Male	SEX	M	Male	12200	DJI	42.18274707	11.56004161	1.0	4	Country or Area	Sub-Saharan Africa	[2017]	2017	2017	1	1	1
QV.4	Ifdb90d43	Legal minimum age at marriage by sex	S174413b8	Minimum age for legal marriage - With parental consent	404	Kenya	M	Male	SEX	M	Male	12200	KEN	37.86096816	0.534797278	1.0	4	Country or Area	Sub-Saharan Africa	[2017]	2017	2017	1	1	1
QV.4	Ifdb90d43	Legal minimum age at marriage by sex	S174413b8	Minimum age for legal marriage - With parental consent	430	Liberia	M	Male	SEX	M	Male	12200	LBR	-9.311879038	6.448381009	1.0	4	Country or Area	Sub-Saharan Africa	[2017]	2017	2017	1	1	1
QV.4	Ifdb90d43	Legal minimum age at marriage by sex	S174413b8	Minimum age for legal marriage - With parental consent	480	Mauritius	M	Male	SEX	M	Male	12200	MUS	57.568022	-20.28581998	1.0	4	Country or Area	Sub-Saharan Africa	[2017]	2017	2017	1	1	1
QV.4	Ifdb90d43	Legal minimum age at marriage by sex	S174413b8	Minimum age for legal marriage - With parental consent	508	Mozambique	M	Male	SEX	M	Male	12200	MOZ	38.18479941	-14.27963886	1.0	4	Country or Area	Sub-Saharan Africa	[2017]	2017	2017	1	1	1
QV.4	Ifdb90d43	Legal minimum age at marriage by sex	S174413b8	Minimum age for legal marriage - With parental consent	646	Rwanda	M	Male	SEX	M	Male	12200	RWA	29.92310194	-1.999842114	1.0	4	Country or Area	Sub-Saharan Africa	[2017]	2017	2017	1	1	1
QV.4	Ifdb90d43	Legal minimum age at marriage by sex	S174413b8	Minimum age for legal marriage - With parental consent	678	Sao Tome and Principe	M	Male	SEX	M	Male	12200	STP	6.609772265	0.241554875	1.0	4	Country or Area	Sub-Saharan Africa	[2017]	2017	2017	1	1	1
QV.4	Ifdb90d43	Legal minimum age at marriage by sex	S174413b8	Minimum age for legal marriage - With parental consent	686	Senegal	M	Male	SEX	M	Male	12200	SEN	-14.46636926	14.35920905	1.0	4	Country or Area	Sub-Saharan Africa	[2017]	2017	2017	1	1	1
QV.4	Ifdb90d43	Legal minimum age at marriage by sex	S174413b8	Minimum age for legal marriage - With parental consent	690	Seychelles	M	Male	SEX	M	Male	12200	SYC	55.46561591	-4.678053059	1.0	4	Country or Area	Sub-Saharan Africa	[2017]	2017	2017	1	1	1
QV.4	Ifdb90d43	Legal minimum age at marriage by sex	S174413b8	Minimum age for legal marriage - With parental consent	706	Somalia	M	Male	SEX	M	Male	12200	SOM	46.20367477	4.406485729	1.0	4	Country or Area	Sub-Saharan Africa	[2017]	2017	2017	1	1	1
QV.4	Ifdb90d43	Legal minimum age at marriage by sex	S174413b8	Minimum age for legal marriage - With parental consent	716	Zimbabwe	M	Male	SEX	M	Male	12200	ZWE	29.86909584	-19.00075492	1.0	4	Country or Area	Sub-Saharan Africa	[2017]	2017	2017	1	1	1
QV.4	Ifdb90d43	Legal minimum age at marriage by sex	S174413b8	Minimum age for legal marriage - With parental consent	8	Albania	F	Female	SEX	F	Female	12200	ALB	20.06660928	41.13897007	1.0	4	Country or Area	Europe and Northern America	[2017]	2017	2017	1	1	1
QV.4	Ifdb90d43	Legal minimum age at marriage by sex	S174413b8	Minimum age for legal marriage - With parental consent	392	Japan	F	Female	SEX	F	Female	12200	JPN	139.2716103	36.6554539	1.0	4	Country or Area	Eastern and South-Eastern Asia	[2017]	2017	2017	1	1	1
QV.4	Ifdb90d43	Legal minimum age at marriage by sex	S174413b8	Minimum age for legal marriage - With parental consent	492	Monaco	F	Female	SEX	F	Female	12200	MCO	7.424214814	43.73532918	1.0	4	Country or Area	Europe and Northern America	[2017]	2017	2017	1	1	1
QV.4	Ifdb90d43	Legal minimum age at marriage by sex	S174413b8	Minimum age for legal marriage - With parental consent	818	Egypt	F	Female	SEX	F	Female	12200	EGY	29.77468534	26.57438204	1.0	4	Country or Area	Northern Africa and Western Asia	[2017]	2017	2017	1	1	1
QV.4	Ifdb90d43	Legal minimum age at marriage by sex	S174413b8	Minimum age for legal marriage - With parental consent	242	Fiji	F	Female	SEX	F	Female	12200	FJI	177.9660884	-17.83301566	1.0	4	Country or Area	Oceania, exc. Australia and New Zealand	[2017]	2017	2017	1	1	1
QV.4	Ifdb90d43	Legal minimum age at marriage by sex	S174413b8	Minimum age for legal marriage - With parental consent	570	Niue	F	Female	SEX	F	Female	12200	NIU	-169.8601693	-19.05000475		4	Country or Area	Oceania, exc. Australia and New Zealand	[2017]	2017	2017	1	1	1
QV.4	Ifdb90d43	Legal minimum age at marriage by sex	S174413b8	Minimum age for legal marriage - With parental consent	882	Samoa	F	Female	SEX	F	Female	12200	WSM	-172.4430749	-13.61541469	1.0	4	Country or Area	Oceania, exc. Australia and New Zealand	[2017]	2017	2017	1	1	1
QV.4	Ifdb90d43	Legal minimum age at marriage by sex	S174413b8	Minimum age for legal marriage - With parental consent	266	Gabon	F	Female	SEX	F	Female	12200	GAB	11.78727747	-0.60687619	1.0	4	Country or Area	Sub-Saharan Africa	[2017]	2017	2017	1	1	1
QV.4	Ifdb90d43	Legal minimum age at marriage by sex	S174413b8	Minimum age for legal marriage - With parental consent	426	Lesotho	F	Female	SEX	F	Female	12200	LSO	28.25362195	-29.58041814	1.0	4	Country or Area	Sub-Saharan Africa	[2017]	2017	2017	1	1	1
QV.4	Ifdb90d43	Legal minimum age at marriage by sex	S174413b8	Minimum age for legal marriage - With parental consent	710	South Africa	F	Female	SEX	F	Female	12200	ZAF	24.67184355	-29.99957544	1.0	4	Country or Area	Sub-Saharan Africa	[2017]	2017	2017	1	1	1
QV.4	Ifdb90d43	Legal minimum age at marriage by sex	S174413b8	Minimum age for legal marriage - With parental consent	748	Eswatini	F	Female	SEX	F	Female	12200	SWZ	31.50149288	-26.56471011	1.0	4	Country or Area	Sub-Saharan Africa	[2017]	2017	2017	1	1	1
QV.4	Ifdb90d43	Legal minimum age at marriage by sex	S174413b8	Minimum age for legal marriage - With parental consent	8	Albania	M	Male	SEX	M	Male	12200	ALB	20.06660928	41.13897007	1.0	4	Country or Area	Europe and Northern America	[2017]	2017	2017	1	1	1
QV.4	Ifdb90d43	Legal minimum age at marriage by sex	S174413b8	Minimum age for legal marriage - With parental consent	392	Japan	M	Male	SEX	M	Male	12200	JPN	139.2716103	36.6554539	1.0	4	Country or Area	Eastern and South-Eastern Asia	[2017]	2017	2017	1	1	1
QV.4	Ifdb90d43	Legal minimum age at marriage by sex	S174413b8	Minimum age for legal marriage - With parental consent	492	Monaco	M	Male	SEX	M	Male	12200	MCO	7.424214814	43.73532918	1.0	4	Country or Area	Europe and Northern America	[2017]	2017	2017	1	1	1
QV.4	Ifdb90d43	Legal minimum age at marriage by sex	S174413b8	Minimum age for legal marriage - With parental consent	818	Egypt	M	Male	SEX	M	Male	12200	EGY	29.77468534	26.57438204	1.0	4	Country or Area	Northern Africa and Western Asia	[2017]	2017	2017	1	1	1
QV.4	Ifdb90d43	Legal minimum age at marriage by sex	S174413b8	Minimum age for legal marriage - With parental consent	242	Fiji	M	Male	SEX	M	Male	12200	FJI	177.9660884	-17.83301566	1.0	4	Country or Area	Oceania, exc. Australia and New Zealand	[2017]	2017	2017	1	1	1
QV.4	Ifdb90d43	Legal minimum age at marriage by sex	S174413b8	Minimum age for legal marriage - With parental consent	570	Niue	M	Male	SEX	M	Male	12200	NIU	-169.8601693	-19.05000475		4	Country or Area	Oceania, exc. Australia and New Zealand	[2017]	2017	2017	1	1	1
QV.4	Ifdb90d43	Legal minimum age at marriage by sex	S174413b8	Minimum age for legal marriage - With parental consent	882	Samoa	M	Male	SEX	M	Male	12200	WSM	-172.4430749	-13.61541469	1.0	4	Country or Area	Oceania, exc. Australia and New Zealand	[2017]	2017	2017	1	1	1
QV.4	Ifdb90d43	Legal minimum age at marriage by sex	S174413b8	Minimum age for legal marriage - With parental consent	266	Gabon	M	Male	SEX	M	Male	12200	GAB	11.78727747	-0.60687619	1.0	4	Country or Area	Sub-Saharan Africa	[2017]	2017	2017	1	1	1
QV.4	Ifdb90d43	Legal minimum age at marriage by sex	S174413b8	Minimum age for legal marriage - With parental consent	426	Lesotho	M	Male	SEX	M	Male	12200	LSO	28.25362195	-29.58041814	1.0	4	Country or Area	Sub-Saharan Africa	[2017]	2017	2017	1	1	1
QV.4	Ifdb90d43	Legal minimum age at marriage by sex	S174413b8	Minimum age for legal marriage - With parental consent	710	South Africa	M	Male	SEX	M	Male	12200	ZAF	24.67184355	-29.99957544	1.0	4	Country or Area	Sub-Saharan Africa	[2017]	2017	2017	1	1	1
QV.4	Ifdb90d43	Legal minimum age at marriage by sex	S174413b8	Minimum age for legal marriage - With parental consent	748	Eswatini	M	Male	SEX	M	Male	12200	SWZ	31.50149288	-26.56471011	1.0	4	Country or Area	Sub-Saharan Africa	[2017]	2017	2017	1	1	1
QV.4	Ifdb90d43	Legal minimum age at marriage by sex	S174413b8	Minimum age for legal marriage - With parental consent	50	Bangladesh	F	Female	SEX	F	Female	12200	BGD	89.17660788	22.86961622	1.0	4	Country or Area	Central and Southern Asia	[2017]	2017	2017	1	1	1
QV.4	Ifdb90d43	Legal minimum age at marriage by sex	S174413b8	Minimum age for legal marriage - With parental consent	64	Bhutan	F	Female	SEX	F	Female	12200	BTN	90.45098484	27.39598568	1.0	4	Country or Area	Central and Southern Asia	[2017]	2017	2017	1	1	1
QV.4	Ifdb90d43	Legal minimum age at marriage by sex	S174413b8	Minimum age for legal marriage - With parental consent	356	India	F	Female	SEX	F	Female	12200	IND	79.3608464	22.34642074	1.0	4	Country or Area	Central and Southern Asia	[2017]	2017	2017	1	1	1
QV.4	Ifdb90d43	Legal minimum age at marriage by sex	S174413b8	Minimum age for legal marriage - With parental consent	586	Pakistan	F	Female	SEX	F	Female	12200	PAK	68.80479684	29.36491634	1.0	4	Country or Area	Central and Southern Asia	[2017]	2017	2017	1	1	1
QV.4	Ifdb90d43	Legal minimum age at marriage by sex	S174413b8	Minimum age for legal marriage - With parental consent	20	Andorra	F	Female	SEX	F	Female	12200	AND	1.576257417	42.54548611	1.0	4	Country or Area	Europe and Northern America	[2017]	2017	2017	1	1	1
QV.4	Ifdb90d43	Legal minimum age at marriage by sex	S174413b8	Minimum age for legal marriage - With parental consent	60	Bermuda	F	Female	SEX	F	Female	12200	BMU	-64.78155012	32.27881922		4	Country or Area	Europe and Northern America	[2017]	2017	2017	1	1	1
QV.4	Ifdb90d43	Legal minimum age at marriage by sex	S174413b8	Minimum age for legal marriage - With parental consent	70	Bosnia and Herzegovina	F	Female	SEX	F	Female	12200	BIH	17.78584332	44.16845548	1.0	4	Country or Area	Europe and Northern America	[2017]	2017	2017	1	1	1
QV.4	Ifdb90d43	Legal minimum age at marriage by sex	S174413b8	Minimum age for legal marriage - With parental consent	112	Belarus	F	Female	SEX	F	Female	12200	BLR	28.04940161	53.54193075	1.0	4	Country or Area	Europe and Northern America	[2017]	2017	2017	1	1	1
QV.4	Ifdb90d43	Legal minimum age at marriage by sex	S174413b8	Minimum age for legal marriage - With parental consent	246	Finland	F	Female	SEX	F	Female	12200	FIN	23.308447	61.91586738	1.0	4	Country or Area	Europe and Northern America	[2017]	2017	2017	1	1	1
QV.4	Ifdb90d43	Legal minimum age at marriage by sex	S174413b8	Minimum age for legal marriage - With parental consent	300	Greece	F	Female	SEX	F	Female	12200	GRC	22.58307827	39.47301873	1.0	4	Country or Area	Europe and Northern America	[2017]	2017	2017	1	1	1
QV.4	Ifdb90d43	Legal minimum age at marriage by sex	S174413b8	Minimum age for legal marriage - With parental consent	372	Ireland	F	Female	SEX	F	Female	12200	IRL	-7.121425272	53.25274054	1.0	4	Country or Area	Europe and Northern America	[2017]	2017	2017	1	1	1
QV.4	Ifdb90d43	Legal minimum age at marriage by sex	S174413b8	Minimum age for legal marriage - With parental consent	376	Israel	F	Female	SEX	F	Female	12200	ISR	34.62277992	31.06164552	1.0	4	Country or Area	Northern Africa and Western Asia	[2017]	2017	2017	1	1	1
QV.4	Ifdb90d43	Legal minimum age at marriage by sex	S174413b8	Minimum age for legal marriage - With parental consent	438	Liechtenstein	F	Female	SEX	F	Female	12200	LIE	9.552985019	47.14167005	1.0	4	Country or Area	Europe and Northern America	[2017]	2017	2017	1	1	1
QV.4	Ifdb90d43	Legal minimum age at marriage by sex	S174413b8	Minimum age for legal marriage - With parental consent	442	Luxembourg	F	Female	SEX	F	Female	12200	LUX	6.092656563	49.77679538	1.0	4	Country or Area	Europe and Northern America	[2017]	2017	2017	1	1	1
QV.4	Ifdb90d43	Legal minimum age at marriage by sex	S174413b8	Minimum age for legal marriage - With parental consent	498	Republic of Moldova	F	Female	SEX	F	Female	12200	MDA	28.4650624	47.20236795	1.0	4	Country or Area	Europe and Northern America	[2017]	2017	2017	1	1	1
QV.4	Ifdb90d43	Legal minimum age at marriage by sex	S174413b8	Minimum age for legal marriage - With parental consent	616	Poland	F	Female	SEX	F	Female	12200	POL	19.40660158	52.1226733	1.0	4	Country or Area	Europe and Northern America	[2017]	2017	2017	1	1	1
QV.4	Ifdb90d43	Legal minimum age at marriage by sex	S174413b8	Minimum age for legal marriage - With parental consent	642	Romania	F	Female	SEX	F	Female	12200	ROU	24.98481009	45.83893563	1.0	4	Country or Area	Europe and Northern America	[2017]	2017	2017	1	1	1
QV.4	Ifdb90d43	Legal minimum age at marriage by sex	S174413b8	Minimum age for legal marriage - With parental consent	752	Sweden	F	Female	SEX	F	Female	12200	SWE	14.3775338	60.60103109	1.0	4	Country or Area	Europe and Northern America	[2017]	2017	2017	1	1	1
QV.4	Ifdb90d43	Legal minimum age at marriage by sex	S174413b8	Minimum age for legal marriage - With parental consent	12	Algeria	F	Female	SEX	F	Female	12200	DZA	2.678164227	28.15940032	1.0	4	Country or Area	Northern Africa and Western Asia	[2017]	2017	2017	1	1	1
QV.4	Ifdb90d43	Legal minimum age at marriage by sex	S174413b8	Minimum age for legal marriage - With parental consent	504	Morocco	F	Female	SEX	F	Female	12200	MAR	-6.281942841	31.8440131	1.0	4	Country or Area	Northern Africa and Western Asia	[2017]	2017	2017	1	1	1
QV.4	Ifdb90d43	Legal minimum age at marriage by sex	S174413b8	Minimum age for legal marriage - With parental consent	540	New Caledonia	F	Female	SEX	F	Female	12200	NCL	165.5067368	-21.41742531		4	Country or Area	Oceania, exc. Australia and New Zealand	[2017]	2017	2017	1	1	1
QV.4	Ifdb90d43	Legal minimum age at marriage by sex	S174413b8	Minimum age for legal marriage - With parental consent	584	Marshall Islands	F	Female	SEX	F	Female	12200	MHL	171.0839119	7.110213497	1.0	4	Country or Area	Oceania, exc. Australia and New Zealand	[2017]	2017	2017	1	1	1
QV.4	Ifdb90d43	Legal minimum age at marriage by sex	S174413b8	Minimum age for legal marriage - With parental consent	585	Palau	F	Female	SEX	F	Female	12200	PLW	134.5733878	7.502307591	1.0	4	Country or Area	Oceania, exc. Australia and New Zealand	[2017]	2017	2017	1	1	1
QV.4	Ifdb90d43	Legal minimum age at marriage by sex	S174413b8	Minimum age for legal marriage - With parental consent	120	Cameroon	F	Female	SEX	F	Female	12200	CMR	12.7419827	5.692387031	1.0	4	Country or Area	Sub-Saharan Africa	[2017]	2017	2017	1	1	1
QV.4	Ifdb90d43	Legal minimum age at marriage by sex	S174413b8	Minimum age for legal marriage - With parental consent	140	Central African Republic	F	Female	SEX	F	Female	12200	CAF	20.93559492	7.003720791	1.0	4	Country or Area	Sub-Saharan Africa	[2017]	2017	2017	1	1	1
QV.4	Ifdb90d43	Legal minimum age at marriage by sex	S174413b8	Minimum age for legal marriage - With parental consent	148	Chad	F	Female	SEX	F	Female	12200	TCD	18.66618401	15.36279341	1.0	4	Country or Area	Sub-Saharan Africa	[2017]	2017	2017	1	1	1
QV.4	Ifdb90d43	Legal minimum age at marriage by sex	S174413b8	Minimum age for legal marriage - With parental consent	174	Comoros	F	Female	SEX	F	Female	12200	COM	43.34234565	-11.66121732	1.0	4	Country or Area	Sub-Saharan Africa	[2017]	2017	2017	1	1	1
QV.4	Ifdb90d43	Legal minimum age at marriage by sex	S174413b8	Minimum age for legal marriage - With parental consent	180	Democratic Republic of the Congo	F	Female	SEX	F	Female	12200	COD	23.65496507	-2.877154732	1.0	4	Country or Area	Sub-Saharan Africa	[2017]	2017	2017	1	1	1
QV.4	Ifdb90d43	Legal minimum age at marriage by sex	S174413b8	Minimum age for legal marriage - With parental consent	226	Equatorial Guinea	F	Female	SEX	F	Female	12200	GNQ	10.46535826	1.565792376	1.0	4	Country or Area	Sub-Saharan Africa	[2017]	2017	2017	1	1	1
QV.4	Ifdb90d43	Legal minimum age at marriage by sex	S174413b8	Minimum age for legal marriage - With parental consent	231	Ethiopia	F	Female	SEX	F	Female	12200	ETH	39.63505296	8.631223181	1.0	4	Country or Area	Sub-Saharan Africa	[2017]	2017	2017	1	1	1
QV.4	Ifdb90d43	Legal minimum age at marriage by sex	S174413b8	Minimum age for legal marriage - With parental consent	232	Eritrea	F	Female	SEX	F	Female	12200	ERI	38.11074289	16.12894644	1.0	4	Country or Area	Sub-Saharan Africa	[2017]	2017	2017	1	1	1
QV.4	Ifdb90d43	Legal minimum age at marriage by sex	S174413b8	Minimum age for legal marriage - With parental consent	270	Gambia	F	Female	SEX	F	Female	12200	GMB	-15.39944785	13.45295927	1.0	4	Country or Area	Sub-Saharan Africa	[2017]	2017	2017	1	1	1
QV.4	Ifdb90d43	Legal minimum age at marriage by sex	S174413b8	Minimum age for legal marriage - With parental consent	288	Ghana	F	Female	SEX	F	Female	12200	GHA	-1.205623522	7.964825185	1.0	4	Country or Area	Sub-Saharan Africa	[2017]	2017	2017	1	1	1
QV.4	Ifdb90d43	Legal minimum age at marriage by sex	S174413b8	Minimum age for legal marriage - With parental consent	324	Guinea	F	Female	SEX	F	Female	12200	GIN	-11.28173419	11.00210343	1.0	4	Country or Area	Sub-Saharan Africa	[2017]	2017	2017	1	1	1
QV.4	Ifdb90d43	Legal minimum age at marriage by sex	S174413b8	Minimum age for legal marriage - With parental consent	384	Cte d'Ivoire	F	Female	SEX	F	Female	12200	CIV	-5.552690016	7.62211586	1.0	4	Country or Area	Sub-Saharan Africa	[2017]	2017	2017	1	1	1
QV.4	Ifdb90d43	Legal minimum age at marriage by sex	S174413b8	Minimum age for legal marriage - With parental consent	450	Madagascar	F	Female	SEX	F	Female	12200	MDG	46.6982339	-19.38514785	1.0	4	Country or Area	Sub-Saharan Africa	[2017]	2017	2017	1	1	1
QV.4	Ifdb90d43	Legal minimum age at marriage by sex	S174413b8	Minimum age for legal marriage - With parental consent	454	Malawi	F	Female	SEX	F	Female	12200	MWI	33.4884625	-13.40819859	1.0	4	Country or Area	Sub-Saharan Africa	[2017]	2017	2017	1	1	1
QV.4	Ifdb90d43	Legal minimum age at marriage by sex	S174413b8	Minimum age for legal marriage - With parental consent	466	Mali	F	Female	SEX	F	Female	12200	MLI	-3.522016039	17.35311254	1.0	4	Country or Area	Sub-Saharan Africa	[2017]	2017	2017	1	1	1
QV.4	Ifdb90d43	Legal minimum age at marriage by sex	S174413b8	Minimum age for legal marriage - With parental consent	478	Mauritania	F	Female	SEX	F	Female	12200	MRT	-10.33187259	20.26089546	1.0	4	Country or Area	Sub-Saharan Africa	[2017]	2017	2017	1	1	1
QV.4	Ifdb90d43	Legal minimum age at marriage by sex	S174413b8	Minimum age for legal marriage - With parental consent	562	Niger	F	Female	SEX	F	Female	12200	NER	9.400167877	17.42143036	1.0	4	Country or Area	Sub-Saharan Africa	[2017]	2017	2017	1	1	1
QV.4	Ifdb90d43	Legal minimum age at marriage by sex	S174413b8	Minimum age for legal marriage - With parental consent	566	Nigeria	F	Female	SEX	F	Female	12200	NGA	8.097363256	9.585789025	1.0	4	Country or Area	Sub-Saharan Africa	[2017]	2017	2017	1	1	1
QV.4	Ifdb90d43	Legal minimum age at marriage by sex	S174413b8	Minimum age for legal marriage - With parental consent	624	Guinea-Bissau	F	Female	SEX	F	Female	12200	GNB	-14.40182514	12.11760394	1.0	4	Country or Area	Sub-Saharan Africa	[2017]	2017	2017	1	1	1
QV.4	Ifdb90d43	Legal minimum age at marriage by sex	S174413b8	Minimum age for legal marriage - With parental consent	694	Sierra Leone	F	Female	SEX	F	Female	12200	SLE	-11.78306584	8.568604164	1.0	4	Country or Area	Sub-Saharan Africa	[2017]	2017	2017	1	1	1
QV.4	Ifdb90d43	Legal minimum age at marriage by sex	S174413b8	Minimum age for legal marriage - With parental consent	50	Bangladesh	M	Male	SEX	M	Male	12200	BGD	89.17660788	22.86961622	1.0	4	Country or Area	Central and Southern Asia	[2017]	2017	2017	1	1	1
QV.4	Ifdb90d43	Legal minimum age at marriage by sex	S174413b8	Minimum age for legal marriage - With parental consent	64	Bhutan	M	Male	SEX	M	Male	12200	BTN	90.45098484	27.39598568	1.0	4	Country or Area	Central and Southern Asia	[2017]	2017	2017	1	1	1
QV.4	Ifdb90d43	Legal minimum age at marriage by sex	S174413b8	Minimum age for legal marriage - With parental consent	356	India	M	Male	SEX	M	Male	12200	IND	79.3608464	22.34642074	1.0	4	Country or Area	Central and Southern Asia	[2017]	2017	2017	1	1	1
QV.4	Ifdb90d43	Legal minimum age at marriage by sex	S174413b8	Minimum age for legal marriage - With parental consent	586	Pakistan	M	Male	SEX	M	Male	12200	PAK	68.80479684	29.36491634	1.0	4	Country or Area	Central and Southern Asia	[2017]	2017	2017	1	1	1
QV.4	Ifdb90d43	Legal minimum age at marriage by sex	S174413b8	Minimum age for legal marriage - With parental consent	20	Andorra	M	Male	SEX	M	Male	12200	AND	1.576257417	42.54548611	1.0	4	Country or Area	Europe and Northern America	[2017]	2017	2017	1	1	1
QV.4	Ifdb90d43	Legal minimum age at marriage by sex	S174413b8	Minimum age for legal marriage - With parental consent	60	Bermuda	M	Male	SEX	M	Male	12200	BMU	-64.78155012	32.27881922		4	Country or Area	Europe and Northern America	[2017]	2017	2017	1	1	1
QV.4	Ifdb90d43	Legal minimum age at marriage by sex	S174413b8	Minimum age for legal marriage - With parental consent	70	Bosnia and Herzegovina	M	Male	SEX	M	Male	12200	BIH	17.78584332	44.16845548	1.0	4	Country or Area	Europe and Northern America	[2017]	2017	2017	1	1	1
QV.4	Ifdb90d43	Legal minimum age at marriage by sex	S174413b8	Minimum age for legal marriage - With parental consent	112	Belarus	M	Male	SEX	M	Male	12200	BLR	28.04940161	53.54193075	1.0	4	Country or Area	Europe and Northern America	[2017]	2017	2017	1	1	1
QV.4	Ifdb90d43	Legal minimum age at marriage by sex	S174413b8	Minimum age for legal marriage - With parental consent	246	Finland	M	Male	SEX	M	Male	12200	FIN	23.308447	61.91586738	1.0	4	Country or Area	Europe and Northern America	[2017]	2017	2017	1	1	1
QV.4	Ifdb90d43	Legal minimum age at marriage by sex	S174413b8	Minimum age for legal marriage - With parental consent	300	Greece	M	Male	SEX	M	Male	12200	GRC	22.58307827	39.47301873	1.0	4	Country or Area	Europe and Northern America	[2017]	2017	2017	1	1	1
QV.4	Ifdb90d43	Legal minimum age at marriage by sex	S174413b8	Minimum age for legal marriage - With parental consent	372	Ireland	M	Male	SEX	M	Male	12200	IRL	-7.121425272	53.25274054	1.0	4	Country or Area	Europe and Northern America	[2017]	2017	2017	1	1	1
QV.4	Ifdb90d43	Legal minimum age at marriage by sex	S174413b8	Minimum age for legal marriage - With parental consent	376	Israel	M	Male	SEX	M	Male	12200	ISR	34.62277992	31.06164552	1.0	4	Country or Area	Northern Africa and Western Asia	[2017]	2017	2017	1	1	1
QV.4	Ifdb90d43	Legal minimum age at marriage by sex	S174413b8	Minimum age for legal marriage - With parental consent	438	Liechtenstein	M	Male	SEX	M	Male	12200	LIE	9.552985019	47.14167005	1.0	4	Country or Area	Europe and Northern America	[2017]	2017	2017	1	1	1
QV.4	Ifdb90d43	Legal minimum age at marriage by sex	S174413b8	Minimum age for legal marriage - With parental consent	442	Luxembourg	M	Male	SEX	M	Male	12200	LUX	6.092656563	49.77679538	1.0	4	Country or Area	Europe and Northern America	[2017]	2017	2017	1	1	1
QV.4	Ifdb90d43	Legal minimum age at marriage by sex	S174413b8	Minimum age for legal marriage - With parental consent	498	Republic of Moldova	M	Male	SEX	M	Male	12200	MDA	28.4650624	47.20236795	1.0	4	Country or Area	Europe and Northern America	[2017]	2017	2017	1	1	1
QV.4	Ifdb90d43	Legal minimum age at marriage by sex	S174413b8	Minimum age for legal marriage - With parental consent	616	Poland	M	Male	SEX	M	Male	12200	POL	19.40660158	52.1226733	1.0	4	Country or Area	Europe and Northern America	[2017]	2017	2017	1	1	1
QV.4	Ifdb90d43	Legal minimum age at marriage by sex	S174413b8	Minimum age for legal marriage - With parental consent	642	Romania	M	Male	SEX	M	Male	12200	ROU	24.98481009	45.83893563	1.0	4	Country or Area	Europe and Northern America	[2017]	2017	2017	1	1	1
QV.4	Ifdb90d43	Legal minimum age at marriage by sex	S174413b8	Minimum age for legal marriage - With parental consent	752	Sweden	M	Male	SEX	M	Male	12200	SWE	14.3775338	60.60103109	1.0	4	Country or Area	Europe and Northern America	[2017]	2017	2017	1	1	1
QV.4	Ifdb90d43	Legal minimum age at marriage by sex	S174413b8	Minimum age for legal marriage - With parental consent	12	Algeria	M	Male	SEX	M	Male	12200	DZA	2.678164227	28.15940032	1.0	4	Country or Area	Northern Africa and Western Asia	[2017]	2017	2017	1	1	1
QV.4	Ifdb90d43	Legal minimum age at marriage by sex	S174413b8	Minimum age for legal marriage - With parental consent	504	Morocco	M	Male	SEX	M	Male	12200	MAR	-6.281942841	31.8440131	1.0	4	Country or Area	Northern Africa and Western Asia	[2017]	2017	2017	1	1	1
QV.4	Ifdb90d43	Legal minimum age at marriage by sex	S174413b8	Minimum age for legal marriage - With parental consent	540	New Caledonia	M	Male	SEX	M	Male	12200	NCL	165.5067368	-21.41742531		4	Country or Area	Oceania, exc. Australia and New Zealand	[2017]	2017	2017	1	1	1
QV.4	Ifdb90d43	Legal minimum age at marriage by sex	S174413b8	Minimum age for legal marriage - With parental consent	584	Marshall Islands	M	Male	SEX	M	Male	12200	MHL	171.0839119	7.110213497	1.0	4	Country or Area	Oceania, exc. Australia and New Zealand	[2017]	2017	2017	1	1	1
QV.4	Ifdb90d43	Legal minimum age at marriage by sex	S174413b8	Minimum age for legal marriage - With parental consent	585	Palau	M	Male	SEX	M	Male	12200	PLW	134.5733878	7.502307591	1.0	4	Country or Area	Oceania, exc. Australia and New Zealand	[2017]	2017	2017	1	1	1
QV.4	Ifdb90d43	Legal minimum age at marriage by sex	S174413b8	Minimum age for legal marriage - With parental consent	120	Cameroon	M	Male	SEX	M	Male	12200	CMR	12.7419827	5.692387031	1.0	4	Country or Area	Sub-Saharan Africa	[2017]	2017	2017	1	1	1
QV.4	Ifdb90d43	Legal minimum age at marriage by sex	S174413b8	Minimum age for legal marriage - With parental consent	140	Central African Republic	M	Male	SEX	M	Male	12200	CAF	20.93559492	7.003720791	1.0	4	Country or Area	Sub-Saharan Africa	[2017]	2017	2017	1	1	1
QV.4	Ifdb90d43	Legal minimum age at marriage by sex	S174413b8	Minimum age for legal marriage - With parental consent	148	Chad	M	Male	SEX	M	Male	12200	TCD	18.66618401	15.36279341	1.0	4	Country or Area	Sub-Saharan Africa	[2017]	2017	2017	1	1	1
QV.4	Ifdb90d43	Legal minimum age at marriage by sex	S174413b8	Minimum age for legal marriage - With parental consent	174	Comoros	M	Male	SEX	M	Male	12200	COM	43.34234565	-11.66121732	1.0	4	Country or Area	Sub-Saharan Africa	[2017]	2017	2017	1	1	1
QV.4	Ifdb90d43	Legal minimum age at marriage by sex	S174413b8	Minimum age for legal marriage - With parental consent	180	Democratic Republic of the Congo	M	Male	SEX	M	Male	12200	COD	23.65496507	-2.877154732	1.0	4	Country or Area	Sub-Saharan Africa	[2017]	2017	2017	1	1	1
QV.4	Ifdb90d43	Legal minimum age at marriage by sex	S174413b8	Minimum age for legal marriage - With parental consent	226	Equatorial Guinea	M	Male	SEX	M	Male	12200	GNQ	10.46535826	1.565792376	1.0	4	Country or Area	Sub-Saharan Africa	[2017]	2017	2017	1	1	1
QV.4	Ifdb90d43	Legal minimum age at marriage by sex	S174413b8	Minimum age for legal marriage - With parental consent	231	Ethiopia	M	Male	SEX	M	Male	12200	ETH	39.63505296	8.631223181	1.0	4	Country or Area	Sub-Saharan Africa	[2017]	2017	2017	1	1	1
QV.4	Ifdb90d43	Legal minimum age at marriage by sex	S174413b8	Minimum age for legal marriage - With parental consent	232	Eritrea	M	Male	SEX	M	Male	12200	ERI	38.11074289	16.12894644	1.0	4	Country or Area	Sub-Saharan Africa	[2017]	2017	2017	1	1	1
QV.4	Ifdb90d43	Legal minimum age at marriage by sex	S174413b8	Minimum age for legal marriage - With parental consent	270	Gambia	M	Male	SEX	M	Male	12200	GMB	-15.39944785	13.45295927	1.0	4	Country or Area	Sub-Saharan Africa	[2017]	2017	2017	1	1	1
QV.4	Ifdb90d43	Legal minimum age at marriage by sex	S174413b8	Minimum age for legal marriage - With parental consent	288	Ghana	M	Male	SEX	M	Male	12200	GHA	-1.205623522	7.964825185	1.0	4	Country or Area	Sub-Saharan Africa	[2017]	2017	2017	1	1	1
QV.4	Ifdb90d43	Legal minimum age at marriage by sex	S174413b8	Minimum age for legal marriage - With parental consent	324	Guinea	M	Male	SEX	M	Male	12200	GIN	-11.28173419	11.00210343	1.0	4	Country or Area	Sub-Saharan Africa	[2017]	2017	2017	1	1	1
QV.4	Ifdb90d43	Legal minimum age at marriage by sex	S174413b8	Minimum age for legal marriage - With parental consent	384	Cte d'Ivoire	M	Male	SEX	M	Male	12200	CIV	-5.552690016	7.62211586	1.0	4	Country or Area	Sub-Saharan Africa	[2017]	2017	2017	1	1	1
QV.4	Ifdb90d43	Legal minimum age at marriage by sex	S174413b8	Minimum age for legal marriage - With parental consent	450	Madagascar	M	Male	SEX	M	Male	12200	MDG	46.6982339	-19.38514785	1.0	4	Country or Area	Sub-Saharan Africa	[2017]	2017	2017	1	1	1
QV.4	Ifdb90d43	Legal minimum age at marriage by sex	S174413b8	Minimum age for legal marriage - With parental consent	454	Malawi	M	Male	SEX	M	Male	12200	MWI	33.4884625	-13.40819859	1.0	4	Country or Area	Sub-Saharan Africa	[2017]	2017	2017	1	1	1
QV.4	Ifdb90d43	Legal minimum age at marriage by sex	S174413b8	Minimum age for legal marriage - With parental consent	466	Mali	M	Male	SEX	M	Male	12200	MLI	-3.522016039	17.35311254	1.0	4	Country or Area	Sub-Saharan Africa	[2017]	2017	2017	1	1	1
QV.4	Ifdb90d43	Legal minimum age at marriage by sex	S174413b8	Minimum age for legal marriage - With parental consent	478	Mauritania	M	Male	SEX	M	Male	12200	MRT	-10.33187259	20.26089546	1.0	4	Country or Area	Sub-Saharan Africa	[2017]	2017	2017	1	1	1
QV.4	Ifdb90d43	Legal minimum age at marriage by sex	S174413b8	Minimum age for legal marriage - With parental consent	562	Niger	M	Male	SEX	M	Male	12200	NER	9.400167877	17.42143036	1.0	4	Country or Area	Sub-Saharan Africa	[2017]	2017	2017	1	1	1
QV.4	Ifdb90d43	Legal minimum age at marriage by sex	S174413b8	Minimum age for legal marriage - With parental consent	566	Nigeria	M	Male	SEX	M	Male	12200	NGA	8.097363256	9.585789025	1.0	4	Country or Area	Sub-Saharan Africa	[2017]	2017	2017	1	1	1
QV.4	Ifdb90d43	Legal minimum age at marriage by sex	S174413b8	Minimum age for legal marriage - With parental consent	624	Guinea-Bissau	M	Male	SEX	M	Male	12200	GNB	-14.40182514	12.11760394	1.0	4	Country or Area	Sub-Saharan Africa	[2017]	2017	2017	1	1	1
QV.4	Ifdb90d43	Legal minimum age at marriage by sex	S174413b8	Minimum age for legal marriage - With parental consent	694	Sierra Leone	M	Male	SEX	M	Male	12200	SLE	-11.78306584	8.568604164	1.0	4	Country or Area	Sub-Saharan Africa	[2017]	2017	2017	1	1	1
