INDICATOR_LABEL,INDICATOR_ID,INDICATOR_DESC,MINSET_SERIES,MINSET_SERIES_DESC,REF_AREA,REF_AREA_DESC,ISO3,X,Y,SDG_REGION,REPORTING_TYPE,REPORTING_TYPE_DESC,SOURCE_YEAR,UNIT_MEASURE,UNIT_MEASURE_DESC,TIME_PERIOD,OBS_VALUE___T,OBS_VALUE__F,OBS_VALUE__M,TIME_DETAIL___T,TIME_DETAIL__F,TIME_DETAIL__M,NATURE___T,NATURE__F,NATURE__M,COMMENT_OBS___T,COMMENT_OBS__F,COMMENT_OBS__M,isLatestValue___T,isLatestValue__F,isLatestValue__M
I.18,Ib8e91664,"Proportion of individuals who own a mobile telephone, by sex",Sb8e91664,"Proportion of individuals who own a mobile telephone, by sex",104,Myanmar,MMR,96.51752295,21.19332882,Eastern and South-Eastern Asia,G,Global,2021,PT,Percent,2017,62.29,57.44,68.0,2017,2017,2017,C,C,C,,,,True,True,True
I.18,Ib8e91664,"Proportion of individuals who own a mobile telephone, by sex",Sb8e91664,"Proportion of individuals who own a mobile telephone, by sex",108,Burundi,BDI,29.89080992,-3.366387428,Sub-Saharan Africa,G,Global,2021,PT,Percent,2014,11.43,7.27,16.03,2014,2014,2014,C,C,C,,,,False,False,False
I.18,Ib8e91664,"Proportion of individuals who own a mobile telephone, by sex",Sb8e91664,"Proportion of individuals who own a mobile telephone, by sex",108,Burundi,BDI,29.89080992,-3.366387428,Sub-Saharan Africa,G,Global,2021,PT,Percent,2017,18.38,11.87,25.34,2017,2017,2017,C,C,C,,,,True,True,True
I.18,Ib8e91664,"Proportion of individuals who own a mobile telephone, by sex",Sb8e91664,"Proportion of individuals who own a mobile telephone, by sex",112,Belarus,BLR,28.04940161,53.54193075,Europe and Northern America,G,Global,2021,PT,Percent,2017,93.49,94.99,91.48,2017,2017,2017,C,C,C,,,,False,False,False
I.18,Ib8e91664,"Proportion of individuals who own a mobile telephone, by sex",Sb8e91664,"Proportion of individuals who own a mobile telephone, by sex",112,Belarus,BLR,28.04940161,53.54193075,Europe and Northern America,G,Global,2021,PT,Percent,2018,94.84,95.7,93.69,2018,2018,2018,C,C,C,,,,False,False,False
I.18,Ib8e91664,"Proportion of individuals who own a mobile telephone, by sex",Sb8e91664,"Proportion of individuals who own a mobile telephone, by sex",112,Belarus,BLR,28.04940161,53.54193075,Europe and Northern America,G,Global,2021,PT,Percent,2019,95.26,96.26,93.95,2019,2019,2019,C,C,C,,,,True,True,True
I.18,Ib8e91664,"Proportion of individuals who own a mobile telephone, by sex",Sb8e91664,"Proportion of individuals who own a mobile telephone, by sex",116,Cambodia,KHM,104.922836,12.71163737,Eastern and South-Eastern Asia,G,Global,2021,PT,Percent,2017,26.32,26.9,25.72,2017,2017,2017,C,C,C,,,,False,False,False
I.18,Ib8e91664,"Proportion of individuals who own a mobile telephone, by sex",Sb8e91664,"Proportion of individuals who own a mobile telephone, by sex",116,Cambodia,KHM,104.922836,12.71163737,Eastern and South-Eastern Asia,G,Global,2021,PT,Percent,2018,32.68,33.08,32.26,2018,2018,2018,C,C,C,,,,True,True,True
I.18,Ib8e91664,"Proportion of individuals who own a mobile telephone, by sex",Sb8e91664,"Proportion of individuals who own a mobile telephone, by sex",12,Algeria,DZA,2.678164227,28.15940032,Northern Africa and Western Asia,G,Global,2021,PT,Percent,2018,87.88,83.07,92.62,2018,2018,2018,C,C,C,,,,True,True,True
I.18,Ib8e91664,"Proportion of individuals who own a mobile telephone, by sex",Sb8e91664,"Proportion of individuals who own a mobile telephone, by sex",120,Cameroon,CMR,12.7419827,5.692387031,Sub-Saharan Africa,G,Global,2021,PT,Percent,2014,75.37,,,2014,,,C,,,,,,True,,
I.18,Ib8e91664,"Proportion of individuals who own a mobile telephone, by sex",Sb8e91664,"Proportion of individuals who own a mobile telephone, by sex",132,Cabo Verde,CPV,-23.63544151,15.07791834,Sub-Saharan Africa,G,Global,2021,PT,Percent,2015,71.04,68.46,74.1,2015,2015,2015,C,C,C,,,,False,False,False
I.18,Ib8e91664,"Proportion of individuals who own a mobile telephone, by sex",Sb8e91664,"Proportion of individuals who own a mobile telephone, by sex",132,Cabo Verde,CPV,-23.63544151,15.07791834,Sub-Saharan Africa,G,Global,2021,PT,Percent,2016,72.39,71.19,73.61,2016,2016,2016,C,C,C,,,,False,False,False
I.18,Ib8e91664,"Proportion of individuals who own a mobile telephone, by sex",Sb8e91664,"Proportion of individuals who own a mobile telephone, by sex",132,Cabo Verde,CPV,-23.63544151,15.07791834,Sub-Saharan Africa,G,Global,2021,PT,Percent,2017,74.21,73.75,74.66,2017,2017,2017,C,C,C,,,,False,False,False
I.18,Ib8e91664,"Proportion of individuals who own a mobile telephone, by sex",Sb8e91664,"Proportion of individuals who own a mobile telephone, by sex",132,Cabo Verde,CPV,-23.63544151,15.07791834,Sub-Saharan Africa,G,Global,2021,PT,Percent,2019,71.68,70.83,72.53,2019,2019,2019,C,C,C,,,,True,True,True
I.18,Ib8e91664,"Proportion of individuals who own a mobile telephone, by sex",Sb8e91664,"Proportion of individuals who own a mobile telephone, by sex",152,Chile,CHL,-71.23029019,-35.2652885,Latin America and the Caribbean,G,Global,2021,PT,Percent,2016,95.32,98.82,91.56,2016,2016,2016,C,C,C,,Population age 16+,,False,False,False
I.18,Ib8e91664,"Proportion of individuals who own a mobile telephone, by sex",Sb8e91664,"Proportion of individuals who own a mobile telephone, by sex",152,Chile,CHL,-71.23029019,-35.2652885,Latin America and the Caribbean,G,Global,2021,PT,Percent,2017,92.01,97.15,86.67,2017,2017,2017,C,C,C,,,,True,True,True
I.18,Ib8e91664,"Proportion of individuals who own a mobile telephone, by sex",Sb8e91664,"Proportion of individuals who own a mobile telephone, by sex",156,China,CHN,104.1403375,32.30955217,Eastern and South-Eastern Asia,G,Global,2021,PT,Percent,2017,97.55,97.5,97.6,2017,2017,2017,C,C,C,,,,False,False,False
I.18,Ib8e91664,"Proportion of individuals who own a mobile telephone, by sex",Sb8e91664,"Proportion of individuals who own a mobile telephone, by sex",156,China,CHN,104.1403375,32.30955217,Eastern and South-Eastern Asia,G,Global,2021,PT,Percent,2018,95.6,95.93,95.26,2018,2018,2018,C,C,C,,,,False,False,False
I.18,Ib8e91664,"Proportion of individuals who own a mobile telephone, by sex",Sb8e91664,"Proportion of individuals who own a mobile telephone, by sex",156,China,CHN,104.1403375,32.30955217,Eastern and South-Eastern Asia,G,Global,2021,PT,Percent,2019,96.14,94.88,97.45,2019,2019,2019,C,C,C,,,,False,True,True
I.18,Ib8e91664,"Proportion of individuals who own a mobile telephone, by sex",Sb8e91664,"Proportion of individuals who own a mobile telephone, by sex",156,China,CHN,104.1403375,32.30955217,Eastern and South-Eastern Asia,G,Global,2021,PT,Percent,2020,64.07,,,2020,,,C,,,,,,True,,
I.18,Ib8e91664,"Proportion of individuals who own a mobile telephone, by sex",Sb8e91664,"Proportion of individuals who own a mobile telephone, by sex",170,Colombia,COL,-73.07446751,3.888209046,Latin America and the Caribbean,G,Global,2021,PT,Percent,2014,69.32,70.57,68.03,2014,2014,2014,C,C,C,,,,False,False,False
I.18,Ib8e91664,"Proportion of individuals who own a mobile telephone, by sex",Sb8e91664,"Proportion of individuals who own a mobile telephone, by sex",170,Colombia,COL,-73.07446751,3.888209046,Latin America and the Caribbean,G,Global,2021,PT,Percent,2015,71.47,72.82,70.08,2015,2015,2015,C,C,C,,,,False,False,False
I.18,Ib8e91664,"Proportion of individuals who own a mobile telephone, by sex",Sb8e91664,"Proportion of individuals who own a mobile telephone, by sex",170,Colombia,COL,-73.07446751,3.888209046,Latin America and the Caribbean,G,Global,2021,PT,Percent,2016,72.06,73.1,70.98,2016,2016,2016,C,C,C,,,,False,False,False
I.18,Ib8e91664,"Proportion of individuals who own a mobile telephone, by sex",Sb8e91664,"Proportion of individuals who own a mobile telephone, by sex",170,Colombia,COL,-73.07446751,3.888209046,Latin America and the Caribbean,G,Global,2021,PT,Percent,2017,73.15,74.46,71.81,2017,2017,2017,C,C,C,,,,False,False,False
I.18,Ib8e91664,"Proportion of individuals who own a mobile telephone, by sex",Sb8e91664,"Proportion of individuals who own a mobile telephone, by sex",170,Colombia,COL,-73.07446751,3.888209046,Latin America and the Caribbean,G,Global,2021,PT,Percent,2018,72.16,73.33,70.95,2018,2018,2018,C,C,C,,,,False,False,False
I.18,Ib8e91664,"Proportion of individuals who own a mobile telephone, by sex",Sb8e91664,"Proportion of individuals who own a mobile telephone, by sex",170,Colombia,COL,-73.07446751,3.888209046,Latin America and the Caribbean,G,Global,2021,PT,Percent,2019,73.06,74.18,71.91,2019,2019,2019,C,C,C,,,,True,True,True
I.18,Ib8e91664,"Proportion of individuals who own a mobile telephone, by sex",Sb8e91664,"Proportion of individuals who own a mobile telephone, by sex",180,Democratic Republic of the Congo,COD,23.65496507,-2.877154732,Sub-Saharan Africa,G,Global,2021,PT,Percent,2018,,33.4,53.2,,2017-2018,2017-2018,,C,C,,Age range: 15-49,Age range: 15-49,,True,True
I.18,Ib8e91664,"Proportion of individuals who own a mobile telephone, by sex",Sb8e91664,"Proportion of individuals who own a mobile telephone, by sex",188,Costa Rica,CRI,-84.19712782,9.970998683,Latin America and the Caribbean,G,Global,2021,PT,Percent,2015,86.02,86.23,85.8,2015,2015,2015,C,C,C,,,,True,True,True
I.18,Ib8e91664,"Proportion of individuals who own a mobile telephone, by sex",Sb8e91664,"Proportion of individuals who own a mobile telephone, by sex",192,Cuba,CUB,-79.54460144,22.10030366,Latin America and the Caribbean,G,Global,2021,PT,Percent,2014,24.13,,,2014,,,C,,,,,,False,,
I.18,Ib8e91664,"Proportion of individuals who own a mobile telephone, by sex",Sb8e91664,"Proportion of individuals who own a mobile telephone, by sex",192,Cuba,CUB,-79.54460144,22.10030366,Latin America and the Caribbean,G,Global,2021,PT,Percent,2015,31.92,,,2015,,,C,,,,,,False,,
I.18,Ib8e91664,"Proportion of individuals who own a mobile telephone, by sex",Sb8e91664,"Proportion of individuals who own a mobile telephone, by sex",192,Cuba,CUB,-79.54460144,22.10030366,Latin America and the Caribbean,G,Global,2021,PT,Percent,2016,37.97,,,2016,,,C,,,,,,False,,
I.18,Ib8e91664,"Proportion of individuals who own a mobile telephone, by sex",Sb8e91664,"Proportion of individuals who own a mobile telephone, by sex",192,Cuba,CUB,-79.54460144,22.10030366,Latin America and the Caribbean,G,Global,2021,PT,Percent,2019,54.95,,,2019,,,C,,,,,,True,,
I.18,Ib8e91664,"Proportion of individuals who own a mobile telephone, by sex",Sb8e91664,"Proportion of individuals who own a mobile telephone, by sex",196,Cyprus,CYP,33.22285964,35.05659437,Northern Africa and Western Asia,G,Global,2021,PT,Percent,2014,96.65,95.13,98.31,2014,2014,2014,C,C,C,,,Population age 16-74,False,False,False
I.18,Ib8e91664,"Proportion of individuals who own a mobile telephone, by sex",Sb8e91664,"Proportion of individuals who own a mobile telephone, by sex",196,Cyprus,CYP,33.22285964,35.05659437,Northern Africa and Western Asia,G,Global,2021,PT,Percent,2015,97.88,96.53,99.33,2015,2015,2015,C,C,C,,,Population age 16-74,False,False,False
I.18,Ib8e91664,"Proportion of individuals who own a mobile telephone, by sex",Sb8e91664,"Proportion of individuals who own a mobile telephone, by sex",196,Cyprus,CYP,33.22285964,35.05659437,Northern Africa and Western Asia,G,Global,2021,PT,Percent,2016,94.65,92.94,96.51,2016,2016,2016,C,C,C,,,,False,False,False
I.18,Ib8e91664,"Proportion of individuals who own a mobile telephone, by sex",Sb8e91664,"Proportion of individuals who own a mobile telephone, by sex",196,Cyprus,CYP,33.22285964,35.05659437,Northern Africa and Western Asia,G,Global,2021,PT,Percent,2017,99.4,98.67,,2017,2017,,C,C,,Population age 16-74,Population age 16-74,,False,False,
I.18,Ib8e91664,"Proportion of individuals who own a mobile telephone, by sex",Sb8e91664,"Proportion of individuals who own a mobile telephone, by sex",196,Cyprus,CYP,33.22285964,35.05659437,Northern Africa and Western Asia,G,Global,2021,PT,Percent,2018,98.64,98.2,99.11,2018,2018,2018,C,C,C,Population age 16-74,Population age 16-74,Population age 16-74,True,True,True
I.18,Ib8e91664,"Proportion of individuals who own a mobile telephone, by sex",Sb8e91664,"Proportion of individuals who own a mobile telephone, by sex",203,Czechia,CZE,15.33151382,49.73913871,Europe and Northern America,G,Global,2021,PT,Percent,2014,96.83,96.3,97.38,2014,2014,2014,C,C,C,,,,False,False,False
I.18,Ib8e91664,"Proportion of individuals who own a mobile telephone, by sex",Sb8e91664,"Proportion of individuals who own a mobile telephone, by sex",203,Czechia,CZE,15.33151382,49.73913871,Europe and Northern America,G,Global,2021,PT,Percent,2015,97.01,96.86,97.18,2015,2015,2015,C,C,C,,,,False,False,False
I.18,Ib8e91664,"Proportion of individuals who own a mobile telephone, by sex",Sb8e91664,"Proportion of individuals who own a mobile telephone, by sex",203,Czechia,CZE,15.33151382,49.73913871,Europe and Northern America,G,Global,2021,PT,Percent,2018,95.99,95.55,96.46,2018,2018,2018,C,C,C,,,,True,True,True
I.18,Ib8e91664,"Proportion of individuals who own a mobile telephone, by sex",Sb8e91664,"Proportion of individuals who own a mobile telephone, by sex",208,Denmark,DNK,9.326571283,56.03829721,Europe and Northern America,G,Global,2021,PT,Percent,2016,82.82,83.16,82.47,2016,2016,2016,C,C,C,,,,True,True,True
I.18,Ib8e91664,"Proportion of individuals who own a mobile telephone, by sex",Sb8e91664,"Proportion of individuals who own a mobile telephone, by sex",214,Dominican Republic,DOM,-70.49847576,18.89832088,Latin America and the Caribbean,G,Global,2021,PT,Percent,2015,91.9,,,2015,,,C,,,,,,False,,
I.18,Ib8e91664,"Proportion of individuals who own a mobile telephone, by sex",Sb8e91664,"Proportion of individuals who own a mobile telephone, by sex",214,Dominican Republic,DOM,-70.49847576,18.89832088,Latin America and the Caribbean,G,Global,2021,PT,Percent,2016,83.93,83.95,83.92,2016,2016,2016,C,C,C,,,,False,False,False
I.18,Ib8e91664,"Proportion of individuals who own a mobile telephone, by sex",Sb8e91664,"Proportion of individuals who own a mobile telephone, by sex",214,Dominican Republic,DOM,-70.49847576,18.89832088,Latin America and the Caribbean,G,Global,2021,PT,Percent,2017,69.34,69.06,69.63,2017,2017,2017,C,C,C,,,,False,False,False
I.18,Ib8e91664,"Proportion of individuals who own a mobile telephone, by sex",Sb8e91664,"Proportion of individuals who own a mobile telephone, by sex",214,Dominican Republic,DOM,-70.49847576,18.89832088,Latin America and the Caribbean,G,Global,2021,PT,Percent,2018,70.69,70.41,70.98,2018,2018,2018,C,C,C,,,,True,True,True
I.18,Ib8e91664,"Proportion of individuals who own a mobile telephone, by sex",Sb8e91664,"Proportion of individuals who own a mobile telephone, by sex",218,Ecuador,ECU,-78.37005241,-1.447785891,Latin America and the Caribbean,G,Global,2021,PT,Percent,2014,53.94,52.99,54.92,2014,2014,2014,C,C,C,,,,False,False,False
I.18,Ib8e91664,"Proportion of individuals who own a mobile telephone, by sex",Sb8e91664,"Proportion of individuals who own a mobile telephone, by sex",218,Ecuador,ECU,-78.37005241,-1.447785891,Latin America and the Caribbean,G,Global,2021,PT,Percent,2015,55.43,54.41,56.5,2015,2015,2015,C,C,C,,,,False,False,False
I.18,Ib8e91664,"Proportion of individuals who own a mobile telephone, by sex",Sb8e91664,"Proportion of individuals who own a mobile telephone, by sex",218,Ecuador,ECU,-78.37005241,-1.447785891,Latin America and the Caribbean,G,Global,2021,PT,Percent,2016,56.12,55.31,56.95,2016,2016,2016,C,C,C,,,,False,False,False
I.18,Ib8e91664,"Proportion of individuals who own a mobile telephone, by sex",Sb8e91664,"Proportion of individuals who own a mobile telephone, by sex",218,Ecuador,ECU,-78.37005241,-1.447785891,Latin America and the Caribbean,G,Global,2021,PT,Percent,2017,58.51,57.96,59.08,2017,2017,2017,C,C,C,,,,False,False,False
I.18,Ib8e91664,"Proportion of individuals who own a mobile telephone, by sex",Sb8e91664,"Proportion of individuals who own a mobile telephone, by sex",218,Ecuador,ECU,-78.37005241,-1.447785891,Latin America and the Caribbean,G,Global,2021,PT,Percent,2018,59.02,57.66,60.42,2018,2018,2018,C,C,C,,,,False,False,False
I.18,Ib8e91664,"Proportion of individuals who own a mobile telephone, by sex",Sb8e91664,"Proportion of individuals who own a mobile telephone, by sex",218,Ecuador,ECU,-78.37005241,-1.447785891,Latin America and the Caribbean,G,Global,2021,PT,Percent,2019,59.91,58.23,61.67,2019,2019,2019,C,C,C,,,,True,True,True
I.18,Ib8e91664,"Proportion of individuals who own a mobile telephone, by sex",Sb8e91664,"Proportion of individuals who own a mobile telephone, by sex",222,El Salvador,SLV,-88.86862995,13.73603564,Latin America and the Caribbean,G,Global,2021,PT,Percent,2014,79.12,77.98,80.43,2014,2014,2014,C,C,C,,,,False,False,False
I.18,Ib8e91664,"Proportion of individuals who own a mobile telephone, by sex",Sb8e91664,"Proportion of individuals who own a mobile telephone, by sex",222,El Salvador,SLV,-88.86862995,13.73603564,Latin America and the Caribbean,G,Global,2021,PT,Percent,2015,79.65,78.45,81.01,2015,2015,2015,C,C,C,,,,True,True,True
I.18,Ib8e91664,"Proportion of individuals who own a mobile telephone, by sex",Sb8e91664,"Proportion of individuals who own a mobile telephone, by sex",231,Ethiopia,ETH,39.63505296,8.631223181,Sub-Saharan Africa,G,Global,2021,PT,Percent,2015,50.0,,,2015,,,C,,,,,,False,,
I.18,Ib8e91664,"Proportion of individuals who own a mobile telephone, by sex",Sb8e91664,"Proportion of individuals who own a mobile telephone, by sex",231,Ethiopia,ETH,39.63505296,8.631223181,Sub-Saharan Africa,G,Global,2021,PT,Percent,2016,58.29,,,2016,,,C,,,,,,True,,
I.18,Ib8e91664,"Proportion of individuals who own a mobile telephone, by sex",Sb8e91664,"Proportion of individuals who own a mobile telephone, by sex",246,Finland,FIN,23.308447,61.91586738,Europe and Northern America,G,Global,2021,PT,Percent,2014,98.51,98.37,98.66,2014,2014,2014,C,C,C,Population age 16-89,Population age 16-89,Population age 16-89,False,False,False
I.18,Ib8e91664,"Proportion of individuals who own a mobile telephone, by sex",Sb8e91664,"Proportion of individuals who own a mobile telephone, by sex",246,Finland,FIN,23.308447,61.91586738,Europe and Northern America,G,Global,2021,PT,Percent,2015,98.38,97.7,99.08,2015,2015,2015,C,C,C,Population age 16-89,,Population age 16-89,False,False,False
I.18,Ib8e91664,"Proportion of individuals who own a mobile telephone, by sex",Sb8e91664,"Proportion of individuals who own a mobile telephone, by sex",246,Finland,FIN,23.308447,61.91586738,Europe and Northern America,G,Global,2021,PT,Percent,2016,98.45,98.12,98.78,2016,2016,2016,C,C,C,Population age 16-89,Population age 16-89,Population age 16-89,False,False,False
I.18,Ib8e91664,"Proportion of individuals who own a mobile telephone, by sex",Sb8e91664,"Proportion of individuals who own a mobile telephone, by sex",246,Finland,FIN,23.308447,61.91586738,Europe and Northern America,G,Global,2021,PT,Percent,2017,98.86,98.59,99.15,2017,2017,2017,C,C,C,Population age 16-89,Population age 16-89,Population age 16-89,False,False,False
I.18,Ib8e91664,"Proportion of individuals who own a mobile telephone, by sex",Sb8e91664,"Proportion of individuals who own a mobile telephone, by sex",246,Finland,FIN,23.308447,61.91586738,Europe and Northern America,G,Global,2021,PT,Percent,2018,98.41,97.96,98.87,2018,2018,2018,C,C,C,Population age 16-89,,Population age 16-89,True,True,True
I.18,Ib8e91664,"Proportion of individuals who own a mobile telephone, by sex",Sb8e91664,"Proportion of individuals who own a mobile telephone, by sex",250,France,FRA,2.457288129,46.62660861,Europe and Northern America,G,Global,2021,PT,Percent,2018,78.65,77.8,79.58,2018,2018,2018,C,C,C,,,,True,True,True
I.18,Ib8e91664,"Proportion of individuals who own a mobile telephone, by sex",Sb8e91664,"Proportion of individuals who own a mobile telephone, by sex",262,Djibouti,DJI,42.18274707,11.56004161,Sub-Saharan Africa,G,Global,2021,PT,Percent,2017,56.34,51.57,61.32,2017,2017,2017,C,C,C,,,,True,True,True
I.18,Ib8e91664,"Proportion of individuals who own a mobile telephone, by sex",Sb8e91664,"Proportion of individuals who own a mobile telephone, by sex",268,Georgia,GEO,43.3713615,42.04813028,Northern Africa and Western Asia,G,Global,2021,PT,Percent,2016,78.37,76.18,80.82,2016,2016,2016,C,C,C,,,,False,False,False
I.18,Ib8e91664,"Proportion of individuals who own a mobile telephone, by sex",Sb8e91664,"Proportion of individuals who own a mobile telephone, by sex",268,Georgia,GEO,43.3713615,42.04813028,Northern Africa and Western Asia,G,Global,2021,PT,Percent,2017,80.1,77.64,82.87,2017,2017,2017,C,C,C,,,,False,False,False
I.18,Ib8e91664,"Proportion of individuals who own a mobile telephone, by sex",Sb8e91664,"Proportion of individuals who own a mobile telephone, by sex",268,Georgia,GEO,43.3713615,42.04813028,Northern Africa and Western Asia,G,Global,2021,PT,Percent,2018,87.25,84.34,90.59,2018,2018,2018,C,C,C,,,,False,False,False
I.18,Ib8e91664,"Proportion of individuals who own a mobile telephone, by sex",Sb8e91664,"Proportion of individuals who own a mobile telephone, by sex",268,Georgia,GEO,43.3713615,42.04813028,Northern Africa and Western Asia,G,Global,2021,PT,Percent,2019,89.6,87.85,91.62,2019,2019,2019,C,C,C,,,,True,True,True
I.18,Ib8e91664,"Proportion of individuals who own a mobile telephone, by sex",Sb8e91664,"Proportion of individuals who own a mobile telephone, by sex",270,Gambia,GMB,-15.39944785,13.45295927,Sub-Saharan Africa,G,Global,2021,PT,Percent,2018,,74.1,85.1,,2018,2018,,C,C,,Age range: 15-49,Age range: 15-49,,True,True
I.18,Ib8e91664,"Proportion of individuals who own a mobile telephone, by sex",Sb8e91664,"Proportion of individuals who own a mobile telephone, by sex",275,State of Palestine,PSE,35.25694122,31.94347933,Northern Africa and Western Asia,G,Global,2021,PT,Percent,2014,73.67,65.29,81.82,2014,2014,2014,C,C,C,,,,False,False,False
I.18,Ib8e91664,"Proportion of individuals who own a mobile telephone, by sex",Sb8e91664,"Proportion of individuals who own a mobile telephone, by sex",275,State of Palestine,PSE,35.25694122,31.94347933,Northern Africa and Western Asia,G,Global,2021,PT,Percent,2018,88.6,83.22,93.85,2018,2018,2018,C,C,C,,,,False,False,False
I.18,Ib8e91664,"Proportion of individuals who own a mobile telephone, by sex",Sb8e91664,"Proportion of individuals who own a mobile telephone, by sex",275,State of Palestine,PSE,35.25694122,31.94347933,Northern Africa and Western Asia,G,Global,2021,PT,Percent,2019,74.9,70.46,79.22,2019,2019,2019,C,C,C,,,,True,True,True
I.18,Ib8e91664,"Proportion of individuals who own a mobile telephone, by sex",Sb8e91664,"Proportion of individuals who own a mobile telephone, by sex",288,Ghana,GHA,-1.205623522,7.964825185,Sub-Saharan Africa,G,Global,2021,PT,Percent,2018,,68.0,79.9,,2017-2018,2017-2018,,C,C,,Age range: 15-49,Age range: 15-49,,True,True
I.18,Ib8e91664,"Proportion of individuals who own a mobile telephone, by sex",Sb8e91664,"Proportion of individuals who own a mobile telephone, by sex",296,Kiribati,KIR,-157.5643005,1.768837732,"Oceania, exc. Australia and New Zealand",G,Global,2021,PT,Percent,2019,,52.7,53.0,,2018-2019,2018-2019,,C,C,,Age range: 15-49,Age range: 15-49,,True,True
I.18,Ib8e91664,"Proportion of individuals who own a mobile telephone, by sex",Sb8e91664,"Proportion of individuals who own a mobile telephone, by sex",308,Grenada,GRD,-61.68248568,12.11238395,Latin America and the Caribbean,G,Global,2021,PT,Percent,2016,89.89,90.86,88.93,2016,2016,2016,C,C,C,,,,False,False,False
I.18,Ib8e91664,"Proportion of individuals who own a mobile telephone, by sex",Sb8e91664,"Proportion of individuals who own a mobile telephone, by sex",308,Grenada,GRD,-61.68248568,12.11238395,Latin America and the Caribbean,G,Global,2021,PT,Percent,2017,92.36,95.04,90.28,2017,2017,2017,C,C,C,,,,True,True,True
I.18,Ib8e91664,"Proportion of individuals who own a mobile telephone, by sex",Sb8e91664,"Proportion of individuals who own a mobile telephone, by sex",31,Azerbaijan,AZE,50.01064725,40.39229544,Northern Africa and Western Asia,G,Global,2021,PT,Percent,2014,73.92,70.66,77.21,2014,2014,2014,C,C,C,,,,False,False,False
I.18,Ib8e91664,"Proportion of individuals who own a mobile telephone, by sex",Sb8e91664,"Proportion of individuals who own a mobile telephone, by sex",31,Azerbaijan,AZE,50.01064725,40.39229544,Northern Africa and Western Asia,G,Global,2021,PT,Percent,2015,74.12,70.47,77.81,2015,2015,2015,C,C,C,,,,False,False,False
I.18,Ib8e91664,"Proportion of individuals who own a mobile telephone, by sex",Sb8e91664,"Proportion of individuals who own a mobile telephone, by sex",31,Azerbaijan,AZE,50.01064725,40.39229544,Northern Africa and Western Asia,G,Global,2021,PT,Percent,2016,73.42,69.84,77.01,2016,2016,2016,C,C,C,,,,False,False,False
I.18,Ib8e91664,"Proportion of individuals who own a mobile telephone, by sex",Sb8e91664,"Proportion of individuals who own a mobile telephone, by sex",31,Azerbaijan,AZE,50.01064725,40.39229544,Northern Africa and Western Asia,G,Global,2021,PT,Percent,2017,84.0,79.72,88.38,2017,2017,2017,C,C,C,,,,False,False,False
I.18,Ib8e91664,"Proportion of individuals who own a mobile telephone, by sex",Sb8e91664,"Proportion of individuals who own a mobile telephone, by sex",31,Azerbaijan,AZE,50.01064725,40.39229544,Northern Africa and Western Asia,G,Global,2021,PT,Percent,2018,83.5,79.34,87.75,2018,2018,2018,C,C,C,,,,False,False,False
I.18,Ib8e91664,"Proportion of individuals who own a mobile telephone, by sex",Sb8e91664,"Proportion of individuals who own a mobile telephone, by sex",31,Azerbaijan,AZE,50.01064725,40.39229544,Northern Africa and Western Asia,G,Global,2021,PT,Percent,2019,83.5,79.43,87.64,2019,2019,2019,C,C,C,,,,True,True,True
I.18,Ib8e91664,"Proportion of individuals who own a mobile telephone, by sex",Sb8e91664,"Proportion of individuals who own a mobile telephone, by sex",324,Guinea,GIN,-11.28173419,11.00210343,Sub-Saharan Africa,G,Global,2021,PT,Percent,2018,76.75,68.9,86.0,2018,2018,2018,C,C,C,,,,True,True,True
I.18,Ib8e91664,"Proportion of individuals who own a mobile telephone, by sex",Sb8e91664,"Proportion of individuals who own a mobile telephone, by sex",332,Haiti,HTI,-72.33640958,18.40426539,Latin America and the Caribbean,G,Global,2021,PT,Percent,2018,58.68,,,2018,,,C,,,,,,True,,
I.18,Ib8e91664,"Proportion of individuals who own a mobile telephone, by sex",Sb8e91664,"Proportion of individuals who own a mobile telephone, by sex",344,"China, Hong Kong Special Administrative Region",HKG,114.0266445,22.41749934,Eastern and South-Eastern Asia,G,Global,2021,PT,Percent,2014,94.81,94.15,95.53,2014,2014,2014,C,C,C,,,,False,False,False
I.18,Ib8e91664,"Proportion of individuals who own a mobile telephone, by sex",Sb8e91664,"Proportion of individuals who own a mobile telephone, by sex",344,"China, Hong Kong Special Administrative Region",HKG,114.0266445,22.41749934,Eastern and South-Eastern Asia,G,Global,2021,PT,Percent,2015,96.05,95.37,96.8,2015,2015,2015,C,C,C,,,,False,False,False
I.18,Ib8e91664,"Proportion of individuals who own a mobile telephone, by sex",Sb8e91664,"Proportion of individuals who own a mobile telephone, by sex",344,"China, Hong Kong Special Administrative Region",HKG,114.0266445,22.41749934,Eastern and South-Eastern Asia,G,Global,2021,PT,Percent,2016,96.12,95.38,96.93,2016,2016,2016,C,C,C,,,,False,False,False
I.18,Ib8e91664,"Proportion of individuals who own a mobile telephone, by sex",Sb8e91664,"Proportion of individuals who own a mobile telephone, by sex",344,"China, Hong Kong Special Administrative Region",HKG,114.0266445,22.41749934,Eastern and South-Eastern Asia,G,Global,2021,PT,Percent,2017,96.82,96.33,97.36,2017,2017,2017,C,C,C,,,,False,False,False
I.18,Ib8e91664,"Proportion of individuals who own a mobile telephone, by sex",Sb8e91664,"Proportion of individuals who own a mobile telephone, by sex",344,"China, Hong Kong Special Administrative Region",HKG,114.0266445,22.41749934,Eastern and South-Eastern Asia,G,Global,2021,PT,Percent,2018,96.62,96.2,97.09,2018,2018,2018,C,C,C,,,,False,False,False
I.18,Ib8e91664,"Proportion of individuals who own a mobile telephone, by sex",Sb8e91664,"Proportion of individuals who own a mobile telephone, by sex",344,"China, Hong Kong Special Administrative Region",HKG,114.0266445,22.41749934,Eastern and South-Eastern Asia,G,Global,2021,PT,Percent,2019,97.06,96.51,97.68,2019,2019,2019,C,C,C,,,,True,True,True
I.18,Ib8e91664,"Proportion of individuals who own a mobile telephone, by sex",Sb8e91664,"Proportion of individuals who own a mobile telephone, by sex",360,Indonesia,IDN,113.9174,-0.994582204,Eastern and South-Eastern Asia,G,Global,2021,PT,Percent,2014,51.49,,,2014,,,C,,,,,,False,,
I.18,Ib8e91664,"Proportion of individuals who own a mobile telephone, by sex",Sb8e91664,"Proportion of individuals who own a mobile telephone, by sex",360,Indonesia,IDN,113.9174,-0.994582204,Eastern and South-Eastern Asia,G,Global,2021,PT,Percent,2015,57.14,50.57,63.67,2015,2015,2015,C,C,C,,,,False,False,False
I.18,Ib8e91664,"Proportion of individuals who own a mobile telephone, by sex",Sb8e91664,"Proportion of individuals who own a mobile telephone, by sex",360,Indonesia,IDN,113.9174,-0.994582204,Eastern and South-Eastern Asia,G,Global,2021,PT,Percent,2016,58.49,52.28,64.65,2016,2016,2016,C,C,C,,,,False,False,False
I.18,Ib8e91664,"Proportion of individuals who own a mobile telephone, by sex",Sb8e91664,"Proportion of individuals who own a mobile telephone, by sex",360,Indonesia,IDN,113.9174,-0.994582204,Eastern and South-Eastern Asia,G,Global,2021,PT,Percent,2017,59.59,53.8,65.34,2017,2017,2017,C,C,C,,,,False,False,False
I.18,Ib8e91664,"Proportion of individuals who own a mobile telephone, by sex",Sb8e91664,"Proportion of individuals who own a mobile telephone, by sex",360,Indonesia,IDN,113.9174,-0.994582204,Eastern and South-Eastern Asia,G,Global,2021,PT,Percent,2018,62.41,57.19,67.59,2018,2018,2018,C,C,C,,,,False,False,False
I.18,Ib8e91664,"Proportion of individuals who own a mobile telephone, by sex",Sb8e91664,"Proportion of individuals who own a mobile telephone, by sex",360,Indonesia,IDN,113.9174,-0.994582204,Eastern and South-Eastern Asia,G,Global,2021,PT,Percent,2019,63.53,58.35,68.68,2019,2019,2019,C,C,C,,,,True,True,True
I.18,Ib8e91664,"Proportion of individuals who own a mobile telephone, by sex",Sb8e91664,"Proportion of individuals who own a mobile telephone, by sex",364,Iran (Islamic Republic of),IRN,54.19766348,32.74370885,Central and Southern Asia,G,Global,2021,PT,Percent,2015,69.7,63.22,76.04,2015,2015,2015,C,C,C,,,,False,False,False
I.18,Ib8e91664,"Proportion of individuals who own a mobile telephone, by sex",Sb8e91664,"Proportion of individuals who own a mobile telephone, by sex",364,Iran (Islamic Republic of),IRN,54.19766348,32.74370885,Central and Southern Asia,G,Global,2021,PT,Percent,2016,64.22,53.09,75.1,2016,2016,2016,C,C,C,,,,False,False,False
I.18,Ib8e91664,"Proportion of individuals who own a mobile telephone, by sex",Sb8e91664,"Proportion of individuals who own a mobile telephone, by sex",364,Iran (Islamic Republic of),IRN,54.19766348,32.74370885,Central and Southern Asia,G,Global,2021,PT,Percent,2017,66.04,54.58,77.24,2017,2017,2017,C,C,C,,,,False,False,False
I.18,Ib8e91664,"Proportion of individuals who own a mobile telephone, by sex",Sb8e91664,"Proportion of individuals who own a mobile telephone, by sex",364,Iran (Islamic Republic of),IRN,54.19766348,32.74370885,Central and Southern Asia,G,Global,2021,PT,Percent,2018,68.01,56.21,79.55,2018,2018,2018,C,C,C,,,,True,True,True
I.18,Ib8e91664,"Proportion of individuals who own a mobile telephone, by sex",Sb8e91664,"Proportion of individuals who own a mobile telephone, by sex",368,Iraq,IRQ,43.76606267,33.05013795,Northern Africa and Western Asia,G,Global,2021,PT,Percent,2014,53.43,43.44,63.05,2014,2014,2014,C,C,C,,,,False,False,False
I.18,Ib8e91664,"Proportion of individuals who own a mobile telephone, by sex",Sb8e91664,"Proportion of individuals who own a mobile telephone, by sex",368,Iraq,IRQ,43.76606267,33.05013795,Northern Africa and Western Asia,G,Global,2021,PT,Percent,2017,70.1,56.73,83.1,2017,2017,2017,C,C,C,,,,False,False,False
I.18,Ib8e91664,"Proportion of individuals who own a mobile telephone, by sex",Sb8e91664,"Proportion of individuals who own a mobile telephone, by sex",368,Iraq,IRQ,43.76606267,33.05013795,Northern Africa and Western Asia,G,Global,2021,PT,Percent,2018,85.33,85.57,85.09,2018,2018,2018,C,C,C,,,,True,True,True
I.18,Ib8e91664,"Proportion of individuals who own a mobile telephone, by sex",Sb8e91664,"Proportion of individuals who own a mobile telephone, by sex",372,Ireland,IRL,-7.121425272,53.25274054,Europe and Northern America,G,Global,2021,PT,Percent,2017,83.0,83.0,83.0,2017,2017,2017,C,C,C,,,,False,False,False
I.18,Ib8e91664,"Proportion of individuals who own a mobile telephone, by sex",Sb8e91664,"Proportion of individuals who own a mobile telephone, by sex",372,Ireland,IRL,-7.121425272,53.25274054,Europe and Northern America,G,Global,2021,PT,Percent,2018,83.0,83.0,83.0,2018,2018,2018,C,C,C,,,,True,True,True
I.18,Ib8e91664,"Proportion of individuals who own a mobile telephone, by sex",Sb8e91664,"Proportion of individuals who own a mobile telephone, by sex",376,Israel,ISR,34.62277992,31.06164552,Northern Africa and Western Asia,G,Global,2021,PT,Percent,2017,92.18,90.94,93.48,2017,2017,2017,C,C,C,,,,False,False,False
I.18,Ib8e91664,"Proportion of individuals who own a mobile telephone, by sex",Sb8e91664,"Proportion of individuals who own a mobile telephone, by sex",376,Israel,ISR,34.62277992,31.06164552,Northern Africa and Western Asia,G,Global,2021,PT,Percent,2018,94.27,93.61,94.97,2018,2018,2018,C,C,C,,,,True,True,True
I.18,Ib8e91664,"Proportion of individuals who own a mobile telephone, by sex",Sb8e91664,"Proportion of individuals who own a mobile telephone, by sex",380,Italy,ITA,12.57022427,42.79917282,Europe and Northern America,G,Global,2021,PT,Percent,2014,89.84,88.27,91.52,2014,2014,2014,C,C,C,,,,False,False,False
I.18,Ib8e91664,"Proportion of individuals who own a mobile telephone, by sex",Sb8e91664,"Proportion of individuals who own a mobile telephone, by sex",380,Italy,ITA,12.57022427,42.79917282,Europe and Northern America,G,Global,2021,PT,Percent,2015,90.0,88.71,91.37,2015,2015,2015,C,C,C,,,,False,False,False
I.18,Ib8e91664,"Proportion of individuals who own a mobile telephone, by sex",Sb8e91664,"Proportion of individuals who own a mobile telephone, by sex",380,Italy,ITA,12.57022427,42.79917282,Europe and Northern America,G,Global,2021,PT,Percent,2016,91.52,90.42,92.69,2016,2016,2016,C,C,C,,,,True,True,True
I.18,Ib8e91664,"Proportion of individuals who own a mobile telephone, by sex",Sb8e91664,"Proportion of individuals who own a mobile telephone, by sex",384,Côte d'Ivoire,CIV,-5.552690016,7.62211586,Sub-Saharan Africa,G,Global,2021,PT,Percent,2015,54.59,,,2015,,,C,,,,,,False,,
I.18,Ib8e91664,"Proportion of individuals who own a mobile telephone, by sex",Sb8e91664,"Proportion of individuals who own a mobile telephone, by sex",384,Côte d'Ivoire,CIV,-5.552690016,7.62211586,Sub-Saharan Africa,G,Global,2021,PT,Percent,2016,59.84,,,2016,,,C,,,,,,False,,
I.18,Ib8e91664,"Proportion of individuals who own a mobile telephone, by sex",Sb8e91664,"Proportion of individuals who own a mobile telephone, by sex",384,Côte d'Ivoire,CIV,-5.552690016,7.62211586,Sub-Saharan Africa,G,Global,2021,PT,Percent,2017,64.83,47.19,81.38,2017,2017,2017,C,C,C,,,,False,False,False
I.18,Ib8e91664,"Proportion of individuals who own a mobile telephone, by sex",Sb8e91664,"Proportion of individuals who own a mobile telephone, by sex",384,Côte d'Ivoire,CIV,-5.552690016,7.62211586,Sub-Saharan Africa,G,Global,2021,PT,Percent,2018,66.43,57.56,74.75,2018,2018,2018,C,C,C,,,,False,False,False
I.18,Ib8e91664,"Proportion of individuals who own a mobile telephone, by sex",Sb8e91664,"Proportion of individuals who own a mobile telephone, by sex",384,Côte d'Ivoire,CIV,-5.552690016,7.62211586,Sub-Saharan Africa,G,Global,2021,PT,Percent,2019,67.61,64.34,71.03,2019,2019,2019,C,C,C,,,,True,True,True
I.18,Ib8e91664,"Proportion of individuals who own a mobile telephone, by sex",Sb8e91664,"Proportion of individuals who own a mobile telephone, by sex",388,Jamaica,JAM,-77.31068409,18.15616857,Latin America and the Caribbean,G,Global,2021,PT,Percent,2016,96.39,97.18,95.59,2016,2016,2016,C,C,C,,,,True,True,True
I.18,Ib8e91664,"Proportion of individuals who own a mobile telephone, by sex",Sb8e91664,"Proportion of individuals who own a mobile telephone, by sex",392,Japan,JPN,139.2716103,36.6554539,Eastern and South-Eastern Asia,G,Global,2021,PT,Percent,2015,80.9,80.28,81.55,2015,2015,2015,C,C,C,,,,False,False,False
I.18,Ib8e91664,"Proportion of individuals who own a mobile telephone, by sex",Sb8e91664,"Proportion of individuals who own a mobile telephone, by sex",392,Japan,JPN,139.2716103,36.6554539,Eastern and South-Eastern Asia,G,Global,2021,PT,Percent,2016,83.6,82.0,85.29,2016,2016,2016,C,C,C,,,,False,False,False
I.18,Ib8e91664,"Proportion of individuals who own a mobile telephone, by sex",Sb8e91664,"Proportion of individuals who own a mobile telephone, by sex",392,Japan,JPN,139.2716103,36.6554539,Eastern and South-Eastern Asia,G,Global,2021,PT,Percent,2017,88.31,87.03,89.7,2017,2017,2017,C,C,C,,,,False,False,False
I.18,Ib8e91664,"Proportion of individuals who own a mobile telephone, by sex",Sb8e91664,"Proportion of individuals who own a mobile telephone, by sex",392,Japan,JPN,139.2716103,36.6554539,Eastern and South-Eastern Asia,G,Global,2021,PT,Percent,2018,88.98,87.6,90.46,2018,2018,2018,C,C,C,,,,False,False,False
I.18,Ib8e91664,"Proportion of individuals who own a mobile telephone, by sex",Sb8e91664,"Proportion of individuals who own a mobile telephone, by sex",392,Japan,JPN,139.2716103,36.6554539,Eastern and South-Eastern Asia,G,Global,2021,PT,Percent,2019,92.14,91.3,93.05,2019,2019,2019,C,C,C,,,,True,True,True
I.18,Ib8e91664,"Proportion of individuals who own a mobile telephone, by sex",Sb8e91664,"Proportion of individuals who own a mobile telephone, by sex",398,Kazakhstan,KAZ,66.65359159,48.01963494,Central and Southern Asia,G,Global,2021,PT,Percent,2016,85.39,84.82,86.02,2016,2016,2016,C,C,C,,,,False,False,False
I.18,Ib8e91664,"Proportion of individuals who own a mobile telephone, by sex",Sb8e91664,"Proportion of individuals who own a mobile telephone, by sex",398,Kazakhstan,KAZ,66.65359159,48.01963494,Central and Southern Asia,G,Global,2021,PT,Percent,2017,86.81,86.5,87.14,2017,2017,2017,C,C,C,,,,False,False,False
I.18,Ib8e91664,"Proportion of individuals who own a mobile telephone, by sex",Sb8e91664,"Proportion of individuals who own a mobile telephone, by sex",398,Kazakhstan,KAZ,66.65359159,48.01963494,Central and Southern Asia,G,Global,2021,PT,Percent,2018,87.93,87.14,88.78,2018,2018,2018,C,C,C,,,,False,False,False
I.18,Ib8e91664,"Proportion of individuals who own a mobile telephone, by sex",Sb8e91664,"Proportion of individuals who own a mobile telephone, by sex",398,Kazakhstan,KAZ,66.65359159,48.01963494,Central and Southern Asia,G,Global,2021,PT,Percent,2019,88.12,87.68,88.6,2019,2019,2019,C,C,C,,,,True,True,True
I.18,Ib8e91664,"Proportion of individuals who own a mobile telephone, by sex",Sb8e91664,"Proportion of individuals who own a mobile telephone, by sex",4,Afghanistan,AFG,66.02688198,33.83160199,Central and Southern Asia,G,Global,2021,PT,Percent,2016,46.82,,,2016,,,C,,,,,,True,,
I.18,Ib8e91664,"Proportion of individuals who own a mobile telephone, by sex",Sb8e91664,"Proportion of individuals who own a mobile telephone, by sex",404,Kenya,KEN,37.86096816,0.534797278,Sub-Saharan Africa,G,Global,2021,PT,Percent,2015,44.82,43.71,45.97,2015,2015,2015,C,C,C,,,,False,False,False
I.18,Ib8e91664,"Proportion of individuals who own a mobile telephone, by sex",Sb8e91664,"Proportion of individuals who own a mobile telephone, by sex",404,Kenya,KEN,37.86096816,0.534797278,Sub-Saharan Africa,G,Global,2021,PT,Percent,2016,44.8,,,2016,,,C,,,,,,False,,
I.18,Ib8e91664,"Proportion of individuals who own a mobile telephone, by sex",Sb8e91664,"Proportion of individuals who own a mobile telephone, by sex",404,Kenya,KEN,37.86096816,0.534797278,Sub-Saharan Africa,G,Global,2021,PT,Percent,2019,47.31,47.03,47.6,2019,2019,2019,C,C,C,,,,True,True,True
I.18,Ib8e91664,"Proportion of individuals who own a mobile telephone, by sex",Sb8e91664,"Proportion of individuals who own a mobile telephone, by sex",410,Republic of Korea,KOR,127.8610254,36.45201023,Eastern and South-Eastern Asia,G,Global,2021,PT,Percent,2014,84.67,81.58,87.72,2014,2014,2014,C,C,C,,,,False,False,False
I.18,Ib8e91664,"Proportion of individuals who own a mobile telephone, by sex",Sb8e91664,"Proportion of individuals who own a mobile telephone, by sex",410,Republic of Korea,KOR,127.8610254,36.45201023,Eastern and South-Eastern Asia,G,Global,2021,PT,Percent,2015,95.74,94.53,96.94,2015,2015,2015,C,C,C,,,,False,False,False
I.18,Ib8e91664,"Proportion of individuals who own a mobile telephone, by sex",Sb8e91664,"Proportion of individuals who own a mobile telephone, by sex",410,Republic of Korea,KOR,127.8610254,36.45201023,Eastern and South-Eastern Asia,G,Global,2021,PT,Percent,2016,90.04,87.64,92.41,2016,2016,2016,C,C,C,,,,False,False,False
I.18,Ib8e91664,"Proportion of individuals who own a mobile telephone, by sex",Sb8e91664,"Proportion of individuals who own a mobile telephone, by sex",410,Republic of Korea,KOR,127.8610254,36.45201023,Eastern and South-Eastern Asia,G,Global,2021,PT,Percent,2017,94.35,93.05,95.62,2017,2017,2017,C,C,C,,,,False,False,False
I.18,Ib8e91664,"Proportion of individuals who own a mobile telephone, by sex",Sb8e91664,"Proportion of individuals who own a mobile telephone, by sex",410,Republic of Korea,KOR,127.8610254,36.45201023,Eastern and South-Eastern Asia,G,Global,2021,PT,Percent,2018,96.0,94.79,97.16,2018,2018,2018,C,C,C,,,,False,False,False
I.18,Ib8e91664,"Proportion of individuals who own a mobile telephone, by sex",Sb8e91664,"Proportion of individuals who own a mobile telephone, by sex",410,Republic of Korea,KOR,127.8610254,36.45201023,Eastern and South-Eastern Asia,G,Global,2021,PT,Percent,2019,96.14,95.31,96.95,2019,2019,2019,C,C,C,,,,True,True,True
I.18,Ib8e91664,"Proportion of individuals who own a mobile telephone, by sex",Sb8e91664,"Proportion of individuals who own a mobile telephone, by sex",414,Kuwait,KWT,47.49305029,29.53949468,Northern Africa and Western Asia,G,Global,2021,PT,Percent,2017,99.7,99.89,99.59,2017,2017,2017,C,C,C,Population age 5-75 (2018); 5-74 (2019),Population age 5-75 (2018); 5-74 (2019),Population age 5-75 (2018); 5-74 (2019),False,False,False
I.18,Ib8e91664,"Proportion of individuals who own a mobile telephone, by sex",Sb8e91664,"Proportion of individuals who own a mobile telephone, by sex",414,Kuwait,KWT,47.49305029,29.53949468,Northern Africa and Western Asia,G,Global,2021,PT,Percent,2018,99.22,99.39,99.14,2018,2018,2018,C,C,C,Population age 5-75 (2018); 5-74 (2019),Population age 5-75 (2018); 5-74 (2019),Population age 5-75 (2018); 5-74 (2019),False,False,False
I.18,Ib8e91664,"Proportion of individuals who own a mobile telephone, by sex",Sb8e91664,"Proportion of individuals who own a mobile telephone, by sex",414,Kuwait,KWT,47.49305029,29.53949468,Northern Africa and Western Asia,G,Global,2021,PT,Percent,2019,99.22,99.22,99.22,2019,2019,2019,C,C,C,Population age 5-75 (2018); 5-74 (2019),Population age 5-75 (2018); 5-74 (2019),Population age 5-75 (2018); 5-74 (2019),True,True,True
I.18,Ib8e91664,"Proportion of individuals who own a mobile telephone, by sex",Sb8e91664,"Proportion of individuals who own a mobile telephone, by sex",417,Kyrgyzstan,KGZ,74.52324839,41.46204516,Central and Southern Asia,G,Global,2021,PT,Percent,2018,,93.3,,,2018,,,C,,,Age range: 15-49,,,True,
I.18,Ib8e91664,"Proportion of individuals who own a mobile telephone, by sex",Sb8e91664,"Proportion of individuals who own a mobile telephone, by sex",418,Lao People's Democratic Republic,LAO,101.9901968,20.27482773,Eastern and South-Eastern Asia,G,Global,2021,PT,Percent,2017,,73.1,84.3,,2017,2017,,C,C,,Age range: 15-49,Age range: 15-49,,True,True
I.18,Ib8e91664,"Proportion of individuals who own a mobile telephone, by sex",Sb8e91664,"Proportion of individuals who own a mobile telephone, by sex",426,Lesotho,LSO,28.25362195,-29.58041814,Sub-Saharan Africa,G,Global,2021,PT,Percent,2016,78.65,,,2016,,,C,,,,,,True,,
I.18,Ib8e91664,"Proportion of individuals who own a mobile telephone, by sex",Sb8e91664,"Proportion of individuals who own a mobile telephone, by sex",426,Lesotho,LSO,28.25362195,-29.58041814,Sub-Saharan Africa,G,Global,2021,PT,Percent,2018,,86.9,83.6,,2018,2018,,C,C,,Age range: 15-49,Age range: 15-49,,True,True
I.18,Ib8e91664,"Proportion of individuals who own a mobile telephone, by sex",Sb8e91664,"Proportion of individuals who own a mobile telephone, by sex",440,Lithuania,LTU,23.90517807,55.33680309,Europe and Northern America,G,Global,2021,PT,Percent,2014,96.71,96.99,96.4,2014,2014,2014,C,C,C,,,,False,False,False
I.18,Ib8e91664,"Proportion of individuals who own a mobile telephone, by sex",Sb8e91664,"Proportion of individuals who own a mobile telephone, by sex",440,Lithuania,LTU,23.90517807,55.33680309,Europe and Northern America,G,Global,2021,PT,Percent,2015,95.7,95.88,95.5,2015,2015,2015,C,C,C,,,,False,False,False
I.18,Ib8e91664,"Proportion of individuals who own a mobile telephone, by sex",Sb8e91664,"Proportion of individuals who own a mobile telephone, by sex",440,Lithuania,LTU,23.90517807,55.33680309,Europe and Northern America,G,Global,2021,PT,Percent,2016,95.55,95.59,95.5,2016,2016,2016,E,E,E,,,,False,False,False
I.18,Ib8e91664,"Proportion of individuals who own a mobile telephone, by sex",Sb8e91664,"Proportion of individuals who own a mobile telephone, by sex",440,Lithuania,LTU,23.90517807,55.33680309,Europe and Northern America,G,Global,2021,PT,Percent,2017,95.7,95.88,95.5,2017,2017,2017,C,C,C,,,,False,False,False
I.18,Ib8e91664,"Proportion of individuals who own a mobile telephone, by sex",Sb8e91664,"Proportion of individuals who own a mobile telephone, by sex",440,Lithuania,LTU,23.90517807,55.33680309,Europe and Northern America,G,Global,2021,PT,Percent,2018,95.7,95.88,95.5,2018,2018,2018,C,C,C,,,,True,True,True
I.18,Ib8e91664,"Proportion of individuals who own a mobile telephone, by sex",Sb8e91664,"Proportion of individuals who own a mobile telephone, by sex",446,"China, Macao Special Administrative Region",MAC,113.5665388,22.1237259,Eastern and South-Eastern Asia,G,Global,2021,PT,Percent,2014,92.25,91.76,92.75,2014,2014,2014,C,C,C,,,,False,False,False
I.18,Ib8e91664,"Proportion of individuals who own a mobile telephone, by sex",Sb8e91664,"Proportion of individuals who own a mobile telephone, by sex",446,"China, Macao Special Administrative Region",MAC,113.5665388,22.1237259,Eastern and South-Eastern Asia,G,Global,2021,PT,Percent,2015,92.22,91.83,92.6,2015,2015,2015,C,C,C,,,,False,False,False
I.18,Ib8e91664,"Proportion of individuals who own a mobile telephone, by sex",Sb8e91664,"Proportion of individuals who own a mobile telephone, by sex",446,"China, Macao Special Administrative Region",MAC,113.5665388,22.1237259,Eastern and South-Eastern Asia,G,Global,2021,PT,Percent,2016,91.69,91.6,91.78,2016,2016,2016,C,C,C,,,,False,False,False
I.18,Ib8e91664,"Proportion of individuals who own a mobile telephone, by sex",Sb8e91664,"Proportion of individuals who own a mobile telephone, by sex",446,"China, Macao Special Administrative Region",MAC,113.5665388,22.1237259,Eastern and South-Eastern Asia,G,Global,2021,PT,Percent,2018,89.53,90.26,88.69,2018,2018,2018,C,C,C,,,,False,False,False
I.18,Ib8e91664,"Proportion of individuals who own a mobile telephone, by sex",Sb8e91664,"Proportion of individuals who own a mobile telephone, by sex",446,"China, Macao Special Administrative Region",MAC,113.5665388,22.1237259,Eastern and South-Eastern Asia,G,Global,2021,PT,Percent,2019,90.03,90.86,89.06,2019,2019,2019,C,C,C,,,,True,True,True
I.18,Ib8e91664,"Proportion of individuals who own a mobile telephone, by sex",Sb8e91664,"Proportion of individuals who own a mobile telephone, by sex",450,Madagascar,MDG,46.6982339,-19.38514785,Sub-Saharan Africa,G,Global,2021,PT,Percent,2018,,32.0,42.1,,2018,2018,,C,C,,Age range: 15-49,Age range: 15-49,,True,True
I.18,Ib8e91664,"Proportion of individuals who own a mobile telephone, by sex",Sb8e91664,"Proportion of individuals who own a mobile telephone, by sex",458,Malaysia,MYS,116.8346314,5.452415309,Eastern and South-Eastern Asia,G,Global,2021,PT,Percent,2015,94.51,92.47,96.43,2015,2015,2015,C,C,C,,,,False,False,False
I.18,Ib8e91664,"Proportion of individuals who own a mobile telephone, by sex",Sb8e91664,"Proportion of individuals who own a mobile telephone, by sex",458,Malaysia,MYS,116.8346314,5.452415309,Eastern and South-Eastern Asia,G,Global,2021,PT,Percent,2017,95.54,94.45,96.56,2017,2017,2017,C,C,C,,,,False,False,False
I.18,Ib8e91664,"Proportion of individuals who own a mobile telephone, by sex",Sb8e91664,"Proportion of individuals who own a mobile telephone, by sex",458,Malaysia,MYS,116.8346314,5.452415309,Eastern and South-Eastern Asia,G,Global,2021,PT,Percent,2018,95.96,95.15,96.72,2018,2018,2018,C,C,C,,,,False,False,False
I.18,Ib8e91664,"Proportion of individuals who own a mobile telephone, by sex",Sb8e91664,"Proportion of individuals who own a mobile telephone, by sex",458,Malaysia,MYS,116.8346314,5.452415309,Eastern and South-Eastern Asia,G,Global,2021,PT,Percent,2019,95.67,94.45,96.78,2019,2019,2019,C,C,C,,,,True,True,True
I.18,Ib8e91664,"Proportion of individuals who own a mobile telephone, by sex",Sb8e91664,"Proportion of individuals who own a mobile telephone, by sex",48,Bahrain,BHR,50.5490754,26.04407747,Northern Africa and Western Asia,G,Global,2021,PT,Percent,2015,100.0,100.0,100.0,2015,2015,2015,C,C,C,Population age 15+,Population age 15+,Population age 15+,False,False,False
I.18,Ib8e91664,"Proportion of individuals who own a mobile telephone, by sex",Sb8e91664,"Proportion of individuals who own a mobile telephone, by sex",48,Bahrain,BHR,50.5490754,26.04407747,Northern Africa and Western Asia,G,Global,2021,PT,Percent,2016,100.0,100.0,100.0,2016,2016,2016,C,C,C,Population age 15+,Population age 15+,Population age 15+,False,False,False
I.18,Ib8e91664,"Proportion of individuals who own a mobile telephone, by sex",Sb8e91664,"Proportion of individuals who own a mobile telephone, by sex",48,Bahrain,BHR,50.5490754,26.04407747,Northern Africa and Western Asia,G,Global,2021,PT,Percent,2017,100.0,100.0,100.0,2017,2017,2017,C,C,C,Population age 15+,Population age 15+,Population age 15+,False,False,False
I.18,Ib8e91664,"Proportion of individuals who own a mobile telephone, by sex",Sb8e91664,"Proportion of individuals who own a mobile telephone, by sex",48,Bahrain,BHR,50.5490754,26.04407747,Northern Africa and Western Asia,G,Global,2021,PT,Percent,2018,100.0,100.0,100.0,2018,2018,2018,C,C,C,Population age 15+,Population age 15+,Population age 15+,False,False,False
I.18,Ib8e91664,"Proportion of individuals who own a mobile telephone, by sex",Sb8e91664,"Proportion of individuals who own a mobile telephone, by sex",48,Bahrain,BHR,50.5490754,26.04407747,Northern Africa and Western Asia,G,Global,2021,PT,Percent,2019,100.0,100.0,100.0,2019,2019,2019,C,C,C,Population age 15+,Population age 15+,Population age 15+,True,True,True
I.18,Ib8e91664,"Proportion of individuals who own a mobile telephone, by sex",Sb8e91664,"Proportion of individuals who own a mobile telephone, by sex",480,Mauritius,MUS,57.568022,-20.28581998,Sub-Saharan Africa,G,Global,2021,PT,Percent,2017,75.71,72.8,78.73,2017,2017,2017,C,C,C,,,,False,False,False
I.18,Ib8e91664,"Proportion of individuals who own a mobile telephone, by sex",Sb8e91664,"Proportion of individuals who own a mobile telephone, by sex",480,Mauritius,MUS,57.568022,-20.28581998,Sub-Saharan Africa,G,Global,2021,PT,Percent,2018,76.9,74.63,79.25,2018,2018,2018,C,C,C,,,,False,False,False
I.18,Ib8e91664,"Proportion of individuals who own a mobile telephone, by sex",Sb8e91664,"Proportion of individuals who own a mobile telephone, by sex",480,Mauritius,MUS,57.568022,-20.28581998,Sub-Saharan Africa,G,Global,2021,PT,Percent,2019,81.0,78.0,84.11,2019,2019,2019,C,C,C,,,,True,True,True
I.18,Ib8e91664,"Proportion of individuals who own a mobile telephone, by sex",Sb8e91664,"Proportion of individuals who own a mobile telephone, by sex",484,Mexico,MEX,-102.5148166,23.93378032,Latin America and the Caribbean,G,Global,2021,PT,Percent,2014,62.96,61.85,64.15,2014,2014,2014,C,C,C,,,,False,False,False
I.18,Ib8e91664,"Proportion of individuals who own a mobile telephone, by sex",Sb8e91664,"Proportion of individuals who own a mobile telephone, by sex",484,Mexico,MEX,-102.5148166,23.93378032,Latin America and the Caribbean,G,Global,2021,PT,Percent,2015,71.47,69.91,73.15,2015,2015,2015,C,C,C,,,,True,True,True
I.18,Ib8e91664,"Proportion of individuals who own a mobile telephone, by sex",Sb8e91664,"Proportion of individuals who own a mobile telephone, by sex",496,Mongolia,MNG,103.0728057,46.83892054,Eastern and South-Eastern Asia,G,Global,2021,PT,Percent,2018,94.44,94.29,94.6,2018,2018,2018,C,C,C,,,,True,True,True
I.18,Ib8e91664,"Proportion of individuals who own a mobile telephone, by sex",Sb8e91664,"Proportion of individuals who own a mobile telephone, by sex",50,Bangladesh,BGD,89.17660788,22.86961622,Central and Southern Asia,G,Global,2021,PT,Percent,2017,42.51,30.91,54.3,2017,2017,2017,C,C,C,,,,False,True,True
I.18,Ib8e91664,"Proportion of individuals who own a mobile telephone, by sex",Sb8e91664,"Proportion of individuals who own a mobile telephone, by sex",50,Bangladesh,BGD,89.17660788,22.86961622,Central and Southern Asia,G,Global,2021,PT,Percent,2019,71.4,,,2019,,,C,,,,,,True,,
I.18,Ib8e91664,"Proportion of individuals who own a mobile telephone, by sex",Sb8e91664,"Proportion of individuals who own a mobile telephone, by sex",504,Morocco,MAR,-6.281942841,31.8440131,Northern Africa and Western Asia,G,Global,2021,PT,Percent,2014,81.72,79.0,84.62,2014,2014,2014,C,C,C,,,,False,False,False
I.18,Ib8e91664,"Proportion of individuals who own a mobile telephone, by sex",Sb8e91664,"Proportion of individuals who own a mobile telephone, by sex",504,Morocco,MAR,-6.281942841,31.8440131,Northern Africa and Western Asia,G,Global,2021,PT,Percent,2015,88.2,87.22,89.2,2015,2015,2015,C,C,C,,,,False,False,False
I.18,Ib8e91664,"Proportion of individuals who own a mobile telephone, by sex",Sb8e91664,"Proportion of individuals who own a mobile telephone, by sex",504,Morocco,MAR,-6.281942841,31.8440131,Northern Africa and Western Asia,G,Global,2021,PT,Percent,2016,89.03,87.1,90.98,2016,2016,2016,C,C,C,,,,False,False,False
I.18,Ib8e91664,"Proportion of individuals who own a mobile telephone, by sex",Sb8e91664,"Proportion of individuals who own a mobile telephone, by sex",504,Morocco,MAR,-6.281942841,31.8440131,Northern Africa and Western Asia,G,Global,2021,PT,Percent,2017,91.68,91.73,91.62,2017,2017,2017,C,C,C,,,,False,False,False
I.18,Ib8e91664,"Proportion of individuals who own a mobile telephone, by sex",Sb8e91664,"Proportion of individuals who own a mobile telephone, by sex",504,Morocco,MAR,-6.281942841,31.8440131,Northern Africa and Western Asia,G,Global,2021,PT,Percent,2018,92.43,92.55,92.3,2018,2018,2018,C,C,C,,,,False,False,False
I.18,Ib8e91664,"Proportion of individuals who own a mobile telephone, by sex",Sb8e91664,"Proportion of individuals who own a mobile telephone, by sex",504,Morocco,MAR,-6.281942841,31.8440131,Northern Africa and Western Asia,G,Global,2021,PT,Percent,2019,94.13,93.73,94.54,2019,2019,2019,C,C,C,,,,True,True,True
I.18,Ib8e91664,"Proportion of individuals who own a mobile telephone, by sex",Sb8e91664,"Proportion of individuals who own a mobile telephone, by sex",508,Mozambique,MOZ,38.18479941,-14.27963886,Sub-Saharan Africa,G,Global,2021,PT,Percent,2017,31.36,26.39,36.84,2017,2017,2017,C,C,C,,,,True,True,True
I.18,Ib8e91664,"Proportion of individuals who own a mobile telephone, by sex",Sb8e91664,"Proportion of individuals who own a mobile telephone, by sex",51,Armenia,ARM,44.93839317,40.29499741,Northern Africa and Western Asia,G,Global,2021,PT,Percent,2017,72.61,72.64,72.57,2017,2017,2017,C,C,C,,,,False,False,False
I.18,Ib8e91664,"Proportion of individuals who own a mobile telephone, by sex",Sb8e91664,"Proportion of individuals who own a mobile telephone, by sex",51,Armenia,ARM,44.93839317,40.29499741,Northern Africa and Western Asia,G,Global,2021,PT,Percent,2018,76.43,76.82,75.95,2018,2018,2018,C,C,C,,,,True,True,True
I.18,Ib8e91664,"Proportion of individuals who own a mobile telephone, by sex",Sb8e91664,"Proportion of individuals who own a mobile telephone, by sex",512,Oman,OMN,57.87743482,21.98805614,Northern Africa and Western Asia,G,Global,2021,PT,Percent,2016,90.61,86.54,94.24,2016,2016,2016,C,C,C,,,,False,False,False
I.18,Ib8e91664,"Proportion of individuals who own a mobile telephone, by sex",Sb8e91664,"Proportion of individuals who own a mobile telephone, by sex",512,Oman,OMN,57.87743482,21.98805614,Northern Africa and Western Asia,G,Global,2021,PT,Percent,2019,97.1,95.65,97.73,2019,2019,2019,C,C,C,,,,True,True,True
I.18,Ib8e91664,"Proportion of individuals who own a mobile telephone, by sex",Sb8e91664,"Proportion of individuals who own a mobile telephone, by sex",528,Netherlands,NLD,5.331480568,51.86728884,Europe and Northern America,G,Global,2021,PT,Percent,2014,74.31,71.23,77.46,2014,2014,2014,C,C,C,,,,False,False,False
I.18,Ib8e91664,"Proportion of individuals who own a mobile telephone, by sex",Sb8e91664,"Proportion of individuals who own a mobile telephone, by sex",528,Netherlands,NLD,5.331480568,51.86728884,Europe and Northern America,G,Global,2021,PT,Percent,2015,78.62,78.08,80.28,2015,2015,2015,C,C,C,,,,False,False,False
I.18,Ib8e91664,"Proportion of individuals who own a mobile telephone, by sex",Sb8e91664,"Proportion of individuals who own a mobile telephone, by sex",528,Netherlands,NLD,5.331480568,51.86728884,Europe and Northern America,G,Global,2021,PT,Percent,2016,84.25,82.43,86.11,2016,2016,2016,C,C,C,,,,True,True,True
I.18,Ib8e91664,"Proportion of individuals who own a mobile telephone, by sex",Sb8e91664,"Proportion of individuals who own a mobile telephone, by sex",531,Curaçao,CUW,-68.95033464,12.15058042,Latin America and the Caribbean,G,Global,2021,PT,Percent,2017,87.25,87.9,86.45,2017,2017,2017,C,C,C,,,,True,True,True
I.18,Ib8e91664,"Proportion of individuals who own a mobile telephone, by sex",Sb8e91664,"Proportion of individuals who own a mobile telephone, by sex",562,Niger,NER,9.400167877,17.42143036,Sub-Saharan Africa,G,Global,2021,PT,Percent,2017,65.16,55.37,76.59,2017,2017,2017,C,C,C,,,,True,True,True
I.18,Ib8e91664,"Proportion of individuals who own a mobile telephone, by sex",Sb8e91664,"Proportion of individuals who own a mobile telephone, by sex",566,Nigeria,NGA,8.097363256,9.585789025,Sub-Saharan Africa,G,Global,2021,PT,Percent,2017,40.7,32.44,48.99,2017,2017,2017,C,C,C,,,,True,True,True
I.18,Ib8e91664,"Proportion of individuals who own a mobile telephone, by sex",Sb8e91664,"Proportion of individuals who own a mobile telephone, by sex",578,Norway,NOR,11.47846389,61.34311134,Europe and Northern America,G,Global,2021,PT,Percent,2017,98.0,,,2017,,,C,,,Population age 16-79,,,True,,
I.18,Ib8e91664,"Proportion of individuals who own a mobile telephone, by sex",Sb8e91664,"Proportion of individuals who own a mobile telephone, by sex",586,Pakistan,PAK,68.80479684,29.36491634,Central and Southern Asia,G,Global,2021,PT,Percent,2019,45.3,26.35,64.83,2019,2019,2019,C,C,C,,,,True,True,True
I.18,Ib8e91664,"Proportion of individuals who own a mobile telephone, by sex",Sb8e91664,"Proportion of individuals who own a mobile telephone, by sex",604,Peru,PER,-71.82093277,-13.58939705,Latin America and the Caribbean,G,Global,2021,PT,Percent,2017,79.16,76.15,82.17,2017,2017,2017,C,C,C,,,,False,False,False
I.18,Ib8e91664,"Proportion of individuals who own a mobile telephone, by sex",Sb8e91664,"Proportion of individuals who own a mobile telephone, by sex",604,Peru,PER,-71.82093277,-13.58939705,Latin America and the Caribbean,G,Global,2021,PT,Percent,2018,80.77,77.88,83.65,2018,2018,2018,C,C,C,,,,False,False,False
I.18,Ib8e91664,"Proportion of individuals who own a mobile telephone, by sex",Sb8e91664,"Proportion of individuals who own a mobile telephone, by sex",604,Peru,PER,-71.82093277,-13.58939705,Latin America and the Caribbean,G,Global,2021,PT,Percent,2019,81.71,79.03,84.4,2019,2019,2019,C,C,C,,,,True,True,True
I.18,Ib8e91664,"Proportion of individuals who own a mobile telephone, by sex",Sb8e91664,"Proportion of individuals who own a mobile telephone, by sex",608,Philippines,PHL,120.8601418,14.16591706,Eastern and South-Eastern Asia,G,Global,2021,PT,Percent,2019,78.66,,,2019,,,C,,,,,,True,,
I.18,Ib8e91664,"Proportion of individuals who own a mobile telephone, by sex",Sb8e91664,"Proportion of individuals who own a mobile telephone, by sex",624,Guinea-Bissau,GNB,-14.40182514,12.11760394,Sub-Saharan Africa,G,Global,2021,PT,Percent,2019,,60.7,87.2,,2018-2019,2018-2019,,C,C,,Age range: 15-49,Age range: 15-49,,True,True
I.18,Ib8e91664,"Proportion of individuals who own a mobile telephone, by sex",Sb8e91664,"Proportion of individuals who own a mobile telephone, by sex",634,Qatar,QAT,51.19152467,25.28355379,Northern Africa and Western Asia,G,Global,2021,PT,Percent,2015,99.97,100.0,99.95,2015,2015,2015,C,C,C,Population age 15+,Population age 15+,Population age 15+,False,False,False
I.18,Ib8e91664,"Proportion of individuals who own a mobile telephone, by sex",Sb8e91664,"Proportion of individuals who own a mobile telephone, by sex",634,Qatar,QAT,51.19152467,25.28355379,Northern Africa and Western Asia,G,Global,2021,PT,Percent,2018,99.63,99.57,99.69,2018,2018,2018,C,C,C,Population age 15+,Population age 15+,Population age 15+,False,False,False
I.18,Ib8e91664,"Proportion of individuals who own a mobile telephone, by sex",Sb8e91664,"Proportion of individuals who own a mobile telephone, by sex",634,Qatar,QAT,51.19152467,25.28355379,Northern Africa and Western Asia,G,Global,2021,PT,Percent,2019,99.63,99.57,99.69,2019,2019,2019,C,C,C,Population age 15+,Population age 15+,Population age 15+,True,True,True
I.18,Ib8e91664,"Proportion of individuals who own a mobile telephone, by sex",Sb8e91664,"Proportion of individuals who own a mobile telephone, by sex",642,Romania,ROU,24.98481009,45.83893563,Europe and Northern America,G,Global,2021,PT,Percent,2019,96.18,95.21,97.17,2019,2019,2019,C,C,C,,,,True,True,True
I.18,Ib8e91664,"Proportion of individuals who own a mobile telephone, by sex",Sb8e91664,"Proportion of individuals who own a mobile telephone, by sex",643,Russian Federation,RUS,99.01404926,61.61899849,Europe and Northern America,G,Global,2021,PT,Percent,2017,94.8,94.77,94.83,2017,2017,2017,C,C,C,,,,False,False,False
I.18,Ib8e91664,"Proportion of individuals who own a mobile telephone, by sex",Sb8e91664,"Proportion of individuals who own a mobile telephone, by sex",643,Russian Federation,RUS,99.01404926,61.61899849,Europe and Northern America,G,Global,2021,PT,Percent,2018,94.82,94.62,95.05,2018,2018,2018,C,C,C,,,,False,False,False
I.18,Ib8e91664,"Proportion of individuals who own a mobile telephone, by sex",Sb8e91664,"Proportion of individuals who own a mobile telephone, by sex",643,Russian Federation,RUS,99.01404926,61.61899849,Europe and Northern America,G,Global,2021,PT,Percent,2019,96.97,96.98,96.96,2019,2019,2019,C,C,C,,,,True,True,True
I.18,Ib8e91664,"Proportion of individuals who own a mobile telephone, by sex",Sb8e91664,"Proportion of individuals who own a mobile telephone, by sex",670,Saint Vincent and the Grenadines,VCT,-61.19024321,13.24627968,Latin America and the Caribbean,G,Global,2021,PT,Percent,2014,96.77,,,2014,,,C,,,,,,False,,
I.18,Ib8e91664,"Proportion of individuals who own a mobile telephone, by sex",Sb8e91664,"Proportion of individuals who own a mobile telephone, by sex",670,Saint Vincent and the Grenadines,VCT,-61.19024321,13.24627968,Latin America and the Caribbean,G,Global,2021,PT,Percent,2015,94.8,,,2015,,,C,,,,,,False,,
I.18,Ib8e91664,"Proportion of individuals who own a mobile telephone, by sex",Sb8e91664,"Proportion of individuals who own a mobile telephone, by sex",670,Saint Vincent and the Grenadines,VCT,-61.19024321,13.24627968,Latin America and the Caribbean,G,Global,2021,PT,Percent,2016,93.59,,,2016,,,E,,,,,,True,,
I.18,Ib8e91664,"Proportion of individuals who own a mobile telephone, by sex",Sb8e91664,"Proportion of individuals who own a mobile telephone, by sex",682,Saudi Arabia,SAU,44.54763347,24.12594211,Northern Africa and Western Asia,G,Global,2021,PT,Percent,2016,61.58,49.38,70.73,2016,2016,2016,C,C,C,,,,False,False,False
I.18,Ib8e91664,"Proportion of individuals who own a mobile telephone, by sex",Sb8e91664,"Proportion of individuals who own a mobile telephone, by sex",682,Saudi Arabia,SAU,44.54763347,24.12594211,Northern Africa and Western Asia,G,Global,2021,PT,Percent,2017,94.3,92.02,95.9,2017,2017,2017,C,C,C,,,,False,False,False
I.18,Ib8e91664,"Proportion of individuals who own a mobile telephone, by sex",Sb8e91664,"Proportion of individuals who own a mobile telephone, by sex",682,Saudi Arabia,SAU,44.54763347,24.12594211,Northern Africa and Western Asia,G,Global,2021,PT,Percent,2018,95.1,92.35,97.02,2018,2018,2018,C,C,C,,,,False,False,False
I.18,Ib8e91664,"Proportion of individuals who own a mobile telephone, by sex",Sb8e91664,"Proportion of individuals who own a mobile telephone, by sex",682,Saudi Arabia,SAU,44.54763347,24.12594211,Northern Africa and Western Asia,G,Global,2021,PT,Percent,2019,96.87,95.39,97.89,2019,2019,2019,C,C,C,,,,True,True,True
I.18,Ib8e91664,"Proportion of individuals who own a mobile telephone, by sex",Sb8e91664,"Proportion of individuals who own a mobile telephone, by sex",688,Serbia,SRB,20.805876,44.03145697,Europe and Northern America,G,Global,2021,PT,Percent,2016,91.75,91.07,92.46,2016,2016,2016,C,C,C,,,,False,False,False
I.18,Ib8e91664,"Proportion of individuals who own a mobile telephone, by sex",Sb8e91664,"Proportion of individuals who own a mobile telephone, by sex",688,Serbia,SRB,20.805876,44.03145697,Europe and Northern America,G,Global,2021,PT,Percent,2017,92.56,91.95,93.19,2017,2017,2017,C,C,C,,,,True,True,True
I.18,Ib8e91664,"Proportion of individuals who own a mobile telephone, by sex",Sb8e91664,"Proportion of individuals who own a mobile telephone, by sex",694,Sierra Leone,SLE,-11.78306584,8.568604164,Sub-Saharan Africa,G,Global,2021,PT,Percent,2017,,45.2,64.8,,2017,2017,,C,C,,Age range: 15-49,Age range: 15-49,,True,True
I.18,Ib8e91664,"Proportion of individuals who own a mobile telephone, by sex",Sb8e91664,"Proportion of individuals who own a mobile telephone, by sex",702,Singapore,SGP,103.8107883,1.361009155,Eastern and South-Eastern Asia,G,Global,2021,PT,Percent,2016,89.49,88.09,91.01,2016,2016,2016,C,C,C,,,,False,False,False
I.18,Ib8e91664,"Proportion of individuals who own a mobile telephone, by sex",Sb8e91664,"Proportion of individuals who own a mobile telephone, by sex",702,Singapore,SGP,103.8107883,1.361009155,Eastern and South-Eastern Asia,G,Global,2021,PT,Percent,2017,89.49,88.09,91.01,2017,2017,2017,C,C,C,,,,False,False,False
I.18,Ib8e91664,"Proportion of individuals who own a mobile telephone, by sex",Sb8e91664,"Proportion of individuals who own a mobile telephone, by sex",702,Singapore,SGP,103.8107883,1.361009155,Eastern and South-Eastern Asia,G,Global,2021,PT,Percent,2018,93.7,93.19,94.23,2018,2018,2018,C,C,C,,,,False,False,False
I.18,Ib8e91664,"Proportion of individuals who own a mobile telephone, by sex",Sb8e91664,"Proportion of individuals who own a mobile telephone, by sex",702,Singapore,SGP,103.8107883,1.361009155,Eastern and South-Eastern Asia,G,Global,2021,PT,Percent,2019,88.32,88.09,88.57,2019,2019,2019,C,C,C,,,,True,True,True
I.18,Ib8e91664,"Proportion of individuals who own a mobile telephone, by sex",Sb8e91664,"Proportion of individuals who own a mobile telephone, by sex",705,Slovenia,SVN,14.82209486,46.11958061,Europe and Northern America,G,Global,2021,PT,Percent,2017,97.45,97.51,97.39,2017,2017,2017,C,C,C,,,,False,False,False
I.18,Ib8e91664,"Proportion of individuals who own a mobile telephone, by sex",Sb8e91664,"Proportion of individuals who own a mobile telephone, by sex",705,Slovenia,SVN,14.82209486,46.11958061,Europe and Northern America,G,Global,2021,PT,Percent,2018,96.23,96.76,95.73,2018,2018,2018,C,C,C,,,,False,False,False
I.18,Ib8e91664,"Proportion of individuals who own a mobile telephone, by sex",Sb8e91664,"Proportion of individuals who own a mobile telephone, by sex",705,Slovenia,SVN,14.82209486,46.11958061,Europe and Northern America,G,Global,2021,PT,Percent,2019,97.25,96.81,97.67,2019,2019,2019,C,C,C,,,,True,True,True
I.18,Ib8e91664,"Proportion of individuals who own a mobile telephone, by sex",Sb8e91664,"Proportion of individuals who own a mobile telephone, by sex",710,South Africa,ZAF,24.67184355,-29.99957544,Sub-Saharan Africa,G,Global,2021,PT,Percent,2016,53.71,55.01,52.35,2016,2016,2016,C,C,C,,,,False,False,False
I.18,Ib8e91664,"Proportion of individuals who own a mobile telephone, by sex",Sb8e91664,"Proportion of individuals who own a mobile telephone, by sex",710,South Africa,ZAF,24.67184355,-29.99957544,Sub-Saharan Africa,G,Global,2021,PT,Percent,2017,59.62,61.04,58.13,2017,2017,2017,C,C,C,,,,True,True,True
I.18,Ib8e91664,"Proportion of individuals who own a mobile telephone, by sex",Sb8e91664,"Proportion of individuals who own a mobile telephone, by sex",716,Zimbabwe,ZWE,29.86909584,-19.00075492,Sub-Saharan Africa,G,Global,2021,PT,Percent,2019,,72.0,73.0,,2019,2019,,C,C,,Age range: 15-49,Age range: 15-49,,True,True
I.18,Ib8e91664,"Proportion of individuals who own a mobile telephone, by sex",Sb8e91664,"Proportion of individuals who own a mobile telephone, by sex",724,Spain,ESP,-3.554078296,40.39211472,Europe and Northern America,G,Global,2021,PT,Percent,2017,96.16,96.11,96.21,2017,2017,2017,C,C,C,,,,False,False,False
I.18,Ib8e91664,"Proportion of individuals who own a mobile telephone, by sex",Sb8e91664,"Proportion of individuals who own a mobile telephone, by sex",724,Spain,ESP,-3.554078296,40.39211472,Europe and Northern America,G,Global,2021,PT,Percent,2019,96.92,97.12,96.73,2019,2019,2019,C,C,C,,,,True,True,True
I.18,Ib8e91664,"Proportion of individuals who own a mobile telephone, by sex",Sb8e91664,"Proportion of individuals who own a mobile telephone, by sex",729,Sudan,SDN,29.95650159,16.02643066,Northern Africa and Western Asia,G,Global,2021,PT,Percent,2016,62.8,54.2,70.3,2016,2016,2016,C,C,C,,,,True,True,True
I.18,Ib8e91664,"Proportion of individuals who own a mobile telephone, by sex",Sb8e91664,"Proportion of individuals who own a mobile telephone, by sex",740,Suriname,SUR,-55.90626394,4.132603197,Latin America and the Caribbean,G,Global,2021,PT,Percent,2018,,93.1,94.0,,2018,2018,,C,C,,Age range: 15-49,Age range: 15-49,,True,True
I.18,Ib8e91664,"Proportion of individuals who own a mobile telephone, by sex",Sb8e91664,"Proportion of individuals who own a mobile telephone, by sex",76,Brazil,BRA,-53.08432878,-10.77668561,Latin America and the Caribbean,G,Global,2021,PT,Percent,2014,84.35,85.34,83.3,2014,2014,2014,C,C,C,,,,False,False,False
I.18,Ib8e91664,"Proportion of individuals who own a mobile telephone, by sex",Sb8e91664,"Proportion of individuals who own a mobile telephone, by sex",76,Brazil,BRA,-53.08432878,-10.77668561,Latin America and the Caribbean,G,Global,2021,PT,Percent,2015,83.89,85.46,82.2,2015,2015,2015,C,C,C,,,,False,False,False
I.18,Ib8e91664,"Proportion of individuals who own a mobile telephone, by sex",Sb8e91664,"Proportion of individuals who own a mobile telephone, by sex",76,Brazil,BRA,-53.08432878,-10.77668561,Latin America and the Caribbean,G,Global,2021,PT,Percent,2016,82.89,83.95,81.76,2016,2016,2016,C,C,C,,,,False,False,False
I.18,Ib8e91664,"Proportion of individuals who own a mobile telephone, by sex",Sb8e91664,"Proportion of individuals who own a mobile telephone, by sex",76,Brazil,BRA,-53.08432878,-10.77668561,Latin America and the Caribbean,G,Global,2021,PT,Percent,2017,83.1,83.58,82.58,2017,2017,2017,C,C,C,,,,False,False,False
I.18,Ib8e91664,"Proportion of individuals who own a mobile telephone, by sex",Sb8e91664,"Proportion of individuals who own a mobile telephone, by sex",76,Brazil,BRA,-53.08432878,-10.77668561,Latin America and the Caribbean,G,Global,2021,PT,Percent,2018,83.02,84.01,81.95,2018,2018,2018,C,C,C,,,,False,False,False
I.18,Ib8e91664,"Proportion of individuals who own a mobile telephone, by sex",Sb8e91664,"Proportion of individuals who own a mobile telephone, by sex",76,Brazil,BRA,-53.08432878,-10.77668561,Latin America and the Caribbean,G,Global,2021,PT,Percent,2019,84.52,85.79,83.14,2019,2019,2019,C,C,C,,,,True,True,True
I.18,Ib8e91664,"Proportion of individuals who own a mobile telephone, by sex",Sb8e91664,"Proportion of individuals who own a mobile telephone, by sex",764,Thailand,THA,101.0202951,15.13089239,Eastern and South-Eastern Asia,G,Global,2021,PT,Percent,2014,77.17,77.09,77.25,2014,2014,2014,C,C,C,,,,False,False,False
I.18,Ib8e91664,"Proportion of individuals who own a mobile telephone, by sex",Sb8e91664,"Proportion of individuals who own a mobile telephone, by sex",764,Thailand,THA,101.0202951,15.13089239,Eastern and South-Eastern Asia,G,Global,2021,PT,Percent,2015,79.29,79.06,79.52,2015,2015,2015,C,C,C,,,,False,False,False
I.18,Ib8e91664,"Proportion of individuals who own a mobile telephone, by sex",Sb8e91664,"Proportion of individuals who own a mobile telephone, by sex",764,Thailand,THA,101.0202951,15.13089239,Eastern and South-Eastern Asia,G,Global,2021,PT,Percent,2016,81.4,81.15,81.66,2016,2016,2016,C,C,C,,,,False,False,False
I.18,Ib8e91664,"Proportion of individuals who own a mobile telephone, by sex",Sb8e91664,"Proportion of individuals who own a mobile telephone, by sex",764,Thailand,THA,101.0202951,15.13089239,Eastern and South-Eastern Asia,G,Global,2021,PT,Percent,2017,88.15,87.9,88.41,2017,2017,2017,C,C,C,,,,True,True,True
I.18,Ib8e91664,"Proportion of individuals who own a mobile telephone, by sex",Sb8e91664,"Proportion of individuals who own a mobile telephone, by sex",768,Togo,TGO,0.97835765,8.532096072,Sub-Saharan Africa,G,Global,2021,PT,Percent,2017,43.92,39.45,48.64,2017,2017,2017,C,C,C,,,,True,True,True
I.18,Ib8e91664,"Proportion of individuals who own a mobile telephone, by sex",Sb8e91664,"Proportion of individuals who own a mobile telephone, by sex",776,Tonga,TON,-175.1959991,-21.19511329,"Oceania, exc. Australia and New Zealand",G,Global,2021,PT,Percent,2019,,84.4,88.3,,2019,2019,,C,C,,Age range: 15-49,Age range: 15-49,,True,True
I.18,Ib8e91664,"Proportion of individuals who own a mobile telephone, by sex",Sb8e91664,"Proportion of individuals who own a mobile telephone, by sex",784,United Arab Emirates,ARE,53.98279159,23.43322219,Northern Africa and Western Asia,G,Global,2021,PT,Percent,2014,99.7,,,2014,,,C,,,Population age 15-74,,,False,,
I.18,Ib8e91664,"Proportion of individuals who own a mobile telephone, by sex",Sb8e91664,"Proportion of individuals who own a mobile telephone, by sex",784,United Arab Emirates,ARE,53.98279159,23.43322219,Northern Africa and Western Asia,G,Global,2021,PT,Percent,2016,99.23,99.3,99.2,2016,2016,2016,C,C,C,Population age 15-74,Population age 15-74,Population age 15-74,False,False,False
I.18,Ib8e91664,"Proportion of individuals who own a mobile telephone, by sex",Sb8e91664,"Proportion of individuals who own a mobile telephone, by sex",784,United Arab Emirates,ARE,53.98279159,23.43322219,Northern Africa and Western Asia,G,Global,2021,PT,Percent,2017,99.4,99.4,99.4,2017,2017,2017,C,C,C,Population age 15-74,Population age 15-74,Population age 15-74,False,False,False
I.18,Ib8e91664,"Proportion of individuals who own a mobile telephone, by sex",Sb8e91664,"Proportion of individuals who own a mobile telephone, by sex",784,United Arab Emirates,ARE,53.98279159,23.43322219,Northern Africa and Western Asia,G,Global,2021,PT,Percent,2018,99.89,100.0,99.75,2018,2018,2018,C,C,C,Population age 15-74,Population age 15-74,Population age 15-74,False,False,False
I.18,Ib8e91664,"Proportion of individuals who own a mobile telephone, by sex",Sb8e91664,"Proportion of individuals who own a mobile telephone, by sex",784,United Arab Emirates,ARE,53.98279159,23.43322219,Northern Africa and Western Asia,G,Global,2021,PT,Percent,2019,99.89,100.0,99.8,2019,2019,2019,C,C,C,Population age 15-74,Population age 15-74,Population age 15-74,True,True,True
I.18,Ib8e91664,"Proportion of individuals who own a mobile telephone, by sex",Sb8e91664,"Proportion of individuals who own a mobile telephone, by sex",788,Tunisia,TUN,9.572737411,34.11439971,Northern Africa and Western Asia,G,Global,2021,PT,Percent,2015,82.4,,,2015,,,C,,,,,,False,,
I.18,Ib8e91664,"Proportion of individuals who own a mobile telephone, by sex",Sb8e91664,"Proportion of individuals who own a mobile telephone, by sex",788,Tunisia,TUN,9.572737411,34.11439971,Northern Africa and Western Asia,G,Global,2021,PT,Percent,2016,83.46,,,2016,,,C,,,,,,False,,
I.18,Ib8e91664,"Proportion of individuals who own a mobile telephone, by sex",Sb8e91664,"Proportion of individuals who own a mobile telephone, by sex",788,Tunisia,TUN,9.572737411,34.11439971,Northern Africa and Western Asia,G,Global,2021,PT,Percent,2017,89.22,,,2017,,,C,,,,,,False,,
I.18,Ib8e91664,"Proportion of individuals who own a mobile telephone, by sex",Sb8e91664,"Proportion of individuals who own a mobile telephone, by sex",788,Tunisia,TUN,9.572737411,34.11439971,Northern Africa and Western Asia,G,Global,2021,PT,Percent,2018,88.32,,,2018,,,C,,,,,,False,,
I.18,Ib8e91664,"Proportion of individuals who own a mobile telephone, by sex",Sb8e91664,"Proportion of individuals who own a mobile telephone, by sex",788,Tunisia,TUN,9.572737411,34.11439971,Northern Africa and Western Asia,G,Global,2021,PT,Percent,2019,80.0,76.68,83.44,2019,2019,2019,C,C,C,,,,True,True,True
I.18,Ib8e91664,"Proportion of individuals who own a mobile telephone, by sex",Sb8e91664,"Proportion of individuals who own a mobile telephone, by sex",795,Turkmenistan,TKM,58.9787665,40.0912346,Central and Southern Asia,G,Global,2021,PT,Percent,2019,,91.1,,,2019,,,C,,,Age range: 15-49,,,True,
I.18,Ib8e91664,"Proportion of individuals who own a mobile telephone, by sex",Sb8e91664,"Proportion of individuals who own a mobile telephone, by sex",804,Ukraine,UKR,31.40270802,49.00735945,Europe and Northern America,G,Global,2021,PT,Percent,2014,38.94,,,2014,,,C,,,,,,False,,
I.18,Ib8e91664,"Proportion of individuals who own a mobile telephone, by sex",Sb8e91664,"Proportion of individuals who own a mobile telephone, by sex",804,Ukraine,UKR,31.40270802,49.00735945,Europe and Northern America,G,Global,2021,PT,Percent,2016,37.42,,,2016,,,C,,,,,,True,,
I.18,Ib8e91664,"Proportion of individuals who own a mobile telephone, by sex",Sb8e91664,"Proportion of individuals who own a mobile telephone, by sex",818,Egypt,EGY,29.77468534,26.57438204,Northern Africa and Western Asia,G,Global,2021,PT,Percent,2014,80.98,78.96,82.92,2014,2014,2014,C,C,C,,,,False,False,False
I.18,Ib8e91664,"Proportion of individuals who own a mobile telephone, by sex",Sb8e91664,"Proportion of individuals who own a mobile telephone, by sex",818,Egypt,EGY,29.77468534,26.57438204,Northern Africa and Western Asia,G,Global,2021,PT,Percent,2015,84.78,82.88,86.64,2015,2015,2015,C,C,C,,,,False,False,False
I.18,Ib8e91664,"Proportion of individuals who own a mobile telephone, by sex",Sb8e91664,"Proportion of individuals who own a mobile telephone, by sex",818,Egypt,EGY,29.77468534,26.57438204,Northern Africa and Western Asia,G,Global,2021,PT,Percent,2016,87.5,84.2,90.67,2016,2016,2016,C,C,C,,,,False,False,False
I.18,Ib8e91664,"Proportion of individuals who own a mobile telephone, by sex",Sb8e91664,"Proportion of individuals who own a mobile telephone, by sex",818,Egypt,EGY,29.77468534,26.57438204,Northern Africa and Western Asia,G,Global,2021,PT,Percent,2017,97.84,97.12,98.55,2017,2017,2017,C,C,C,,,Population age 15-74,False,False,False
I.18,Ib8e91664,"Proportion of individuals who own a mobile telephone, by sex",Sb8e91664,"Proportion of individuals who own a mobile telephone, by sex",818,Egypt,EGY,29.77468534,26.57438204,Northern Africa and Western Asia,G,Global,2021,PT,Percent,2018,98.25,97.2,99.29,2018,2018,2018,C,C,C,Population age 15-74,,Population age 15-74,False,False,False
I.18,Ib8e91664,"Proportion of individuals who own a mobile telephone, by sex",Sb8e91664,"Proportion of individuals who own a mobile telephone, by sex",818,Egypt,EGY,29.77468534,26.57438204,Northern Africa and Western Asia,G,Global,2021,PT,Percent,2019,99.1,98.36,99.84,2019,2019,2019,C,C,C,Population age 15-74,Population age 15-74,Population age 15-74,True,True,True
I.18,Ib8e91664,"Proportion of individuals who own a mobile telephone, by sex",Sb8e91664,"Proportion of individuals who own a mobile telephone, by sex",834,United Republic of Tanzania,TZA,34.80521182,-6.265332606,Sub-Saharan Africa,G,Global,2021,PT,Percent,2016,60.5,52.0,69.0,2016,2016,2016,C,C,C,,,,True,True,True
I.18,Ib8e91664,"Proportion of individuals who own a mobile telephone, by sex",Sb8e91664,"Proportion of individuals who own a mobile telephone, by sex",858,Uruguay,URY,-56.01387025,-32.8002838,Latin America and the Caribbean,G,Global,2021,PT,Percent,2014,76.87,77.79,75.87,2014,2014,2014,C,C,C,,,,False,False,False
I.18,Ib8e91664,"Proportion of individuals who own a mobile telephone, by sex",Sb8e91664,"Proportion of individuals who own a mobile telephone, by sex",858,Uruguay,URY,-56.01387025,-32.8002838,Latin America and the Caribbean,G,Global,2021,PT,Percent,2015,79.07,79.82,78.27,2015,2015,2015,C,C,C,,,,False,False,False
I.18,Ib8e91664,"Proportion of individuals who own a mobile telephone, by sex",Sb8e91664,"Proportion of individuals who own a mobile telephone, by sex",858,Uruguay,URY,-56.01387025,-32.8002838,Latin America and the Caribbean,G,Global,2021,PT,Percent,2017,75.65,76.59,74.66,2017,2017,2017,C,C,C,,,,False,False,False
I.18,Ib8e91664,"Proportion of individuals who own a mobile telephone, by sex",Sb8e91664,"Proportion of individuals who own a mobile telephone, by sex",858,Uruguay,URY,-56.01387025,-32.8002838,Latin America and the Caribbean,G,Global,2021,PT,Percent,2018,76.69,77.53,75.81,2018,2018,2018,C,C,C,,,,True,True,True
I.18,Ib8e91664,"Proportion of individuals who own a mobile telephone, by sex",Sb8e91664,"Proportion of individuals who own a mobile telephone, by sex",860,Uzbekistan,UZB,63.11944558,41.77560518,Central and Southern Asia,G,Global,2021,PT,Percent,2017,63.5,53.78,73.3,2017,2017,2017,C,C,C,,,,False,False,False
I.18,Ib8e91664,"Proportion of individuals who own a mobile telephone, by sex",Sb8e91664,"Proportion of individuals who own a mobile telephone, by sex",860,Uzbekistan,UZB,63.11944558,41.77560518,Central and Southern Asia,G,Global,2021,PT,Percent,2018,68.1,58.85,77.4,2018,2018,2018,C,C,C,,,,True,True,True
I.18,Ib8e91664,"Proportion of individuals who own a mobile telephone, by sex",Sb8e91664,"Proportion of individuals who own a mobile telephone, by sex",894,Zambia,ZMB,27.850329,-14.59701056,Sub-Saharan Africa,G,Global,2021,PT,Percent,2018,44.62,45.22,43.97,2018,2018,2018,C,C,C,,,,True,True,True
I.18,Ib8e91664,"Proportion of individuals who own a mobile telephone, by sex",Sb8e91664,"Proportion of individuals who own a mobile telephone, by sex",92,British Virgin Islands,VGB,-64.63294223,18.42256578,Latin America and the Caribbean,G,Global,2021,PT,Percent,2016,76.91,78.23,75.6,2016,2016,2016,C,C,C,,,,False,False,False
I.18,Ib8e91664,"Proportion of individuals who own a mobile telephone, by sex",Sb8e91664,"Proportion of individuals who own a mobile telephone, by sex",92,British Virgin Islands,VGB,-64.63294223,18.42256578,Latin America and the Caribbean,G,Global,2021,PT,Percent,2017,76.9,77.42,75.6,2017,2017,2017,C,C,C,,,,True,True,True
I.18,Ib8e91664,"Proportion of individuals who own a mobile telephone, by sex",Sb8e91664,"Proportion of individuals who own a mobile telephone, by sex",96,Brunei Darussalam,BRN,114.6288563,4.49736984,Eastern and South-Eastern Asia,G,Global,2021,PT,Percent,2016,99.0,99.0,99.0,2016,2016,2016,C,C,C,Population age 15+,Population age 15+,Population age 15+,False,False,False
I.18,Ib8e91664,"Proportion of individuals who own a mobile telephone, by sex",Sb8e91664,"Proportion of individuals who own a mobile telephone, by sex",96,Brunei Darussalam,BRN,114.6288563,4.49736984,Eastern and South-Eastern Asia,G,Global,2021,PT,Percent,2019,94.0,98.7,90.87,2019,2019,2019,C,C,C,,Population age 15+,,True,True,True
