INDICATOR_LABEL,INDICATOR_ID,INDICATOR_DESC,MINSET_SERIES,MINSET_SERIES_DESC,REF_AREA,REF_AREA_DESC,ISO3,X,Y,SDG_REGION,REPORTING_TYPE,REPORTING_TYPE_DESC,SOURCE_YEAR,UNIT_MEASURE,UNIT_MEASURE_DESC,TIME_PERIOD,OBS_VALUE__F__Y20T24,NATURE__F__Y20T24,COMMENT_OBS__F__Y20T24,isLatestValue__F__Y20T24
V.4,Ic36721ab,Proportion of women aged 20-24 years who were married or in a union before age 15 and before age 18,S94021bf2,Proportion of women aged 20-24 years who were married or in a union before age 18,1,World,,,,,G,Global,2019,PT,Percent,2003,27.2,E,Based on 105 countries covering 77 per cent of the global population of women aged 20-24 years,False
V.4,Ic36721ab,Proportion of women aged 20-24 years who were married or in a union before age 15 and before age 18,S94021bf2,Proportion of women aged 20-24 years who were married or in a union before age 18,1,World,,,,,G,Global,2019,PT,Percent,2008,25.4,E,Based on 105 countries covering 77 per cent of the global population of women aged 20-24 years,False
V.4,Ic36721ab,Proportion of women aged 20-24 years who were married or in a union before age 15 and before age 18,S94021bf2,Proportion of women aged 20-24 years who were married or in a union before age 18,1,World,,,,,G,Global,2019,PT,Percent,2013,22.2,E,Based on 105 countries covering 77 per cent of the global population of women aged 20-24 years,False
V.4,Ic36721ab,Proportion of women aged 20-24 years who were married or in a union before age 15 and before age 18,S94021bf2,Proportion of women aged 20-24 years who were married or in a union before age 18,1,World,,,,,G,Global,2019,PT,Percent,2018,20.8,E,Based on 105 countries covering 77 per cent of the global population of women aged 20-24 years,True
V.4,Ic36721ab,Proportion of women aged 20-24 years who were married or in a union before age 15 and before age 18,S94021bf2,Proportion of women aged 20-24 years who were married or in a union before age 18,104,Myanmar,MMR,96.51752295,21.19332882,Eastern and South-Eastern Asia,G,Global,2019,PT,Percent,2015,16.0,C,,True
V.4,Ic36721ab,Proportion of women aged 20-24 years who were married or in a union before age 15 and before age 18,S94021bf2,Proportion of women aged 20-24 years who were married or in a union before age 18,108,Burundi,BDI,29.89080992,-3.366387428,Sub-Saharan Africa,G,Global,2019,PT,Percent,2017,19.0,C,,True
V.4,Ic36721ab,Proportion of women aged 20-24 years who were married or in a union before age 15 and before age 18,S94021bf2,Proportion of women aged 20-24 years who were married or in a union before age 18,112,Belarus,BLR,28.04940161,53.54193075,Europe and Northern America,G,Global,2019,PT,Percent,2012,3.2,C,,True
V.4,Ic36721ab,Proportion of women aged 20-24 years who were married or in a union before age 15 and before age 18,S94021bf2,Proportion of women aged 20-24 years who were married or in a union before age 18,116,Cambodia,KHM,104.922836,12.71163737,Eastern and South-Eastern Asia,G,Global,2019,PT,Percent,2014,18.5,C,,True
V.4,Ic36721ab,Proportion of women aged 20-24 years who were married or in a union before age 15 and before age 18,S94021bf2,Proportion of women aged 20-24 years who were married or in a union before age 18,12,Algeria,DZA,2.678164227,28.15940032,Northern Africa and Western Asia,G,Global,2019,PT,Percent,2013,2.5,C,,True
V.4,Ic36721ab,Proportion of women aged 20-24 years who were married or in a union before age 15 and before age 18,S94021bf2,Proportion of women aged 20-24 years who were married or in a union before age 18,120,Cameroon,CMR,12.7419827,5.692387031,Sub-Saharan Africa,G,Global,2019,PT,Percent,2014,31.0,C,,True
V.4,Ic36721ab,Proportion of women aged 20-24 years who were married or in a union before age 15 and before age 18,S94021bf2,Proportion of women aged 20-24 years who were married or in a union before age 18,132,Cabo Verde,CPV,-23.63544151,15.07791834,Sub-Saharan Africa,G,Global,2019,PT,Percent,2005,18.0,C,,True
V.4,Ic36721ab,Proportion of women aged 20-24 years who were married or in a union before age 15 and before age 18,S94021bf2,Proportion of women aged 20-24 years who were married or in a union before age 18,140,Central African Republic,CAF,20.93559492,7.003720791,Sub-Saharan Africa,G,Global,2019,PT,Percent,2010,67.9,C,,True
V.4,Ic36721ab,Proportion of women aged 20-24 years who were married or in a union before age 15 and before age 18,S94021bf2,Proportion of women aged 20-24 years who were married or in a union before age 18,143,Central Asia,,,,Central and Southern Asia,G,Global,2019,PT,Percent,2003,14.4,E,Based on 4 countries covering 52 per cent of the regional population of women aged 20-24 years,False
V.4,Ic36721ab,Proportion of women aged 20-24 years who were married or in a union before age 15 and before age 18,S94021bf2,Proportion of women aged 20-24 years who were married or in a union before age 18,143,Central Asia,,,,Central and Southern Asia,G,Global,2019,PT,Percent,2008,8.5,E,Based on 4 countries covering 52 per cent of the regional population of women aged 20-24 years,False
V.4,Ic36721ab,Proportion of women aged 20-24 years who were married or in a union before age 15 and before age 18,S94021bf2,Proportion of women aged 20-24 years who were married or in a union before age 18,143,Central Asia,,,,Central and Southern Asia,G,Global,2019,PT,Percent,2013,7.0,E,Based on 4 countries covering 52 per cent of the regional population of women aged 20-24 years,False
V.4,Ic36721ab,Proportion of women aged 20-24 years who were married or in a union before age 15 and before age 18,S94021bf2,Proportion of women aged 20-24 years who were married or in a union before age 18,143,Central Asia,,,,Central and Southern Asia,G,Global,2019,PT,Percent,2018,8.0,E,Based on 4 countries covering 52 per cent of the regional population of women aged 20-24 years,True
V.4,Ic36721ab,Proportion of women aged 20-24 years who were married or in a union before age 15 and before age 18,S94021bf2,Proportion of women aged 20-24 years who were married or in a union before age 18,144,Sri Lanka,LKA,80.70489654,7.614693343,Central and Southern Asia,G,Global,2019,PT,Percent,2016,9.8,C,,True
V.4,Ic36721ab,Proportion of women aged 20-24 years who were married or in a union before age 15 and before age 18,S94021bf2,Proportion of women aged 20-24 years who were married or in a union before age 18,145,Western Asia,,,,Northern Africa and Western Asia,G,Global,2019,PT,Percent,2003,27.0,E,Based on 9 countries covering 71 per cent of the regional population of women aged 20-24 years,False
V.4,Ic36721ab,Proportion of women aged 20-24 years who were married or in a union before age 15 and before age 18,S94021bf2,Proportion of women aged 20-24 years who were married or in a union before age 18,145,Western Asia,,,,Northern Africa and Western Asia,G,Global,2019,PT,Percent,2008,23.5,E,Based on 9 countries covering 71 per cent of the regional population of women aged 20-24 years,False
V.4,Ic36721ab,Proportion of women aged 20-24 years who were married or in a union before age 15 and before age 18,S94021bf2,Proportion of women aged 20-24 years who were married or in a union before age 18,145,Western Asia,,,,Northern Africa and Western Asia,G,Global,2019,PT,Percent,2013,20.0,E,Based on 9 countries covering 71 per cent of the regional population of women aged 20-24 years,False
V.4,Ic36721ab,Proportion of women aged 20-24 years who were married or in a union before age 15 and before age 18,S94021bf2,Proportion of women aged 20-24 years who were married or in a union before age 18,145,Western Asia,,,,Northern Africa and Western Asia,G,Global,2019,PT,Percent,2018,19.1,E,Based on 9 countries covering 71 per cent of the regional population of women aged 20-24 years,True
V.4,Ic36721ab,Proportion of women aged 20-24 years who were married or in a union before age 15 and before age 18,S94021bf2,Proportion of women aged 20-24 years who were married or in a union before age 18,148,Chad,TCD,18.66618401,15.36279341,Sub-Saharan Africa,G,Global,2019,PT,Percent,2015,66.9,C,,True
V.4,Ic36721ab,Proportion of women aged 20-24 years who were married or in a union before age 15 and before age 18,S94021bf2,Proportion of women aged 20-24 years who were married or in a union before age 18,15,Northern Africa,,,,Northern Africa and Western Asia,G,Global,2019,PT,Percent,2003,20.8,E,Based on 5 countries covering 95 per cent of the regional population of women aged 20-24 years,False
V.4,Ic36721ab,Proportion of women aged 20-24 years who were married or in a union before age 15 and before age 18,S94021bf2,Proportion of women aged 20-24 years who were married or in a union before age 18,15,Northern Africa,,,,Northern Africa and Western Asia,G,Global,2019,PT,Percent,2008,18.6,E,Based on 5 countries covering 95 per cent of the regional population of women aged 20-24 years,False
V.4,Ic36721ab,Proportion of women aged 20-24 years who were married or in a union before age 15 and before age 18,S94021bf2,Proportion of women aged 20-24 years who were married or in a union before age 18,15,Northern Africa,,,,Northern Africa and Western Asia,G,Global,2019,PT,Percent,2013,17.5,E,Based on 5 countries covering 95 per cent of the regional population of women aged 20-24 years,False
V.4,Ic36721ab,Proportion of women aged 20-24 years who were married or in a union before age 15 and before age 18,S94021bf2,Proportion of women aged 20-24 years who were married or in a union before age 18,15,Northern Africa,,,,Northern Africa and Western Asia,G,Global,2019,PT,Percent,2018,16.6,E,Based on 5 countries covering 95 per cent of the regional population of women aged 20-24 years,True
V.4,Ic36721ab,Proportion of women aged 20-24 years who were married or in a union before age 15 and before age 18,S94021bf2,Proportion of women aged 20-24 years who were married or in a union before age 18,170,Colombia,COL,-73.07446751,3.888209046,Latin America and the Caribbean,G,Global,2019,PT,Percent,2015,23.4,C,,True
V.4,Ic36721ab,Proportion of women aged 20-24 years who were married or in a union before age 15 and before age 18,S94021bf2,Proportion of women aged 20-24 years who were married or in a union before age 18,174,Comoros,COM,43.34234565,-11.66121732,Sub-Saharan Africa,G,Global,2019,PT,Percent,2012,31.6,C,,True
V.4,Ic36721ab,Proportion of women aged 20-24 years who were married or in a union before age 15 and before age 18,S94021bf2,Proportion of women aged 20-24 years who were married or in a union before age 18,178,Congo,COG,15.22052612,-0.840544119,Sub-Saharan Africa,G,Global,2019,PT,Percent,2015,27.3,C,,True
V.4,Ic36721ab,Proportion of women aged 20-24 years who were married or in a union before age 15 and before age 18,S94021bf2,Proportion of women aged 20-24 years who were married or in a union before age 18,180,Democratic Republic of the Congo,COD,23.65496507,-2.877154732,Sub-Saharan Africa,G,Global,2019,PT,Percent,2014,37.3,C,,True
V.4,Ic36721ab,Proportion of women aged 20-24 years who were married or in a union before age 15 and before age 18,S94021bf2,Proportion of women aged 20-24 years who were married or in a union before age 18,188,Costa Rica,CRI,-84.19712782,9.970998683,Latin America and the Caribbean,G,Global,2019,PT,Percent,2011,21.2,C,,True
V.4,Ic36721ab,Proportion of women aged 20-24 years who were married or in a union before age 15 and before age 18,S94021bf2,Proportion of women aged 20-24 years who were married or in a union before age 18,192,Cuba,CUB,-79.54460144,22.10030366,Latin America and the Caribbean,G,Global,2019,PT,Percent,2014,26.0,C,,True
V.4,Ic36721ab,Proportion of women aged 20-24 years who were married or in a union before age 15 and before age 18,S94021bf2,Proportion of women aged 20-24 years who were married or in a union before age 18,199,Least Developed Countries (LDCs),,,,,G,Global,2019,PT,Percent,2003,50.2,E,Based on 38 countries covering 94 per cent of the regional population of women aged 20-24 years,False
V.4,Ic36721ab,Proportion of women aged 20-24 years who were married or in a union before age 15 and before age 18,S94021bf2,Proportion of women aged 20-24 years who were married or in a union before age 18,199,Least Developed Countries (LDCs),,,,,G,Global,2019,PT,Percent,2008,49.1,E,Based on 38 countries covering 94 per cent of the regional population of women aged 20-24 years,False
V.4,Ic36721ab,Proportion of women aged 20-24 years who were married or in a union before age 15 and before age 18,S94021bf2,Proportion of women aged 20-24 years who were married or in a union before age 18,199,Least Developed Countries (LDCs),,,,,G,Global,2019,PT,Percent,2013,45.0,E,Based on 38 countries covering 94 per cent of the regional population of women aged 20-24 years,False
V.4,Ic36721ab,Proportion of women aged 20-24 years who were married or in a union before age 15 and before age 18,S94021bf2,Proportion of women aged 20-24 years who were married or in a union before age 18,199,Least Developed Countries (LDCs),,,,,G,Global,2019,PT,Percent,2018,39.6,E,Based on 38 countries covering 94 per cent of the regional population of women aged 20-24 years,True
V.4,Ic36721ab,Proportion of women aged 20-24 years who were married or in a union before age 15 and before age 18,S94021bf2,Proportion of women aged 20-24 years who were married or in a union before age 18,202,Sub-Saharan Africa,,,,Sub-Saharan Africa,G,Global,2019,PT,Percent,2003,41.8,E,Based on 37 countries covering 88 per cent of the regional population of women aged 20-24 years,False
V.4,Ic36721ab,Proportion of women aged 20-24 years who were married or in a union before age 15 and before age 18,S94021bf2,Proportion of women aged 20-24 years who were married or in a union before age 18,202,Sub-Saharan Africa,,,,Sub-Saharan Africa,G,Global,2019,PT,Percent,2008,42.2,E,Based on 37 countries covering 88 per cent of the regional population of women aged 20-24 years,False
V.4,Ic36721ab,Proportion of women aged 20-24 years who were married or in a union before age 15 and before age 18,S94021bf2,Proportion of women aged 20-24 years who were married or in a union before age 18,202,Sub-Saharan Africa,,,,Sub-Saharan Africa,G,Global,2019,PT,Percent,2013,39.6,E,Based on 37 countries covering 88 per cent of the regional population of women aged 20-24 years,False
V.4,Ic36721ab,Proportion of women aged 20-24 years who were married or in a union before age 15 and before age 18,S94021bf2,Proportion of women aged 20-24 years who were married or in a union before age 18,202,Sub-Saharan Africa,,,,Sub-Saharan Africa,G,Global,2019,PT,Percent,2018,37.2,E,Based on 37 countries covering 88 per cent of the regional population of women aged 20-24 years,True
V.4,Ic36721ab,Proportion of women aged 20-24 years who were married or in a union before age 15 and before age 18,S94021bf2,Proportion of women aged 20-24 years who were married or in a union before age 18,204,Benin,BEN,2.339933594,9.65401646,Sub-Saharan Africa,G,Global,2019,PT,Percent,2014,25.9,C,,True
V.4,Ic36721ab,Proportion of women aged 20-24 years who were married or in a union before age 15 and before age 18,S94021bf2,Proportion of women aged 20-24 years who were married or in a union before age 18,214,Dominican Republic,DOM,-70.49847576,18.89832088,Latin America and the Caribbean,G,Global,2019,PT,Percent,2014,35.9,C,,True
V.4,Ic36721ab,Proportion of women aged 20-24 years who were married or in a union before age 15 and before age 18,S94021bf2,Proportion of women aged 20-24 years who were married or in a union before age 18,218,Ecuador,ECU,-78.37005241,-1.447785891,Latin America and the Caribbean,G,Global,2019,PT,Percent,2012,20.4,C,,True
V.4,Ic36721ab,Proportion of women aged 20-24 years who were married or in a union before age 15 and before age 18,S94021bf2,Proportion of women aged 20-24 years who were married or in a union before age 18,222,El Salvador,SLV,-88.86862995,13.73603564,Latin America and the Caribbean,G,Global,2019,PT,Percent,2014,25.5,C,,True
V.4,Ic36721ab,Proportion of women aged 20-24 years who were married or in a union before age 15 and before age 18,S94021bf2,Proportion of women aged 20-24 years who were married or in a union before age 18,226,Equatorial Guinea,GNQ,10.46535826,1.565792376,Sub-Saharan Africa,G,Global,2019,PT,Percent,2011,29.5,C,,True
V.4,Ic36721ab,Proportion of women aged 20-24 years who were married or in a union before age 15 and before age 18,S94021bf2,Proportion of women aged 20-24 years who were married or in a union before age 18,231,Ethiopia,ETH,39.63505296,8.631223181,Sub-Saharan Africa,G,Global,2019,PT,Percent,2016,40.3,C,,True
V.4,Ic36721ab,Proportion of women aged 20-24 years who were married or in a union before age 15 and before age 18,S94021bf2,Proportion of women aged 20-24 years who were married or in a union before age 18,232,Eritrea,ERI,38.11074289,16.12894644,Sub-Saharan Africa,G,Global,2019,PT,Percent,2010,40.7,C,,True
V.4,Ic36721ab,Proportion of women aged 20-24 years who were married or in a union before age 15 and before age 18,S94021bf2,Proportion of women aged 20-24 years who were married or in a union before age 18,24,Angola,AGO,17.57817062,-12.33724746,Sub-Saharan Africa,G,Global,2019,PT,Percent,2016,30.3,C,,True
V.4,Ic36721ab,Proportion of women aged 20-24 years who were married or in a union before age 15 and before age 18,S94021bf2,Proportion of women aged 20-24 years who were married or in a union before age 18,262,Djibouti,DJI,42.18274707,11.56004161,Sub-Saharan Africa,G,Global,2019,PT,Percent,2006,5.4,C,,True
V.4,Ic36721ab,Proportion of women aged 20-24 years who were married or in a union before age 15 and before age 18,S94021bf2,Proportion of women aged 20-24 years who were married or in a union before age 18,266,Gabon,GAB,11.78727747,-0.60687619,Sub-Saharan Africa,G,Global,2019,PT,Percent,2012,21.9,C,,True
V.4,Ic36721ab,Proportion of women aged 20-24 years who were married or in a union before age 15 and before age 18,S94021bf2,Proportion of women aged 20-24 years who were married or in a union before age 18,268,Georgia,GEO,43.3713615,42.04813028,Northern Africa and Western Asia,G,Global,2019,PT,Percent,2010,14.0,C,,True
V.4,Ic36721ab,Proportion of women aged 20-24 years who were married or in a union before age 15 and before age 18,S94021bf2,Proportion of women aged 20-24 years who were married or in a union before age 18,270,Gambia,GMB,-15.39944785,13.45295927,Sub-Saharan Africa,G,Global,2019,PT,Percent,2013,30.4,C,,True
V.4,Ic36721ab,Proportion of women aged 20-24 years who were married or in a union before age 15 and before age 18,S94021bf2,Proportion of women aged 20-24 years who were married or in a union before age 18,275,State of Palestine,PSE,35.25694122,31.94347933,Northern Africa and Western Asia,G,Global,2019,PT,Percent,2014,15.3,C,,True
V.4,Ic36721ab,Proportion of women aged 20-24 years who were married or in a union before age 15 and before age 18,S94021bf2,Proportion of women aged 20-24 years who were married or in a union before age 18,288,Ghana,GHA,-1.205623522,7.964825185,Sub-Saharan Africa,G,Global,2019,PT,Percent,2014,20.7,C,,True
V.4,Ic36721ab,Proportion of women aged 20-24 years who were married or in a union before age 15 and before age 18,S94021bf2,Proportion of women aged 20-24 years who were married or in a union before age 18,296,Kiribati,KIR,-157.5643005,1.768837732,"Oceania, exc. Australia and New Zealand",G,Global,2019,PT,Percent,2009,20.3,C,,True
V.4,Ic36721ab,Proportion of women aged 20-24 years who were married or in a union before age 15 and before age 18,S94021bf2,Proportion of women aged 20-24 years who were married or in a union before age 18,31,Azerbaijan,AZE,50.01064725,40.39229544,Northern Africa and Western Asia,G,Global,2019,PT,Percent,2011,11.0,C,,True
V.4,Ic36721ab,Proportion of women aged 20-24 years who were married or in a union before age 15 and before age 18,S94021bf2,Proportion of women aged 20-24 years who were married or in a union before age 18,320,Guatemala,GTM,-91.2312746,15.00273719,Latin America and the Caribbean,G,Global,2019,PT,Percent,2015,29.5,C,,True
V.4,Ic36721ab,Proportion of women aged 20-24 years who were married or in a union before age 15 and before age 18,S94021bf2,Proportion of women aged 20-24 years who were married or in a union before age 18,324,Guinea,GIN,-11.28173419,11.00210343,Sub-Saharan Africa,G,Global,2019,PT,Percent,2016,51.2,C,,True
V.4,Ic36721ab,Proportion of women aged 20-24 years who were married or in a union before age 15 and before age 18,S94021bf2,Proportion of women aged 20-24 years who were married or in a union before age 18,328,Guyana,GUY,-58.97322037,4.788012784,Latin America and the Caribbean,G,Global,2019,PT,Percent,2014,30.2,C,,True
V.4,Ic36721ab,Proportion of women aged 20-24 years who were married or in a union before age 15 and before age 18,S94021bf2,Proportion of women aged 20-24 years who were married or in a union before age 18,332,Haiti,HTI,-72.33640958,18.40426539,Latin America and the Caribbean,G,Global,2019,PT,Percent,2017,14.9,C,,True
V.4,Ic36721ab,Proportion of women aged 20-24 years who were married or in a union before age 15 and before age 18,S94021bf2,Proportion of women aged 20-24 years who were married or in a union before age 18,34,Southern Asia,,,,Central and Southern Asia,G,Global,2019,PT,Percent,2003,53.3,E,Based on 6 countries covering 96 per cent of the regional population of women aged 20-24 years,False
V.4,Ic36721ab,Proportion of women aged 20-24 years who were married or in a union before age 15 and before age 18,S94021bf2,Proportion of women aged 20-24 years who were married or in a union before age 18,34,Southern Asia,,,,Central and Southern Asia,G,Global,2019,PT,Percent,2008,48.2,E,Based on 6 countries covering 96 per cent of the regional population of women aged 20-24 years,False
V.4,Ic36721ab,Proportion of women aged 20-24 years who were married or in a union before age 15 and before age 18,S94021bf2,Proportion of women aged 20-24 years who were married or in a union before age 18,34,Southern Asia,,,,Central and Southern Asia,G,Global,2019,PT,Percent,2013,39.2,E,Based on 6 countries covering 96 per cent of the regional population of women aged 20-24 years,False
V.4,Ic36721ab,Proportion of women aged 20-24 years who were married or in a union before age 15 and before age 18,S94021bf2,Proportion of women aged 20-24 years who were married or in a union before age 18,34,Southern Asia,,,,Central and Southern Asia,G,Global,2019,PT,Percent,2018,29.9,E,Based on 6 countries covering 96 per cent of the regional population of women aged 20-24 years,True
V.4,Ic36721ab,Proportion of women aged 20-24 years who were married or in a union before age 15 and before age 18,S94021bf2,Proportion of women aged 20-24 years who were married or in a union before age 18,340,Honduras,HND,-86.59974381,14.82243161,Latin America and the Caribbean,G,Global,2019,PT,Percent,2012,33.6,C,,True
V.4,Ic36721ab,Proportion of women aged 20-24 years who were married or in a union before age 15 and before age 18,S94021bf2,Proportion of women aged 20-24 years who were married or in a union before age 18,35,South-Eastern Asia,,,,Eastern and South-Eastern Asia,G,Global,2019,PT,Percent,2003,19.7,E,Based on 8 countries covering 94 per cent of the regional population of women aged 20-24 years,False
V.4,Ic36721ab,Proportion of women aged 20-24 years who were married or in a union before age 15 and before age 18,S94021bf2,Proportion of women aged 20-24 years who were married or in a union before age 18,35,South-Eastern Asia,,,,Eastern and South-Eastern Asia,G,Global,2019,PT,Percent,2008,17.7,E,Based on 8 countries covering 94 per cent of the regional population of women aged 20-24 years,False
V.4,Ic36721ab,Proportion of women aged 20-24 years who were married or in a union before age 15 and before age 18,S94021bf2,Proportion of women aged 20-24 years who were married or in a union before age 18,35,South-Eastern Asia,,,,Eastern and South-Eastern Asia,G,Global,2019,PT,Percent,2013,15.7,E,Based on 8 countries covering 94 per cent of the regional population of women aged 20-24 years,False
V.4,Ic36721ab,Proportion of women aged 20-24 years who were married or in a union before age 15 and before age 18,S94021bf2,Proportion of women aged 20-24 years who were married or in a union before age 18,35,South-Eastern Asia,,,,Eastern and South-Eastern Asia,G,Global,2019,PT,Percent,2018,15.2,E,Based on 8 countries covering 94 per cent of the regional population of women aged 20-24 years,True
V.4,Ic36721ab,Proportion of women aged 20-24 years who were married or in a union before age 15 and before age 18,S94021bf2,Proportion of women aged 20-24 years who were married or in a union before age 18,356,India,IND,79.3608464,22.34642074,Central and Southern Asia,G,Global,2019,PT,Percent,2016,27.3,C,,True
V.4,Ic36721ab,Proportion of women aged 20-24 years who were married or in a union before age 15 and before age 18,S94021bf2,Proportion of women aged 20-24 years who were married or in a union before age 18,360,Indonesia,IDN,113.9174,-0.994582204,Eastern and South-Eastern Asia,G,Global,2019,PT,Percent,2018,11.2,C,Data collection method differs from international standard as age at marriage is reported by a household respondent rather than the woman herself.,True
V.4,Ic36721ab,Proportion of women aged 20-24 years who were married or in a union before age 15 and before age 18,S94021bf2,Proportion of women aged 20-24 years who were married or in a union before age 18,364,Iran (Islamic Republic of),IRN,54.19766348,32.74370885,Central and Southern Asia,G,Global,2019,PT,Percent,2010,16.7,C,,True
V.4,Ic36721ab,Proportion of women aged 20-24 years who were married or in a union before age 15 and before age 18,S94021bf2,Proportion of women aged 20-24 years who were married or in a union before age 18,368,Iraq,IRQ,43.76606267,33.05013795,Northern Africa and Western Asia,G,Global,2019,PT,Percent,2018,27.9,C,,True
V.4,Ic36721ab,Proportion of women aged 20-24 years who were married or in a union before age 15 and before age 18,S94021bf2,Proportion of women aged 20-24 years who were married or in a union before age 18,384,CÃ´te d'Ivoire,CIV,-5.552690016,7.62211586,Sub-Saharan Africa,G,Global,2019,PT,Percent,2016,27.0,C,,True
V.4,Ic36721ab,Proportion of women aged 20-24 years who were married or in a union before age 15 and before age 18,S94021bf2,Proportion of women aged 20-24 years who were married or in a union before age 18,388,Jamaica,JAM,-77.31068409,18.15616857,Latin America and the Caribbean,G,Global,2019,PT,Percent,2011,7.9,C,,True
V.4,Ic36721ab,Proportion of women aged 20-24 years who were married or in a union before age 15 and before age 18,S94021bf2,Proportion of women aged 20-24 years who were married or in a union before age 18,398,Kazakhstan,KAZ,66.65359159,48.01963494,Central and Southern Asia,G,Global,2019,PT,Percent,2015,7.0,C,,True
V.4,Ic36721ab,Proportion of women aged 20-24 years who were married or in a union before age 15 and before age 18,S94021bf2,Proportion of women aged 20-24 years who were married or in a union before age 18,4,Afghanistan,AFG,66.02688198,33.83160199,Central and Southern Asia,G,Global,2019,PT,Percent,2015,34.8,C,,True
V.4,Ic36721ab,Proportion of women aged 20-24 years who were married or in a union before age 15 and before age 18,S94021bf2,Proportion of women aged 20-24 years who were married or in a union before age 18,400,Jordan,JOR,37.13024774,30.65365973,Northern Africa and Western Asia,G,Global,2019,PT,Percent,2012,8.4,C,,True
V.4,Ic36721ab,Proportion of women aged 20-24 years who were married or in a union before age 15 and before age 18,S94021bf2,Proportion of women aged 20-24 years who were married or in a union before age 18,404,Kenya,KEN,37.86096816,0.534797278,Sub-Saharan Africa,G,Global,2019,PT,Percent,2014,22.9,C,,True
V.4,Ic36721ab,Proportion of women aged 20-24 years who were married or in a union before age 15 and before age 18,S94021bf2,Proportion of women aged 20-24 years who were married or in a union before age 18,417,Kyrgyzstan,KGZ,74.52324839,41.46204516,Central and Southern Asia,G,Global,2019,PT,Percent,2014,11.6,C,,True
V.4,Ic36721ab,Proportion of women aged 20-24 years who were married or in a union before age 15 and before age 18,S94021bf2,Proportion of women aged 20-24 years who were married or in a union before age 18,418,Lao People's Democratic Republic,LAO,101.9901968,20.27482773,Eastern and South-Eastern Asia,G,Global,2019,PT,Percent,2017,32.7,C,,True
V.4,Ic36721ab,Proportion of women aged 20-24 years who were married or in a union before age 15 and before age 18,S94021bf2,Proportion of women aged 20-24 years who were married or in a union before age 18,419,Latin America and the Caribbean,,,,Latin America and the Caribbean,G,Global,2019,PT,Percent,2003,24.1,E,Based on 22 countries covering 54 per cent of the regional population of women aged 20-24 years,False
V.4,Ic36721ab,Proportion of women aged 20-24 years who were married or in a union before age 15 and before age 18,S94021bf2,Proportion of women aged 20-24 years who were married or in a union before age 18,419,Latin America and the Caribbean,,,,Latin America and the Caribbean,G,Global,2019,PT,Percent,2008,25.6,E,Based on 22 countries covering 54 per cent of the regional population of women aged 20-24 years,False
V.4,Ic36721ab,Proportion of women aged 20-24 years who were married or in a union before age 15 and before age 18,S94021bf2,Proportion of women aged 20-24 years who were married or in a union before age 18,419,Latin America and the Caribbean,,,,Latin America and the Caribbean,G,Global,2019,PT,Percent,2013,24.9,E,Based on 22 countries covering 54 per cent of the regional population of women aged 20-24 years,False
V.4,Ic36721ab,Proportion of women aged 20-24 years who were married or in a union before age 15 and before age 18,S94021bf2,Proportion of women aged 20-24 years who were married or in a union before age 18,419,Latin America and the Caribbean,,,,Latin America and the Caribbean,G,Global,2019,PT,Percent,2018,24.7,E,Based on 22 countries covering 54 per cent of the regional population of women aged 20-24 years,True
V.4,Ic36721ab,Proportion of women aged 20-24 years who were married or in a union before age 15 and before age 18,S94021bf2,Proportion of women aged 20-24 years who were married or in a union before age 18,422,Lebanon,LBN,35.89391711,33.92152458,Northern Africa and Western Asia,G,Global,2019,PT,Percent,2009,6.1,C,,True
V.4,Ic36721ab,Proportion of women aged 20-24 years who were married or in a union before age 15 and before age 18,S94021bf2,Proportion of women aged 20-24 years who were married or in a union before age 18,426,Lesotho,LSO,28.25362195,-29.58041814,Sub-Saharan Africa,G,Global,2019,PT,Percent,2014,17.3,C,,True
V.4,Ic36721ab,Proportion of women aged 20-24 years who were married or in a union before age 15 and before age 18,S94021bf2,Proportion of women aged 20-24 years who were married or in a union before age 18,430,Liberia,LBR,-9.311879038,6.448381009,Sub-Saharan Africa,G,Global,2019,PT,Percent,2013,35.9,C,,True
V.4,Ic36721ab,Proportion of women aged 20-24 years who were married or in a union before age 15 and before age 18,S94021bf2,Proportion of women aged 20-24 years who were married or in a union before age 18,432,Landlocked developing countries (LLDCs),,,,,G,Global,2019,PT,Percent,2003,43.4,E,Based on 26 countries covering 86 per cent of the regional population of women aged 20-24 years,False
V.4,Ic36721ab,Proportion of women aged 20-24 years who were married or in a union before age 15 and before age 18,S94021bf2,Proportion of women aged 20-24 years who were married or in a union before age 18,432,Landlocked developing countries (LLDCs),,,,,G,Global,2019,PT,Percent,2008,42.5,E,Based on 26 countries covering 86 per cent of the regional population of women aged 20-24 years,False
V.4,Ic36721ab,Proportion of women aged 20-24 years who were married or in a union before age 15 and before age 18,S94021bf2,Proportion of women aged 20-24 years who were married or in a union before age 18,432,Landlocked developing countries (LLDCs),,,,,G,Global,2019,PT,Percent,2013,37.8,E,Based on 26 countries covering 86 per cent of the regional population of women aged 20-24 years,False
V.4,Ic36721ab,Proportion of women aged 20-24 years who were married or in a union before age 15 and before age 18,S94021bf2,Proportion of women aged 20-24 years who were married or in a union before age 18,432,Landlocked developing countries (LLDCs),,,,,G,Global,2019,PT,Percent,2018,35.0,E,Based on 26 countries covering 86 per cent of the regional population of women aged 20-24 years,True
V.4,Ic36721ab,Proportion of women aged 20-24 years who were married or in a union before age 15 and before age 18,S94021bf2,Proportion of women aged 20-24 years who were married or in a union before age 18,450,Madagascar,MDG,46.6982339,-19.38514785,Sub-Saharan Africa,G,Global,2019,PT,Percent,2013,41.2,C,,True
V.4,Ic36721ab,Proportion of women aged 20-24 years who were married or in a union before age 15 and before age 18,S94021bf2,Proportion of women aged 20-24 years who were married or in a union before age 18,454,Malawi,MWI,33.4884625,-13.40819859,Sub-Saharan Africa,G,Global,2019,PT,Percent,2015,42.1,C,,True
V.4,Ic36721ab,Proportion of women aged 20-24 years who were married or in a union before age 15 and before age 18,S94021bf2,Proportion of women aged 20-24 years who were married or in a union before age 18,462,Maldives,MDV,73.09672546,-0.614385021,Central and Southern Asia,G,Global,2019,PT,Percent,2009,3.9,C,,True
V.4,Ic36721ab,Proportion of women aged 20-24 years who were married or in a union before age 15 and before age 18,S94021bf2,Proportion of women aged 20-24 years who were married or in a union before age 18,466,Mali,MLI,-3.522016039,17.35311254,Sub-Saharan Africa,G,Global,2019,PT,Percent,2015,49.7,C,,True
V.4,Ic36721ab,Proportion of women aged 20-24 years who were married or in a union before age 15 and before age 18,S94021bf2,Proportion of women aged 20-24 years who were married or in a union before age 18,478,Mauritania,MRT,-10.33187259,20.26089546,Sub-Saharan Africa,G,Global,2019,PT,Percent,2015,37.0,C,,True
V.4,Ic36721ab,Proportion of women aged 20-24 years who were married or in a union before age 15 and before age 18,S94021bf2,Proportion of women aged 20-24 years who were married or in a union before age 18,484,Mexico,MEX,-102.5148166,23.93378032,Latin America and the Caribbean,G,Global,2019,PT,Percent,2015,26.1,C,,True
V.4,Ic36721ab,Proportion of women aged 20-24 years who were married or in a union before age 15 and before age 18,S94021bf2,Proportion of women aged 20-24 years who were married or in a union before age 18,496,Mongolia,MNG,103.0728057,46.83892054,Eastern and South-Eastern Asia,G,Global,2019,PT,Percent,2013,5.2,C,,True
V.4,Ic36721ab,Proportion of women aged 20-24 years who were married or in a union before age 15 and before age 18,S94021bf2,Proportion of women aged 20-24 years who were married or in a union before age 18,498,Republic of Moldova,MDA,28.4650624,47.20236795,Europe and Northern America,G,Global,2019,PT,Percent,2012,12.2,C,,True
V.4,Ic36721ab,Proportion of women aged 20-24 years who were married or in a union before age 15 and before age 18,S94021bf2,Proportion of women aged 20-24 years who were married or in a union before age 18,499,Montenegro,MNE,19.25214024,42.78717043,Europe and Northern America,G,Global,2019,PT,Percent,2013,4.5,C,,True
V.4,Ic36721ab,Proportion of women aged 20-24 years who were married or in a union before age 15 and before age 18,S94021bf2,Proportion of women aged 20-24 years who were married or in a union before age 18,50,Bangladesh,BGD,89.17660788,22.86961622,Central and Southern Asia,G,Global,2019,PT,Percent,2014,58.6,C,,True
V.4,Ic36721ab,Proportion of women aged 20-24 years who were married or in a union before age 15 and before age 18,S94021bf2,Proportion of women aged 20-24 years who were married or in a union before age 18,504,Morocco,MAR,-6.281942841,31.8440131,Northern Africa and Western Asia,G,Global,2019,PT,Percent,2011,12.6,C,,True
V.4,Ic36721ab,Proportion of women aged 20-24 years who were married or in a union before age 15 and before age 18,S94021bf2,Proportion of women aged 20-24 years who were married or in a union before age 18,508,Mozambique,MOZ,38.18479941,-14.27963886,Sub-Saharan Africa,G,Global,2019,PT,Percent,2015,52.9,C,,True
V.4,Ic36721ab,Proportion of women aged 20-24 years who were married or in a union before age 15 and before age 18,S94021bf2,Proportion of women aged 20-24 years who were married or in a union before age 18,51,Armenia,ARM,44.93839317,40.29499741,Northern Africa and Western Asia,G,Global,2019,PT,Percent,2016,5.3,C,,True
V.4,Ic36721ab,Proportion of women aged 20-24 years who were married or in a union before age 15 and before age 18,S94021bf2,Proportion of women aged 20-24 years who were married or in a union before age 18,512,Oman,OMN,57.87743482,21.98805614,Northern Africa and Western Asia,G,Global,2019,PT,Percent,2014,4.0,C,,True
V.4,Ic36721ab,Proportion of women aged 20-24 years who were married or in a union before age 15 and before age 18,S94021bf2,Proportion of women aged 20-24 years who were married or in a union before age 18,516,Namibia,NAM,17.21907885,-22.13817068,Sub-Saharan Africa,G,Global,2019,PT,Percent,2013,6.9,C,,True
V.4,Ic36721ab,Proportion of women aged 20-24 years who were married or in a union before age 15 and before age 18,S94021bf2,Proportion of women aged 20-24 years who were married or in a union before age 18,52,Barbados,BRB,-59.5346489,13.13648273,Latin America and the Caribbean,G,Global,2019,PT,Percent,2012,10.7,C,,True
V.4,Ic36721ab,Proportion of women aged 20-24 years who were married or in a union before age 15 and before age 18,S94021bf2,Proportion of women aged 20-24 years who were married or in a union before age 18,520,Nauru,NRU,166.92313,-0.528742623,"Oceania, exc. Australia and New Zealand",G,Global,2019,PT,Percent,2007,26.8,C,,True
V.4,Ic36721ab,Proportion of women aged 20-24 years who were married or in a union before age 15 and before age 18,S94021bf2,Proportion of women aged 20-24 years who were married or in a union before age 18,524,Nepal,NPL,83.94678863,28.25866332,Central and Southern Asia,G,Global,2019,PT,Percent,2016,39.5,C,,True
V.4,Ic36721ab,Proportion of women aged 20-24 years who were married or in a union before age 15 and before age 18,S94021bf2,Proportion of women aged 20-24 years who were married or in a union before age 18,548,Vanuatu,VUT,167.0679779,-15.34445547,"Oceania, exc. Australia and New Zealand",G,Global,2019,PT,Percent,2013,21.4,C,,True
V.4,Ic36721ab,Proportion of women aged 20-24 years who were married or in a union before age 15 and before age 18,S94021bf2,Proportion of women aged 20-24 years who were married or in a union before age 18,558,Nicaragua,NIC,-85.03060315,12.84210839,Latin America and the Caribbean,G,Global,2019,PT,Percent,2012,35.2,C,,True
V.4,Ic36721ab,Proportion of women aged 20-24 years who were married or in a union before age 15 and before age 18,S94021bf2,Proportion of women aged 20-24 years who were married or in a union before age 18,562,Niger,NER,9.400167877,17.42143036,Sub-Saharan Africa,G,Global,2019,PT,Percent,2012,76.3,C,,True
V.4,Ic36721ab,Proportion of women aged 20-24 years who were married or in a union before age 15 and before age 18,S94021bf2,Proportion of women aged 20-24 years who were married or in a union before age 18,566,Nigeria,NGA,8.097363256,9.585789025,Sub-Saharan Africa,G,Global,2019,PT,Percent,2017,43.5,C,,True
V.4,Ic36721ab,Proportion of women aged 20-24 years who were married or in a union before age 15 and before age 18,S94021bf2,Proportion of women aged 20-24 years who were married or in a union before age 18,584,Marshall Islands,MHL,171.0839119,7.110213497,"Oceania, exc. Australia and New Zealand",G,Global,2019,PT,Percent,2007,26.3,C,,True
V.4,Ic36721ab,Proportion of women aged 20-24 years who were married or in a union before age 15 and before age 18,S94021bf2,Proportion of women aged 20-24 years who were married or in a union before age 18,586,Pakistan,PAK,68.80479684,29.36491634,Central and Southern Asia,G,Global,2019,PT,Percent,2013,21.0,C,,True
V.4,Ic36721ab,Proportion of women aged 20-24 years who were married or in a union before age 15 and before age 18,S94021bf2,Proportion of women aged 20-24 years who were married or in a union before age 18,591,Panama,PAN,-81.26616623,8.450965746,Latin America and the Caribbean,G,Global,2019,PT,Percent,2013,26.4,C,,True
V.4,Ic36721ab,Proportion of women aged 20-24 years who were married or in a union before age 15 and before age 18,S94021bf2,Proportion of women aged 20-24 years who were married or in a union before age 18,598,Papua New Guinea,PNG,145.8587761,-6.756057077,"Oceania, exc. Australia and New Zealand",G,Global,2019,PT,Percent,2006,21.3,C,,True
V.4,Ic36721ab,Proportion of women aged 20-24 years who were married or in a union before age 15 and before age 18,S94021bf2,Proportion of women aged 20-24 years who were married or in a union before age 18,600,Paraguay,PRY,-60.54854225,-21.70216237,Latin America and the Caribbean,G,Global,2019,PT,Percent,2016,21.6,C,,True
V.4,Ic36721ab,Proportion of women aged 20-24 years who were married or in a union before age 15 and before age 18,S94021bf2,Proportion of women aged 20-24 years who were married or in a union before age 18,604,Peru,PER,-71.82093277,-13.58939705,Latin America and the Caribbean,G,Global,2019,PT,Percent,2017,19.0,C,,True
V.4,Ic36721ab,Proportion of women aged 20-24 years who were married or in a union before age 15 and before age 18,S94021bf2,Proportion of women aged 20-24 years who were married or in a union before age 18,608,Philippines,PHL,120.8601418,14.16591706,Eastern and South-Eastern Asia,G,Global,2019,PT,Percent,2017,16.5,C,,True
V.4,Ic36721ab,Proportion of women aged 20-24 years who were married or in a union before age 15 and before age 18,S94021bf2,Proportion of women aged 20-24 years who were married or in a union before age 18,62,Central and Southern Asia,,,,Central and Southern Asia,G,Global,2019,PT,Percent,2003,52.5,E,Based on 10 countries covering 94 per cent of the regional population of women aged 20-24 years,False
V.4,Ic36721ab,Proportion of women aged 20-24 years who were married or in a union before age 15 and before age 18,S94021bf2,Proportion of women aged 20-24 years who were married or in a union before age 18,62,Central and Southern Asia,,,,Central and Southern Asia,G,Global,2019,PT,Percent,2008,47.3,E,Based on 10 countries covering 94 per cent of the regional population of women aged 20-24 years,False
V.4,Ic36721ab,Proportion of women aged 20-24 years who were married or in a union before age 15 and before age 18,S94021bf2,Proportion of women aged 20-24 years who were married or in a union before age 18,62,Central and Southern Asia,,,,Central and Southern Asia,G,Global,2019,PT,Percent,2013,38.4,E,Based on 10 countries covering 94 per cent of the regional population of women aged 20-24 years,False
V.4,Ic36721ab,Proportion of women aged 20-24 years who were married or in a union before age 15 and before age 18,S94021bf2,Proportion of women aged 20-24 years who were married or in a union before age 18,62,Central and Southern Asia,,,,Central and Southern Asia,G,Global,2019,PT,Percent,2018,29.4,E,Based on 10 countries covering 94 per cent of the regional population of women aged 20-24 years,True
V.4,Ic36721ab,Proportion of women aged 20-24 years who were married or in a union before age 15 and before age 18,S94021bf2,Proportion of women aged 20-24 years who were married or in a union before age 18,624,Guinea-Bissau,GNB,-14.40182514,12.11760394,Sub-Saharan Africa,G,Global,2019,PT,Percent,2014,24.4,C,,True
V.4,Ic36721ab,Proportion of women aged 20-24 years who were married or in a union before age 15 and before age 18,S94021bf2,Proportion of women aged 20-24 years who were married or in a union before age 18,626,Timor-Leste,TLS,125.9451052,-8.797497247,Eastern and South-Eastern Asia,G,Global,2019,PT,Percent,2016,14.9,C,,True
V.4,Ic36721ab,Proportion of women aged 20-24 years who were married or in a union before age 15 and before age 18,S94021bf2,Proportion of women aged 20-24 years who were married or in a union before age 18,634,Qatar,QAT,51.19152467,25.28355379,Northern Africa and Western Asia,G,Global,2019,PT,Percent,2012,4.2,C,,True
V.4,Ic36721ab,Proportion of women aged 20-24 years who were married or in a union before age 15 and before age 18,S94021bf2,Proportion of women aged 20-24 years who were married or in a union before age 18,64,Bhutan,BTN,90.45098484,27.39598568,Central and Southern Asia,G,Global,2019,PT,Percent,2010,25.8,C,,True
V.4,Ic36721ab,Proportion of women aged 20-24 years who were married or in a union before age 15 and before age 18,S94021bf2,Proportion of women aged 20-24 years who were married or in a union before age 18,646,Rwanda,RWA,29.92310194,-1.999842114,Sub-Saharan Africa,G,Global,2019,PT,Percent,2015,6.8,C,,True
V.4,Ic36721ab,Proportion of women aged 20-24 years who were married or in a union before age 15 and before age 18,S94021bf2,Proportion of women aged 20-24 years who were married or in a union before age 18,662,Saint Lucia,LCA,-60.96529553,13.89405601,Latin America and the Caribbean,G,Global,2019,PT,Percent,2012,7.5,C,,True
V.4,Ic36721ab,Proportion of women aged 20-24 years who were married or in a union before age 15 and before age 18,S94021bf2,Proportion of women aged 20-24 years who were married or in a union before age 18,678,Sao Tome and Principe,STP,6.609772265,0.241554875,Sub-Saharan Africa,G,Global,2019,PT,Percent,2014,35.4,C,,True
V.4,Ic36721ab,Proportion of women aged 20-24 years who were married or in a union before age 15 and before age 18,S94021bf2,Proportion of women aged 20-24 years who were married or in a union before age 18,68,Bolivia (Plurinational State of),BOL,-64.66224284,-16.71273412,Latin America and the Caribbean,G,Global,2019,PT,Percent,2016,19.7,C,,True
V.4,Ic36721ab,Proportion of women aged 20-24 years who were married or in a union before age 15 and before age 18,S94021bf2,Proportion of women aged 20-24 years who were married or in a union before age 18,686,Senegal,SEN,-14.46636926,14.35920905,Sub-Saharan Africa,G,Global,2019,PT,Percent,2017,28.8,C,,True
V.4,Ic36721ab,Proportion of women aged 20-24 years who were married or in a union before age 15 and before age 18,S94021bf2,Proportion of women aged 20-24 years who were married or in a union before age 18,688,Serbia,SRB,20.805876,44.03145697,Europe and Northern America,G,Global,2019,PT,Percent,2014,3.2,C,,True
V.4,Ic36721ab,Proportion of women aged 20-24 years who were married or in a union before age 15 and before age 18,S94021bf2,Proportion of women aged 20-24 years who were married or in a union before age 18,694,Sierra Leone,SLE,-11.78306584,8.568604164,Sub-Saharan Africa,G,Global,2019,PT,Percent,2017,29.9,C,,True
V.4,Ic36721ab,Proportion of women aged 20-24 years who were married or in a union before age 15 and before age 18,S94021bf2,Proportion of women aged 20-24 years who were married or in a union before age 18,70,Bosnia and Herzegovina,BIH,17.78584332,44.16845548,Europe and Northern America,G,Global,2019,PT,Percent,2012,3.5,C,,True
V.4,Ic36721ab,Proportion of women aged 20-24 years who were married or in a union before age 15 and before age 18,S94021bf2,Proportion of women aged 20-24 years who were married or in a union before age 18,704,Viet Nam,VNM,105.802499,10.09643079,Eastern and South-Eastern Asia,G,Global,2019,PT,Percent,2014,10.6,C,,True
V.4,Ic36721ab,Proportion of women aged 20-24 years who were married or in a union before age 15 and before age 18,S94021bf2,Proportion of women aged 20-24 years who were married or in a union before age 18,706,Somalia,SOM,46.20367477,4.406485729,Sub-Saharan Africa,G,Global,2019,PT,Percent,2006,45.3,C,,True
V.4,Ic36721ab,Proportion of women aged 20-24 years who were married or in a union before age 15 and before age 18,S94021bf2,Proportion of women aged 20-24 years who were married or in a union before age 18,710,South Africa,ZAF,24.67184355,-29.99957544,Sub-Saharan Africa,G,Global,2019,PT,Percent,2003,5.6,C,,True
V.4,Ic36721ab,Proportion of women aged 20-24 years who were married or in a union before age 15 and before age 18,S94021bf2,Proportion of women aged 20-24 years who were married or in a union before age 18,716,Zimbabwe,ZWE,29.86909584,-19.00075492,Sub-Saharan Africa,G,Global,2019,PT,Percent,2015,32.4,C,,True
V.4,Ic36721ab,Proportion of women aged 20-24 years who were married or in a union before age 15 and before age 18,S94021bf2,Proportion of women aged 20-24 years who were married or in a union before age 18,722,Small island developing States (SIDS),,,,,G,Global,2019,PT,Percent,2003,26.8,E,Based on 17 countries covering 70 per cent of the regional population of women aged 20-24 years,False
V.4,Ic36721ab,Proportion of women aged 20-24 years who were married or in a union before age 15 and before age 18,S94021bf2,Proportion of women aged 20-24 years who were married or in a union before age 18,722,Small island developing States (SIDS),,,,,G,Global,2019,PT,Percent,2008,28.0,E,Based on 17 countries covering 70 per cent of the regional population of women aged 20-24 years,False
V.4,Ic36721ab,Proportion of women aged 20-24 years who were married or in a union before age 15 and before age 18,S94021bf2,Proportion of women aged 20-24 years who were married or in a union before age 18,722,Small island developing States (SIDS),,,,,G,Global,2019,PT,Percent,2013,24.9,E,Based on 17 countries covering 70 per cent of the regional population of women aged 20-24 years,False
V.4,Ic36721ab,Proportion of women aged 20-24 years who were married or in a union before age 15 and before age 18,S94021bf2,Proportion of women aged 20-24 years who were married or in a union before age 18,722,Small island developing States (SIDS),,,,,G,Global,2019,PT,Percent,2018,23.2,E,Based on 17 countries covering 70 per cent of the regional population of women aged 20-24 years,True
V.4,Ic36721ab,Proportion of women aged 20-24 years who were married or in a union before age 15 and before age 18,S94021bf2,Proportion of women aged 20-24 years who were married or in a union before age 18,728,South Sudan,SSD,30.32618773,7.290839152,Sub-Saharan Africa,G,Global,2019,PT,Percent,2010,51.5,C,,True
V.4,Ic36721ab,Proportion of women aged 20-24 years who were married or in a union before age 15 and before age 18,S94021bf2,Proportion of women aged 20-24 years who were married or in a union before age 18,729,Sudan,SDN,29.95650159,16.02643066,Northern Africa and Western Asia,G,Global,2019,PT,Percent,2014,34.2,C,,True
V.4,Ic36721ab,Proportion of women aged 20-24 years who were married or in a union before age 15 and before age 18,S94021bf2,Proportion of women aged 20-24 years who were married or in a union before age 18,740,Suriname,SUR,-55.90626394,4.132603197,Latin America and the Caribbean,G,Global,2019,PT,Percent,2010,18.8,C,,True
V.4,Ic36721ab,Proportion of women aged 20-24 years who were married or in a union before age 15 and before age 18,S94021bf2,Proportion of women aged 20-24 years who were married or in a union before age 18,747,Northern Africa and Western Asia,,,,Northern Africa and Western Asia,G,Global,2019,PT,Percent,2003,23.5,E,Based on 14 countries covering 84 per cent of the regional population of women aged 20-24 years,False
V.4,Ic36721ab,Proportion of women aged 20-24 years who were married or in a union before age 15 and before age 18,S94021bf2,Proportion of women aged 20-24 years who were married or in a union before age 18,747,Northern Africa and Western Asia,,,,Northern Africa and Western Asia,G,Global,2019,PT,Percent,2008,20.8,E,Based on 14 countries covering 84 per cent of the regional population of women aged 20-24 years,False
V.4,Ic36721ab,Proportion of women aged 20-24 years who were married or in a union before age 15 and before age 18,S94021bf2,Proportion of women aged 20-24 years who were married or in a union before age 18,747,Northern Africa and Western Asia,,,,Northern Africa and Western Asia,G,Global,2019,PT,Percent,2013,18.6,E,Based on 14 countries covering 84 per cent of the regional population of women aged 20-24 years,False
V.4,Ic36721ab,Proportion of women aged 20-24 years who were married or in a union before age 15 and before age 18,S94021bf2,Proportion of women aged 20-24 years who were married or in a union before age 18,747,Northern Africa and Western Asia,,,,Northern Africa and Western Asia,G,Global,2019,PT,Percent,2018,17.8,E,Based on 14 countries covering 84 per cent of the regional population of women aged 20-24 years,True
V.4,Ic36721ab,Proportion of women aged 20-24 years who were married or in a union before age 15 and before age 18,S94021bf2,Proportion of women aged 20-24 years who were married or in a union before age 18,748,Eswatini,SWZ,31.50149288,-26.56471011,Sub-Saharan Africa,G,Global,2019,PT,Percent,2014,5.3,C,,True
V.4,Ic36721ab,Proportion of women aged 20-24 years who were married or in a union before age 15 and before age 18,S94021bf2,Proportion of women aged 20-24 years who were married or in a union before age 18,76,Brazil,BRA,-53.08432878,-10.77668561,Latin America and the Caribbean,G,Global,2019,PT,Percent,2006,26.2,C,,True
V.4,Ic36721ab,Proportion of women aged 20-24 years who were married or in a union before age 15 and before age 18,S94021bf2,Proportion of women aged 20-24 years who were married or in a union before age 18,760,Syrian Arab Republic,SYR,38.50466565,35.01676176,Northern Africa and Western Asia,G,Global,2019,PT,Percent,2006,13.3,C,,True
V.4,Ic36721ab,Proportion of women aged 20-24 years who were married or in a union before age 15 and before age 18,S94021bf2,Proportion of women aged 20-24 years who were married or in a union before age 18,762,Tajikistan,TJK,69.294998,38.43069666,Central and Southern Asia,G,Global,2019,PT,Percent,2017,8.7,C,,True
V.4,Ic36721ab,Proportion of women aged 20-24 years who were married or in a union before age 15 and before age 18,S94021bf2,Proportion of women aged 20-24 years who were married or in a union before age 18,764,Thailand,THA,101.0202951,15.13089239,Eastern and South-Eastern Asia,G,Global,2019,PT,Percent,2015,22.5,C,,True
V.4,Ic36721ab,Proportion of women aged 20-24 years who were married or in a union before age 15 and before age 18,S94021bf2,Proportion of women aged 20-24 years who were married or in a union before age 18,768,Togo,TGO,0.97835765,8.532096072,Sub-Saharan Africa,G,Global,2019,PT,Percent,2014,21.8,C,,True
V.4,Ic36721ab,Proportion of women aged 20-24 years who were married or in a union before age 15 and before age 18,S94021bf2,Proportion of women aged 20-24 years who were married or in a union before age 18,776,Tonga,TON,-175.1959991,-21.19511329,"Oceania, exc. Australia and New Zealand",G,Global,2019,PT,Percent,2012,5.6,C,,True
V.4,Ic36721ab,Proportion of women aged 20-24 years who were married or in a union before age 15 and before age 18,S94021bf2,Proportion of women aged 20-24 years who were married or in a union before age 18,780,Trinidad and Tobago,TTO,-61.29389504,10.41877263,Latin America and the Caribbean,G,Global,2019,PT,Percent,2011,11.2,C,,True
V.4,Ic36721ab,Proportion of women aged 20-24 years who were married or in a union before age 15 and before age 18,S94021bf2,Proportion of women aged 20-24 years who were married or in a union before age 18,788,Tunisia,TUN,9.572737411,34.11439971,Northern Africa and Western Asia,G,Global,2019,PT,Percent,2012,1.6,C,,True
V.4,Ic36721ab,Proportion of women aged 20-24 years who were married or in a union before age 15 and before age 18,S94021bf2,Proportion of women aged 20-24 years who were married or in a union before age 18,792,Turkey,TUR,35.42890329,38.9899684,Northern Africa and Western Asia,G,Global,2019,PT,Percent,2013,14.7,C,,True
V.4,Ic36721ab,Proportion of women aged 20-24 years who were married or in a union before age 15 and before age 18,S94021bf2,Proportion of women aged 20-24 years who were married or in a union before age 18,795,Turkmenistan,TKM,58.9787665,40.0912346,Central and Southern Asia,G,Global,2019,PT,Percent,2016,5.7,C,,True
V.4,Ic36721ab,Proportion of women aged 20-24 years who were married or in a union before age 15 and before age 18,S94021bf2,Proportion of women aged 20-24 years who were married or in a union before age 18,798,Tuvalu,TUV,178.6679611,-7.460048071,"Oceania, exc. Australia and New Zealand",G,Global,2019,PT,Percent,2007,9.9,C,,True
V.4,Ic36721ab,Proportion of women aged 20-24 years who were married or in a union before age 15 and before age 18,S94021bf2,Proportion of women aged 20-24 years who were married or in a union before age 18,8,Albania,ALB,20.06660928,41.13897007,Europe and Northern America,G,Global,2019,PT,Percent,2018,11.8,C,,True
V.4,Ic36721ab,Proportion of women aged 20-24 years who were married or in a union before age 15 and before age 18,S94021bf2,Proportion of women aged 20-24 years who were married or in a union before age 18,800,Uganda,UGA,32.39100438,1.279557331,Sub-Saharan Africa,G,Global,2019,PT,Percent,2016,34.0,C,,True
V.4,Ic36721ab,Proportion of women aged 20-24 years who were married or in a union before age 15 and before age 18,S94021bf2,Proportion of women aged 20-24 years who were married or in a union before age 18,804,Ukraine,UKR,31.40270802,49.00735945,Europe and Northern America,G,Global,2019,PT,Percent,2012,9.1,C,,True
V.4,Ic36721ab,Proportion of women aged 20-24 years who were married or in a union before age 15 and before age 18,S94021bf2,Proportion of women aged 20-24 years who were married or in a union before age 18,807,North Macedonia,MKD,21.7007909,41.60048068,Europe and Northern America,G,Global,2019,PT,Percent,2011,6.9,C,,True
V.4,Ic36721ab,Proportion of women aged 20-24 years who were married or in a union before age 15 and before age 18,S94021bf2,Proportion of women aged 20-24 years who were married or in a union before age 18,818,Egypt,EGY,29.77468534,26.57438204,Northern Africa and Western Asia,G,Global,2019,PT,Percent,2014,17.4,C,,True
V.4,Ic36721ab,Proportion of women aged 20-24 years who were married or in a union before age 15 and before age 18,S94021bf2,Proportion of women aged 20-24 years who were married or in a union before age 18,834,United Republic of Tanzania,TZA,34.80521182,-6.265332606,Sub-Saharan Africa,G,Global,2019,PT,Percent,2016,30.5,C,,True
V.4,Ic36721ab,Proportion of women aged 20-24 years who were married or in a union before age 15 and before age 18,S94021bf2,Proportion of women aged 20-24 years who were married or in a union before age 18,84,Belize,BLZ,-88.70199554,17.19965901,Latin America and the Caribbean,G,Global,2019,PT,Percent,2016,33.5,C,,True
V.4,Ic36721ab,Proportion of women aged 20-24 years who were married or in a union before age 15 and before age 18,S94021bf2,Proportion of women aged 20-24 years who were married or in a union before age 18,854,Burkina Faso,BFA,-1.742843829,12.27491081,Sub-Saharan Africa,G,Global,2019,PT,Percent,2010,51.6,C,,True
V.4,Ic36721ab,Proportion of women aged 20-24 years who were married or in a union before age 15 and before age 18,S94021bf2,Proportion of women aged 20-24 years who were married or in a union before age 18,858,Uruguay,URY,-56.01387025,-32.8002838,Latin America and the Caribbean,G,Global,2019,PT,Percent,2013,24.6,C,,True
V.4,Ic36721ab,Proportion of women aged 20-24 years who were married or in a union before age 15 and before age 18,S94021bf2,Proportion of women aged 20-24 years who were married or in a union before age 18,860,Uzbekistan,UZB,63.11944558,41.77560518,Central and Southern Asia,G,Global,2019,PT,Percent,2006,7.2,C,,True
V.4,Ic36721ab,Proportion of women aged 20-24 years who were married or in a union before age 15 and before age 18,S94021bf2,Proportion of women aged 20-24 years who were married or in a union before age 18,882,Samoa,WSM,-172.4430749,-13.61541469,"Oceania, exc. Australia and New Zealand",G,Global,2019,PT,Percent,2014,10.8,C,,True
V.4,Ic36721ab,Proportion of women aged 20-24 years who were married or in a union before age 15 and before age 18,S94021bf2,Proportion of women aged 20-24 years who were married or in a union before age 18,887,Yemen,YEM,45.22389143,15.22242099,Northern Africa and Western Asia,G,Global,2019,PT,Percent,2013,31.9,C,,True
V.4,Ic36721ab,Proportion of women aged 20-24 years who were married or in a union before age 15 and before age 18,S94021bf2,Proportion of women aged 20-24 years who were married or in a union before age 18,894,Zambia,ZMB,27.850329,-14.59701056,Sub-Saharan Africa,G,Global,2019,PT,Percent,2014,31.4,C,,True
V.4,Ic36721ab,Proportion of women aged 20-24 years who were married or in a union before age 15 and before age 18,S94021bf2,Proportion of women aged 20-24 years who were married or in a union before age 18,90,Solomon Islands,SLB,160.1584117,-9.622391719,"Oceania, exc. Australia and New Zealand",G,Global,2019,PT,Percent,2015,21.3,C,,True
