INDICATOR_LABEL,INDICATOR_ID,INDICATOR_DESC,MINSET_SERIES,MINSET_SERIES_DESC,REF_AREA,REF_AREA_DESC,ISO3,X,Y,SDG_REGION,REPORTING_TYPE,REPORTING_TYPE_DESC,SOURCE_YEAR,UNIT_MEASURE,UNIT_MEASURE_DESC,TIME_PERIOD,OBS_VALUE__F,OBS_VALUE__M,NATURE__F,NATURE__M,isLatestValue__F,isLatestValue__M
III.9,121f0e02,"Access to anti-retroviral drug, by sex",121f0e02,"Access to anti-retroviral drug, by sex",100,Bulgaria,BGR,25.23763153,42.75731323,Europe and Northern America,G,Global,2019,PT,Percent,2000,33,13,E,E,False,False
III.9,121f0e02,"Access to anti-retroviral drug, by sex",121f0e02,"Access to anti-retroviral drug, by sex",100,Bulgaria,BGR,25.23763153,42.75731323,Europe and Northern America,G,Global,2019,PT,Percent,2010,35,19,E,E,False,False
III.9,121f0e02,"Access to anti-retroviral drug, by sex",121f0e02,"Access to anti-retroviral drug, by sex",100,Bulgaria,BGR,25.23763153,42.75731323,Europe and Northern America,G,Global,2019,PT,Percent,2018,34,43,E,E,True,True
III.9,121f0e02,"Access to anti-retroviral drug, by sex",121f0e02,"Access to anti-retroviral drug, by sex",104,Myanmar,MMR,96.51752295,21.19332882,Eastern and South-Eastern Asia,G,Global,2019,PT,Percent,2000,1,1,E,E,False,False
III.9,121f0e02,"Access to anti-retroviral drug, by sex",121f0e02,"Access to anti-retroviral drug, by sex",104,Myanmar,MMR,96.51752295,21.19332882,Eastern and South-Eastern Asia,G,Global,2019,PT,Percent,2010,16,11,E,E,False,False
III.9,121f0e02,"Access to anti-retroviral drug, by sex",121f0e02,"Access to anti-retroviral drug, by sex",104,Myanmar,MMR,96.51752295,21.19332882,Eastern and South-Eastern Asia,G,Global,2019,PT,Percent,2018,81,63,E,E,True,True
III.9,121f0e02,"Access to anti-retroviral drug, by sex",121f0e02,"Access to anti-retroviral drug, by sex",108,Burundi,BDI,29.89080992,-3.366387428,Sub-Saharan Africa,G,Global,2019,PT,Percent,2000,1,1,E,E,False,False
III.9,121f0e02,"Access to anti-retroviral drug, by sex",121f0e02,"Access to anti-retroviral drug, by sex",108,Burundi,BDI,29.89080992,-3.366387428,Sub-Saharan Africa,G,Global,2019,PT,Percent,2010,29,28,E,E,False,False
III.9,121f0e02,"Access to anti-retroviral drug, by sex",121f0e02,"Access to anti-retroviral drug, by sex",108,Burundi,BDI,29.89080992,-3.366387428,Sub-Saharan Africa,G,Global,2019,PT,Percent,2018,93,78,E,E,True,True
III.9,121f0e02,"Access to anti-retroviral drug, by sex",121f0e02,"Access to anti-retroviral drug, by sex",112,Belarus,BLR,28.04940161,53.54193075,Europe and Northern America,G,Global,2019,PT,Percent,2000,1,1,E,E,False,False
III.9,121f0e02,"Access to anti-retroviral drug, by sex",121f0e02,"Access to anti-retroviral drug, by sex",112,Belarus,BLR,28.04940161,53.54193075,Europe and Northern America,G,Global,2019,PT,Percent,2010,21,19,E,E,False,False
III.9,121f0e02,"Access to anti-retroviral drug, by sex",121f0e02,"Access to anti-retroviral drug, by sex",112,Belarus,BLR,28.04940161,53.54193075,Europe and Northern America,G,Global,2019,PT,Percent,2018,61,57,E,E,True,True
III.9,121f0e02,"Access to anti-retroviral drug, by sex",121f0e02,"Access to anti-retroviral drug, by sex",116,Cambodia,KHM,104.922836,12.71163737,Eastern and South-Eastern Asia,G,Global,2019,PT,Percent,2000,1,1,E,E,False,False
III.9,121f0e02,"Access to anti-retroviral drug, by sex",121f0e02,"Access to anti-retroviral drug, by sex",116,Cambodia,KHM,104.922836,12.71163737,Eastern and South-Eastern Asia,G,Global,2019,PT,Percent,2010,53,50,E,E,False,False
III.9,121f0e02,"Access to anti-retroviral drug, by sex",121f0e02,"Access to anti-retroviral drug, by sex",116,Cambodia,KHM,104.922836,12.71163737,Eastern and South-Eastern Asia,G,Global,2019,PT,Percent,2018,82,80,E,E,True,True
III.9,121f0e02,"Access to anti-retroviral drug, by sex",121f0e02,"Access to anti-retroviral drug, by sex",12,Algeria,DZA,2.678164227,28.15940032,Northern Africa and Western Asia,G,Global,2019,PT,Percent,2000,9,9,E,E,False,False
III.9,121f0e02,"Access to anti-retroviral drug, by sex",121f0e02,"Access to anti-retroviral drug, by sex",12,Algeria,DZA,2.678164227,28.15940032,Northern Africa and Western Asia,G,Global,2019,PT,Percent,2010,35,27,E,E,False,False
III.9,121f0e02,"Access to anti-retroviral drug, by sex",121f0e02,"Access to anti-retroviral drug, by sex",12,Algeria,DZA,2.678164227,28.15940032,Northern Africa and Western Asia,G,Global,2019,PT,Percent,2018,83,74,E,E,True,True
III.9,121f0e02,"Access to anti-retroviral drug, by sex",121f0e02,"Access to anti-retroviral drug, by sex",120,Cameroon,CMR,12.7419827,5.692387031,Sub-Saharan Africa,G,Global,2019,PT,Percent,2000,1,1,E,E,False,False
III.9,121f0e02,"Access to anti-retroviral drug, by sex",121f0e02,"Access to anti-retroviral drug, by sex",120,Cameroon,CMR,12.7419827,5.692387031,Sub-Saharan Africa,G,Global,2019,PT,Percent,2010,16,22,E,E,False,False
III.9,121f0e02,"Access to anti-retroviral drug, by sex",121f0e02,"Access to anti-retroviral drug, by sex",120,Cameroon,CMR,12.7419827,5.692387031,Sub-Saharan Africa,G,Global,2019,PT,Percent,2018,59,47,E,E,True,True
III.9,121f0e02,"Access to anti-retroviral drug, by sex",121f0e02,"Access to anti-retroviral drug, by sex",132,Cabo Verde,CPV,-23.63544151,15.07791834,Sub-Saharan Africa,G,Global,2019,PT,Percent,2000,1,1,E,E,False,False
III.9,121f0e02,"Access to anti-retroviral drug, by sex",121f0e02,"Access to anti-retroviral drug, by sex",132,Cabo Verde,CPV,-23.63544151,15.07791834,Sub-Saharan Africa,G,Global,2019,PT,Percent,2010,29,28,E,E,False,False
III.9,121f0e02,"Access to anti-retroviral drug, by sex",121f0e02,"Access to anti-retroviral drug, by sex",132,Cabo Verde,CPV,-23.63544151,15.07791834,Sub-Saharan Africa,G,Global,2019,PT,Percent,2018,94,81,E,E,True,True
III.9,121f0e02,"Access to anti-retroviral drug, by sex",121f0e02,"Access to anti-retroviral drug, by sex",140,Central African Republic,CAF,20.93559492,7.003720791,Sub-Saharan Africa,G,Global,2019,PT,Percent,2000,1,1,E,E,False,False
III.9,121f0e02,"Access to anti-retroviral drug, by sex",121f0e02,"Access to anti-retroviral drug, by sex",140,Central African Republic,CAF,20.93559492,7.003720791,Sub-Saharan Africa,G,Global,2019,PT,Percent,2010,12,12,E,E,False,False
III.9,121f0e02,"Access to anti-retroviral drug, by sex",121f0e02,"Access to anti-retroviral drug, by sex",140,Central African Republic,CAF,20.93559492,7.003720791,Sub-Saharan Africa,G,Global,2019,PT,Percent,2018,44,28,E,E,True,True
III.9,121f0e02,"Access to anti-retroviral drug, by sex",121f0e02,"Access to anti-retroviral drug, by sex",144,Sri Lanka,LKA,80.70489654,7.614693343,Central and Southern Asia,G,Global,2019,PT,Percent,2000,1,1,E,E,False,False
III.9,121f0e02,"Access to anti-retroviral drug, by sex",121f0e02,"Access to anti-retroviral drug, by sex",144,Sri Lanka,LKA,80.70489654,7.614693343,Central and Southern Asia,G,Global,2019,PT,Percent,2010,9,5,E,E,False,False
III.9,121f0e02,"Access to anti-retroviral drug, by sex",121f0e02,"Access to anti-retroviral drug, by sex",144,Sri Lanka,LKA,80.70489654,7.614693343,Central and Southern Asia,G,Global,2019,PT,Percent,2018,45,44,E,E,True,True
III.9,121f0e02,"Access to anti-retroviral drug, by sex",121f0e02,"Access to anti-retroviral drug, by sex",148,Chad,TCD,18.66618401,15.36279341,Sub-Saharan Africa,G,Global,2019,PT,Percent,2000,1,1,E,E,False,False
III.9,121f0e02,"Access to anti-retroviral drug, by sex",121f0e02,"Access to anti-retroviral drug, by sex",148,Chad,TCD,18.66618401,15.36279341,Sub-Saharan Africa,G,Global,2019,PT,Percent,2010,42,33,E,E,False,False
III.9,121f0e02,"Access to anti-retroviral drug, by sex",121f0e02,"Access to anti-retroviral drug, by sex",148,Chad,TCD,18.66618401,15.36279341,Sub-Saharan Africa,G,Global,2019,PT,Percent,2018,67,42,E,E,True,True
III.9,121f0e02,"Access to anti-retroviral drug, by sex",121f0e02,"Access to anti-retroviral drug, by sex",152,Chile,CHL,-71.23029019,-35.2652885,Latin America and the Caribbean,G,Global,2019,PT,Percent,2000,11,12,E,E,False,False
III.9,121f0e02,"Access to anti-retroviral drug, by sex",121f0e02,"Access to anti-retroviral drug, by sex",152,Chile,CHL,-71.23029019,-35.2652885,Latin America and the Caribbean,G,Global,2019,PT,Percent,2010,39,36,E,E,False,False
III.9,121f0e02,"Access to anti-retroviral drug, by sex",121f0e02,"Access to anti-retroviral drug, by sex",152,Chile,CHL,-71.23029019,-35.2652885,Latin America and the Caribbean,G,Global,2019,PT,Percent,2018,53,65,E,E,True,True
III.9,121f0e02,"Access to anti-retroviral drug, by sex",121f0e02,"Access to anti-retroviral drug, by sex",170,Colombia,COL,-73.07446751,3.888209046,Latin America and the Caribbean,G,Global,2019,PT,Percent,2000,1,1,E,E,False,False
III.9,121f0e02,"Access to anti-retroviral drug, by sex",121f0e02,"Access to anti-retroviral drug, by sex",170,Colombia,COL,-73.07446751,3.888209046,Latin America and the Caribbean,G,Global,2019,PT,Percent,2010,22,17,E,E,False,False
III.9,121f0e02,"Access to anti-retroviral drug, by sex",121f0e02,"Access to anti-retroviral drug, by sex",170,Colombia,COL,-73.07446751,3.888209046,Latin America and the Caribbean,G,Global,2019,PT,Percent,2018,77,73,E,E,True,True
III.9,121f0e02,"Access to anti-retroviral drug, by sex",121f0e02,"Access to anti-retroviral drug, by sex",174,Comoros,COM,43.34234565,-11.66121732,Sub-Saharan Africa,G,Global,2019,PT,Percent,2000,1,1,E,E,False,False
III.9,121f0e02,"Access to anti-retroviral drug, by sex",121f0e02,"Access to anti-retroviral drug, by sex",174,Comoros,COM,43.34234565,-11.66121732,Sub-Saharan Africa,G,Global,2019,PT,Percent,2010,18,23,E,E,False,False
III.9,121f0e02,"Access to anti-retroviral drug, by sex",121f0e02,"Access to anti-retroviral drug, by sex",174,Comoros,COM,43.34234565,-11.66121732,Sub-Saharan Africa,G,Global,2019,PT,Percent,2018,63,95,E,E,True,True
III.9,121f0e02,"Access to anti-retroviral drug, by sex",121f0e02,"Access to anti-retroviral drug, by sex",178,Congo,COG,15.22052612,-0.840544119,Sub-Saharan Africa,G,Global,2019,PT,Percent,2000,1,1,E,E,False,False
III.9,121f0e02,"Access to anti-retroviral drug, by sex",121f0e02,"Access to anti-retroviral drug, by sex",178,Congo,COG,15.22052612,-0.840544119,Sub-Saharan Africa,G,Global,2019,PT,Percent,2010,16,25,E,E,False,False
III.9,121f0e02,"Access to anti-retroviral drug, by sex",121f0e02,"Access to anti-retroviral drug, by sex",178,Congo,COG,15.22052612,-0.840544119,Sub-Saharan Africa,G,Global,2019,PT,Percent,2018,36,36,E,E,True,True
III.9,121f0e02,"Access to anti-retroviral drug, by sex",121f0e02,"Access to anti-retroviral drug, by sex",180,Democratic Republic of the Congo,COD,23.65496507,-2.877154732,Sub-Saharan Africa,G,Global,2019,PT,Percent,2000,1,1,E,E,False,False
III.9,121f0e02,"Access to anti-retroviral drug, by sex",121f0e02,"Access to anti-retroviral drug, by sex",180,Democratic Republic of the Congo,COD,23.65496507,-2.877154732,Sub-Saharan Africa,G,Global,2019,PT,Percent,2010,9,15,E,E,False,False
III.9,121f0e02,"Access to anti-retroviral drug, by sex",121f0e02,"Access to anti-retroviral drug, by sex",180,Democratic Republic of the Congo,COD,23.65496507,-2.877154732,Sub-Saharan Africa,G,Global,2019,PT,Percent,2018,58,73,E,E,True,True
III.9,121f0e02,"Access to anti-retroviral drug, by sex",121f0e02,"Access to anti-retroviral drug, by sex",188,Costa Rica,CRI,-84.19712782,9.970998683,Latin America and the Caribbean,G,Global,2019,PT,Percent,2000,10,7,E,E,False,False
III.9,121f0e02,"Access to anti-retroviral drug, by sex",121f0e02,"Access to anti-retroviral drug, by sex",188,Costa Rica,CRI,-84.19712782,9.970998683,Latin America and the Caribbean,G,Global,2019,PT,Percent,2010,33,37,E,E,False,False
III.9,121f0e02,"Access to anti-retroviral drug, by sex",121f0e02,"Access to anti-retroviral drug, by sex",188,Costa Rica,CRI,-84.19712782,9.970998683,Latin America and the Caribbean,G,Global,2019,PT,Percent,2018,60,46,E,E,True,True
III.9,121f0e02,"Access to anti-retroviral drug, by sex",121f0e02,"Access to anti-retroviral drug, by sex",191,Croatia,HRV,17.95874553,45.45172212,Europe and Northern America,G,Global,2019,PT,Percent,2000,58,28,E,E,False,False
III.9,121f0e02,"Access to anti-retroviral drug, by sex",121f0e02,"Access to anti-retroviral drug, by sex",191,Croatia,HRV,17.95874553,45.45172212,Europe and Northern America,G,Global,2019,PT,Percent,2010,67,47,E,E,False,False
III.9,121f0e02,"Access to anti-retroviral drug, by sex",121f0e02,"Access to anti-retroviral drug, by sex",191,Croatia,HRV,17.95874553,45.45172212,Europe and Northern America,G,Global,2019,PT,Percent,2018,65,76,E,E,True,True
III.9,121f0e02,"Access to anti-retroviral drug, by sex",121f0e02,"Access to anti-retroviral drug, by sex",192,Cuba,CUB,-79.54460144,22.10030366,Latin America and the Caribbean,G,Global,2019,PT,Percent,2000,2,1,E,E,False,False
III.9,121f0e02,"Access to anti-retroviral drug, by sex",121f0e02,"Access to anti-retroviral drug, by sex",192,Cuba,CUB,-79.54460144,22.10030366,Latin America and the Caribbean,G,Global,2019,PT,Percent,2010,40,34,E,E,False,False
III.9,121f0e02,"Access to anti-retroviral drug, by sex",121f0e02,"Access to anti-retroviral drug, by sex",192,Cuba,CUB,-79.54460144,22.10030366,Latin America and the Caribbean,G,Global,2019,PT,Percent,2018,80,70,E,E,True,True
III.9,121f0e02,"Access to anti-retroviral drug, by sex",121f0e02,"Access to anti-retroviral drug, by sex",203,Czechia,CZE,15.33151382,49.73913871,Europe and Northern America,G,Global,2019,PT,Percent,2000,47,36,E,E,False,False
III.9,121f0e02,"Access to anti-retroviral drug, by sex",121f0e02,"Access to anti-retroviral drug, by sex",203,Czechia,CZE,15.33151382,49.73913871,Europe and Northern America,G,Global,2019,PT,Percent,2010,49,40,E,E,False,False
III.9,121f0e02,"Access to anti-retroviral drug, by sex",121f0e02,"Access to anti-retroviral drug, by sex",203,Czechia,CZE,15.33151382,49.73913871,Europe and Northern America,G,Global,2019,PT,Percent,2018,60,60,E,E,True,True
III.9,121f0e02,"Access to anti-retroviral drug, by sex",121f0e02,"Access to anti-retroviral drug, by sex",204,Benin,BEN,2.339933594,9.65401646,Sub-Saharan Africa,G,Global,2019,PT,Percent,2000,1,1,E,E,False,False
III.9,121f0e02,"Access to anti-retroviral drug, by sex",121f0e02,"Access to anti-retroviral drug, by sex",204,Benin,BEN,2.339933594,9.65401646,Sub-Saharan Africa,G,Global,2019,PT,Percent,2010,41,24,E,E,False,False
III.9,121f0e02,"Access to anti-retroviral drug, by sex",121f0e02,"Access to anti-retroviral drug, by sex",204,Benin,BEN,2.339933594,9.65401646,Sub-Saharan Africa,G,Global,2019,PT,Percent,2018,77,38,E,E,True,True
III.9,121f0e02,"Access to anti-retroviral drug, by sex",121f0e02,"Access to anti-retroviral drug, by sex",208,Denmark,DNK,9.326571283,56.03829721,Europe and Northern America,G,Global,2019,PT,Percent,2000,39,45,E,E,False,False
III.9,121f0e02,"Access to anti-retroviral drug, by sex",121f0e02,"Access to anti-retroviral drug, by sex",208,Denmark,DNK,9.326571283,56.03829721,Europe and Northern America,G,Global,2019,PT,Percent,2010,63,65,E,E,False,False
III.9,121f0e02,"Access to anti-retroviral drug, by sex",121f0e02,"Access to anti-retroviral drug, by sex",208,Denmark,DNK,9.326571283,56.03829721,Europe and Northern America,G,Global,2019,PT,Percent,2018,90,88,E,E,True,True
III.9,121f0e02,"Access to anti-retroviral drug, by sex",121f0e02,"Access to anti-retroviral drug, by sex",214,Dominican Republic,DOM,-70.49847576,18.89832088,Latin America and the Caribbean,G,Global,2019,PT,Percent,2000,1,1,E,E,False,False
III.9,121f0e02,"Access to anti-retroviral drug, by sex",121f0e02,"Access to anti-retroviral drug, by sex",214,Dominican Republic,DOM,-70.49847576,18.89832088,Latin America and the Caribbean,G,Global,2019,PT,Percent,2010,23,17,E,E,False,False
III.9,121f0e02,"Access to anti-retroviral drug, by sex",121f0e02,"Access to anti-retroviral drug, by sex",214,Dominican Republic,DOM,-70.49847576,18.89832088,Latin America and the Caribbean,G,Global,2019,PT,Percent,2018,60,51,E,E,True,True
III.9,121f0e02,"Access to anti-retroviral drug, by sex",121f0e02,"Access to anti-retroviral drug, by sex",218,Ecuador,ECU,-78.37005241,-1.447785891,Latin America and the Caribbean,G,Global,2019,PT,Percent,2000,2,1,E,E,False,False
III.9,121f0e02,"Access to anti-retroviral drug, by sex",121f0e02,"Access to anti-retroviral drug, by sex",218,Ecuador,ECU,-78.37005241,-1.447785891,Latin America and the Caribbean,G,Global,2019,PT,Percent,2010,20,21,E,E,False,False
III.9,121f0e02,"Access to anti-retroviral drug, by sex",121f0e02,"Access to anti-retroviral drug, by sex",218,Ecuador,ECU,-78.37005241,-1.447785891,Latin America and the Caribbean,G,Global,2019,PT,Percent,2018,62,55,E,E,True,True
III.9,121f0e02,"Access to anti-retroviral drug, by sex",121f0e02,"Access to anti-retroviral drug, by sex",222,El Salvador,SLV,-88.86862995,13.73603564,Latin America and the Caribbean,G,Global,2019,PT,Percent,2000,1,1,E,E,False,False
III.9,121f0e02,"Access to anti-retroviral drug, by sex",121f0e02,"Access to anti-retroviral drug, by sex",222,El Salvador,SLV,-88.86862995,13.73603564,Latin America and the Caribbean,G,Global,2019,PT,Percent,2010,33,33,E,E,False,False
III.9,121f0e02,"Access to anti-retroviral drug, by sex",121f0e02,"Access to anti-retroviral drug, by sex",222,El Salvador,SLV,-88.86862995,13.73603564,Latin America and the Caribbean,G,Global,2019,PT,Percent,2018,52,44,E,E,True,True
III.9,121f0e02,"Access to anti-retroviral drug, by sex",121f0e02,"Access to anti-retroviral drug, by sex",226,Equatorial Guinea,GNQ,10.46535826,1.565792376,Sub-Saharan Africa,G,Global,2019,PT,Percent,2000,1,1,E,E,False,False
III.9,121f0e02,"Access to anti-retroviral drug, by sex",121f0e02,"Access to anti-retroviral drug, by sex",226,Equatorial Guinea,GNQ,10.46535826,1.565792376,Sub-Saharan Africa,G,Global,2019,PT,Percent,2010,8,6,E,E,False,False
III.9,121f0e02,"Access to anti-retroviral drug, by sex",121f0e02,"Access to anti-retroviral drug, by sex",226,Equatorial Guinea,GNQ,10.46535826,1.565792376,Sub-Saharan Africa,G,Global,2019,PT,Percent,2018,53,18,E,E,True,True
III.9,121f0e02,"Access to anti-retroviral drug, by sex",121f0e02,"Access to anti-retroviral drug, by sex",231,Ethiopia,ETH,39.63505296,8.631223181,Sub-Saharan Africa,G,Global,2019,PT,Percent,2000,1,1,E,E,False,False
III.9,121f0e02,"Access to anti-retroviral drug, by sex",121f0e02,"Access to anti-retroviral drug, by sex",231,Ethiopia,ETH,39.63505296,8.631223181,Sub-Saharan Africa,G,Global,2019,PT,Percent,2010,36,38,E,E,False,False
III.9,121f0e02,"Access to anti-retroviral drug, by sex",121f0e02,"Access to anti-retroviral drug, by sex",231,Ethiopia,ETH,39.63505296,8.631223181,Sub-Saharan Africa,G,Global,2019,PT,Percent,2018,65,66,E,E,True,True
III.9,121f0e02,"Access to anti-retroviral drug, by sex",121f0e02,"Access to anti-retroviral drug, by sex",232,Eritrea,ERI,38.11074289,16.12894644,Sub-Saharan Africa,G,Global,2019,PT,Percent,2000,1,1,E,E,False,False
III.9,121f0e02,"Access to anti-retroviral drug, by sex",121f0e02,"Access to anti-retroviral drug, by sex",232,Eritrea,ERI,38.11074289,16.12894644,Sub-Saharan Africa,G,Global,2019,PT,Percent,2010,27,33,E,E,False,False
III.9,121f0e02,"Access to anti-retroviral drug, by sex",121f0e02,"Access to anti-retroviral drug, by sex",232,Eritrea,ERI,38.11074289,16.12894644,Sub-Saharan Africa,G,Global,2019,PT,Percent,2018,53,50,E,E,True,True
III.9,121f0e02,"Access to anti-retroviral drug, by sex",121f0e02,"Access to anti-retroviral drug, by sex",233,Estonia,EST,25.84093481,58.68487172,Europe and Northern America,G,Global,2019,PT,Percent,2000,1,1,E,E,False,False
III.9,121f0e02,"Access to anti-retroviral drug, by sex",121f0e02,"Access to anti-retroviral drug, by sex",233,Estonia,EST,25.84093481,58.68487172,Europe and Northern America,G,Global,2019,PT,Percent,2010,35,28,E,E,False,False
III.9,121f0e02,"Access to anti-retroviral drug, by sex",121f0e02,"Access to anti-retroviral drug, by sex",233,Estonia,EST,25.84093481,58.68487172,Europe and Northern America,G,Global,2019,PT,Percent,2018,67,55,E,E,True,True
III.9,121f0e02,"Access to anti-retroviral drug, by sex",121f0e02,"Access to anti-retroviral drug, by sex",24,Angola,AGO,17.57817062,-12.33724746,Sub-Saharan Africa,G,Global,2019,PT,Percent,2000,1,1,E,E,False,False
III.9,121f0e02,"Access to anti-retroviral drug, by sex",121f0e02,"Access to anti-retroviral drug, by sex",24,Angola,AGO,17.57817062,-12.33724746,Sub-Saharan Africa,G,Global,2019,PT,Percent,2010,10,13,E,E,False,False
III.9,121f0e02,"Access to anti-retroviral drug, by sex",121f0e02,"Access to anti-retroviral drug, by sex",24,Angola,AGO,17.57817062,-12.33724746,Sub-Saharan Africa,G,Global,2019,PT,Percent,2018,27,30,E,E,True,True
III.9,121f0e02,"Access to anti-retroviral drug, by sex",121f0e02,"Access to anti-retroviral drug, by sex",246,Finland,FIN,23.308447,61.91586738,Europe and Northern America,G,Global,2019,PT,Percent,2000,26,28,E,E,False,False
III.9,121f0e02,"Access to anti-retroviral drug, by sex",121f0e02,"Access to anti-retroviral drug, by sex",246,Finland,FIN,23.308447,61.91586738,Europe and Northern America,G,Global,2019,PT,Percent,2010,65,63,E,E,False,False
III.9,121f0e02,"Access to anti-retroviral drug, by sex",121f0e02,"Access to anti-retroviral drug, by sex",246,Finland,FIN,23.308447,61.91586738,Europe and Northern America,G,Global,2019,PT,Percent,2018,76,76,E,E,True,True
III.9,121f0e02,"Access to anti-retroviral drug, by sex",121f0e02,"Access to anti-retroviral drug, by sex",250,France,FRA,2.457288129,46.62660861,Europe and Northern America,G,Global,2019,PT,Percent,2000,63,73,E,E,False,False
III.9,121f0e02,"Access to anti-retroviral drug, by sex",121f0e02,"Access to anti-retroviral drug, by sex",250,France,FRA,2.457288129,46.62660861,Europe and Northern America,G,Global,2019,PT,Percent,2010,66,88,E,E,False,False
III.9,121f0e02,"Access to anti-retroviral drug, by sex",121f0e02,"Access to anti-retroviral drug, by sex",250,France,FRA,2.457288129,46.62660861,Europe and Northern America,G,Global,2019,PT,Percent,2018,75,85,E,E,True,True
III.9,121f0e02,"Access to anti-retroviral drug, by sex",121f0e02,"Access to anti-retroviral drug, by sex",262,Djibouti,DJI,42.18274707,11.56004161,Sub-Saharan Africa,G,Global,2019,PT,Percent,2000,1,1,E,E,False,False
III.9,121f0e02,"Access to anti-retroviral drug, by sex",121f0e02,"Access to anti-retroviral drug, by sex",262,Djibouti,DJI,42.18274707,11.56004161,Sub-Saharan Africa,G,Global,2019,PT,Percent,2010,11,12,E,E,False,False
III.9,121f0e02,"Access to anti-retroviral drug, by sex",121f0e02,"Access to anti-retroviral drug, by sex",262,Djibouti,DJI,42.18274707,11.56004161,Sub-Saharan Africa,G,Global,2019,PT,Percent,2018,34,30,E,E,True,True
III.9,121f0e02,"Access to anti-retroviral drug, by sex",121f0e02,"Access to anti-retroviral drug, by sex",266,Gabon,GAB,11.78727747,-0.60687619,Sub-Saharan Africa,G,Global,2019,PT,Percent,2000,1,1,E,E,False,False
III.9,121f0e02,"Access to anti-retroviral drug, by sex",121f0e02,"Access to anti-retroviral drug, by sex",266,Gabon,GAB,11.78727747,-0.60687619,Sub-Saharan Africa,G,Global,2019,PT,Percent,2010,22,39,E,E,False,False
III.9,121f0e02,"Access to anti-retroviral drug, by sex",121f0e02,"Access to anti-retroviral drug, by sex",266,Gabon,GAB,11.78727747,-0.60687619,Sub-Saharan Africa,G,Global,2019,PT,Percent,2018,65,74,E,E,True,True
III.9,121f0e02,"Access to anti-retroviral drug, by sex",121f0e02,"Access to anti-retroviral drug, by sex",268,Georgia,GEO,43.3713615,42.04813028,Northern Africa and Western Asia,G,Global,2019,PT,Percent,2000,1,1,E,E,False,False
III.9,121f0e02,"Access to anti-retroviral drug, by sex",121f0e02,"Access to anti-retroviral drug, by sex",268,Georgia,GEO,43.3713615,42.04813028,Northern Africa and Western Asia,G,Global,2019,PT,Percent,2010,13,15,E,E,False,False
III.9,121f0e02,"Access to anti-retroviral drug, by sex",121f0e02,"Access to anti-retroviral drug, by sex",268,Georgia,GEO,43.3713615,42.04813028,Northern Africa and Western Asia,G,Global,2019,PT,Percent,2018,48,50,E,E,True,True
III.9,121f0e02,"Access to anti-retroviral drug, by sex",121f0e02,"Access to anti-retroviral drug, by sex",270,Gambia,GMB,-15.39944785,13.45295927,Sub-Saharan Africa,G,Global,2019,PT,Percent,2000,1,1,E,E,False,False
III.9,121f0e02,"Access to anti-retroviral drug, by sex",121f0e02,"Access to anti-retroviral drug, by sex",270,Gambia,GMB,-15.39944785,13.45295927,Sub-Saharan Africa,G,Global,2019,PT,Percent,2010,11,11,E,E,False,False
III.9,121f0e02,"Access to anti-retroviral drug, by sex",121f0e02,"Access to anti-retroviral drug, by sex",270,Gambia,GMB,-15.39944785,13.45295927,Sub-Saharan Africa,G,Global,2019,PT,Percent,2018,37,17,E,E,True,True
III.9,121f0e02,"Access to anti-retroviral drug, by sex",121f0e02,"Access to anti-retroviral drug, by sex",276,Germany,DEU,10.3806066,51.08862743,Europe and Northern America,G,Global,2019,PT,Percent,2000,66,69,E,E,False,False
III.9,121f0e02,"Access to anti-retroviral drug, by sex",121f0e02,"Access to anti-retroviral drug, by sex",276,Germany,DEU,10.3806066,51.08862743,Europe and Northern America,G,Global,2019,PT,Percent,2010,67,65,E,E,False,False
III.9,121f0e02,"Access to anti-retroviral drug, by sex",121f0e02,"Access to anti-retroviral drug, by sex",276,Germany,DEU,10.3806066,51.08862743,Europe and Northern America,G,Global,2019,PT,Percent,2018,74,81,E,E,True,True
III.9,121f0e02,"Access to anti-retroviral drug, by sex",121f0e02,"Access to anti-retroviral drug, by sex",288,Ghana,GHA,-1.205623522,7.964825185,Sub-Saharan Africa,G,Global,2019,PT,Percent,2000,1,1,E,E,False,False
III.9,121f0e02,"Access to anti-retroviral drug, by sex",121f0e02,"Access to anti-retroviral drug, by sex",288,Ghana,GHA,-1.205623522,7.964825185,Sub-Saharan Africa,G,Global,2019,PT,Percent,2010,13,18,E,E,False,False
III.9,121f0e02,"Access to anti-retroviral drug, by sex",121f0e02,"Access to anti-retroviral drug, by sex",288,Ghana,GHA,-1.205623522,7.964825185,Sub-Saharan Africa,G,Global,2019,PT,Percent,2018,40,25,E,E,True,True
III.9,121f0e02,"Access to anti-retroviral drug, by sex",121f0e02,"Access to anti-retroviral drug, by sex",32,Argentina,ARG,-65.14563274,-35.19446255,Latin America and the Caribbean,G,Global,2019,PT,Percent,2000,18,18,E,E,False,False
III.9,121f0e02,"Access to anti-retroviral drug, by sex",121f0e02,"Access to anti-retroviral drug, by sex",32,Argentina,ARG,-65.14563274,-35.19446255,Latin America and the Caribbean,G,Global,2019,PT,Percent,2010,52,42,E,E,False,False
III.9,121f0e02,"Access to anti-retroviral drug, by sex",121f0e02,"Access to anti-retroviral drug, by sex",32,Argentina,ARG,-65.14563274,-35.19446255,Latin America and the Caribbean,G,Global,2019,PT,Percent,2018,69,57,E,E,True,True
III.9,121f0e02,"Access to anti-retroviral drug, by sex",121f0e02,"Access to anti-retroviral drug, by sex",320,Guatemala,GTM,-91.2312746,15.00273719,Latin America and the Caribbean,G,Global,2019,PT,Percent,2000,1,1,E,E,False,False
III.9,121f0e02,"Access to anti-retroviral drug, by sex",121f0e02,"Access to anti-retroviral drug, by sex",320,Guatemala,GTM,-91.2312746,15.00273719,Latin America and the Caribbean,G,Global,2019,PT,Percent,2010,20,28,E,E,False,False
III.9,121f0e02,"Access to anti-retroviral drug, by sex",121f0e02,"Access to anti-retroviral drug, by sex",320,Guatemala,GTM,-91.2312746,15.00273719,Latin America and the Caribbean,G,Global,2019,PT,Percent,2018,38,47,E,E,True,True
III.9,121f0e02,"Access to anti-retroviral drug, by sex",121f0e02,"Access to anti-retroviral drug, by sex",324,Guinea,GIN,-11.28173419,11.00210343,Sub-Saharan Africa,G,Global,2019,PT,Percent,2000,1,1,E,E,False,False
III.9,121f0e02,"Access to anti-retroviral drug, by sex",121f0e02,"Access to anti-retroviral drug, by sex",324,Guinea,GIN,-11.28173419,11.00210343,Sub-Saharan Africa,G,Global,2019,PT,Percent,2010,19,23,E,E,False,False
III.9,121f0e02,"Access to anti-retroviral drug, by sex",121f0e02,"Access to anti-retroviral drug, by sex",324,Guinea,GIN,-11.28173419,11.00210343,Sub-Saharan Africa,G,Global,2019,PT,Percent,2018,50,30,E,E,True,True
III.9,121f0e02,"Access to anti-retroviral drug, by sex",121f0e02,"Access to anti-retroviral drug, by sex",328,Guyana,GUY,-58.97322037,4.788012784,Latin America and the Caribbean,G,Global,2019,PT,Percent,2000,1,1,E,E,False,False
III.9,121f0e02,"Access to anti-retroviral drug, by sex",121f0e02,"Access to anti-retroviral drug, by sex",328,Guyana,GUY,-58.97322037,4.788012784,Latin America and the Caribbean,G,Global,2019,PT,Percent,2010,49,41,E,E,False,False
III.9,121f0e02,"Access to anti-retroviral drug, by sex",121f0e02,"Access to anti-retroviral drug, by sex",328,Guyana,GUY,-58.97322037,4.788012784,Latin America and the Caribbean,G,Global,2019,PT,Percent,2018,78,61,E,E,True,True
III.9,121f0e02,"Access to anti-retroviral drug, by sex",121f0e02,"Access to anti-retroviral drug, by sex",332,Haiti,HTI,-72.33640958,18.40426539,Latin America and the Caribbean,G,Global,2019,PT,Percent,2000,1,1,E,E,False,False
III.9,121f0e02,"Access to anti-retroviral drug, by sex",121f0e02,"Access to anti-retroviral drug, by sex",332,Haiti,HTI,-72.33640958,18.40426539,Latin America and the Caribbean,G,Global,2019,PT,Percent,2010,22,21,E,E,False,False
III.9,121f0e02,"Access to anti-retroviral drug, by sex",121f0e02,"Access to anti-retroviral drug, by sex",332,Haiti,HTI,-72.33640958,18.40426539,Latin America and the Caribbean,G,Global,2019,PT,Percent,2018,63,52,E,E,True,True
III.9,121f0e02,"Access to anti-retroviral drug, by sex",121f0e02,"Access to anti-retroviral drug, by sex",340,Honduras,HND,-86.59974381,14.82243161,Latin America and the Caribbean,G,Global,2019,PT,Percent,2000,1,1,E,E,False,False
III.9,121f0e02,"Access to anti-retroviral drug, by sex",121f0e02,"Access to anti-retroviral drug, by sex",340,Honduras,HND,-86.59974381,14.82243161,Latin America and the Caribbean,G,Global,2019,PT,Percent,2010,39,22,E,E,False,False
III.9,121f0e02,"Access to anti-retroviral drug, by sex",121f0e02,"Access to anti-retroviral drug, by sex",340,Honduras,HND,-86.59974381,14.82243161,Latin America and the Caribbean,G,Global,2019,PT,Percent,2018,61,44,E,E,True,True
III.9,121f0e02,"Access to anti-retroviral drug, by sex",121f0e02,"Access to anti-retroviral drug, by sex",348,Hungary,HUN,19.41221519,47.1651448,Europe and Northern America,G,Global,2019,PT,Percent,2000,31,31,E,E,False,False
III.9,121f0e02,"Access to anti-retroviral drug, by sex",121f0e02,"Access to anti-retroviral drug, by sex",348,Hungary,HUN,19.41221519,47.1651448,Europe and Northern America,G,Global,2019,PT,Percent,2010,28,31,E,E,False,False
III.9,121f0e02,"Access to anti-retroviral drug, by sex",121f0e02,"Access to anti-retroviral drug, by sex",348,Hungary,HUN,19.41221519,47.1651448,Europe and Northern America,G,Global,2019,PT,Percent,2018,41,58,E,E,True,True
III.9,121f0e02,"Access to anti-retroviral drug, by sex",121f0e02,"Access to anti-retroviral drug, by sex",352,Iceland,ISL,-19.02116966,64.79134763,Europe and Northern America,G,Global,2019,PT,Percent,2000,58,27,E,E,False,False
III.9,121f0e02,"Access to anti-retroviral drug, by sex",121f0e02,"Access to anti-retroviral drug, by sex",352,Iceland,ISL,-19.02116966,64.79134763,Europe and Northern America,G,Global,2019,PT,Percent,2010,94,58,E,E,False,False
III.9,121f0e02,"Access to anti-retroviral drug, by sex",121f0e02,"Access to anti-retroviral drug, by sex",352,Iceland,ISL,-19.02116966,64.79134763,Europe and Northern America,G,Global,2019,PT,Percent,2018,95,74,E,E,True,True
III.9,121f0e02,"Access to anti-retroviral drug, by sex",121f0e02,"Access to anti-retroviral drug, by sex",36,Australia,AUS,134.3499412,-25.57717202,Australia and New Zealand,G,Global,2019,PT,Percent,2000,54,49,E,E,False,False
III.9,121f0e02,"Access to anti-retroviral drug, by sex",121f0e02,"Access to anti-retroviral drug, by sex",36,Australia,AUS,134.3499412,-25.57717202,Australia and New Zealand,G,Global,2019,PT,Percent,2010,63,62,E,E,False,False
III.9,121f0e02,"Access to anti-retroviral drug, by sex",121f0e02,"Access to anti-retroviral drug, by sex",36,Australia,AUS,134.3499412,-25.57717202,Australia and New Zealand,G,Global,2019,PT,Percent,2018,83,82,E,E,True,True
III.9,121f0e02,"Access to anti-retroviral drug, by sex",121f0e02,"Access to anti-retroviral drug, by sex",360,Indonesia,IDN,113.9174,-0.994582204,Eastern and South-Eastern Asia,G,Global,2019,PT,Percent,2000,1,1,E,E,False,False
III.9,121f0e02,"Access to anti-retroviral drug, by sex",121f0e02,"Access to anti-retroviral drug, by sex",360,Indonesia,IDN,113.9174,-0.994582204,Eastern and South-Eastern Asia,G,Global,2019,PT,Percent,2010,4,4,E,E,False,False
III.9,121f0e02,"Access to anti-retroviral drug, by sex",121f0e02,"Access to anti-retroviral drug, by sex",360,Indonesia,IDN,113.9174,-0.994582204,Eastern and South-Eastern Asia,G,Global,2019,PT,Percent,2018,17,17,E,E,True,True
III.9,121f0e02,"Access to anti-retroviral drug, by sex",121f0e02,"Access to anti-retroviral drug, by sex",364,Iran (Islamic Republic of),IRN,54.19766348,32.74370885,Central and Southern Asia,G,Global,2019,PT,Percent,2000,1,1,E,E,False,False
III.9,121f0e02,"Access to anti-retroviral drug, by sex",121f0e02,"Access to anti-retroviral drug, by sex",364,Iran (Islamic Republic of),IRN,54.19766348,32.74370885,Central and Southern Asia,G,Global,2019,PT,Percent,2010,4,3,E,E,False,False
III.9,121f0e02,"Access to anti-retroviral drug, by sex",121f0e02,"Access to anti-retroviral drug, by sex",364,Iran (Islamic Republic of),IRN,54.19766348,32.74370885,Central and Southern Asia,G,Global,2019,PT,Percent,2018,27,17,E,E,True,True
III.9,121f0e02,"Access to anti-retroviral drug, by sex",121f0e02,"Access to anti-retroviral drug, by sex",372,Ireland,IRL,-7.121425272,53.25274054,Europe and Northern America,G,Global,2019,PT,Percent,2000,40,45,E,E,False,False
III.9,121f0e02,"Access to anti-retroviral drug, by sex",121f0e02,"Access to anti-retroviral drug, by sex",372,Ireland,IRL,-7.121425272,53.25274054,Europe and Northern America,G,Global,2019,PT,Percent,2010,60,60,E,E,False,False
III.9,121f0e02,"Access to anti-retroviral drug, by sex",121f0e02,"Access to anti-retroviral drug, by sex",372,Ireland,IRL,-7.121425272,53.25274054,Europe and Northern America,G,Global,2019,PT,Percent,2018,76,81,E,E,True,True
III.9,121f0e02,"Access to anti-retroviral drug, by sex",121f0e02,"Access to anti-retroviral drug, by sex",380,Italy,ITA,12.57022427,42.79917282,Europe and Northern America,G,Global,2019,PT,Percent,2000,33,30,E,E,False,False
III.9,121f0e02,"Access to anti-retroviral drug, by sex",121f0e02,"Access to anti-retroviral drug, by sex",380,Italy,ITA,12.57022427,42.79917282,Europe and Northern America,G,Global,2019,PT,Percent,2010,68,67,E,E,False,False
III.9,121f0e02,"Access to anti-retroviral drug, by sex",121f0e02,"Access to anti-retroviral drug, by sex",380,Italy,ITA,12.57022427,42.79917282,Europe and Northern America,G,Global,2019,PT,Percent,2018,90,92,E,E,True,True
III.9,121f0e02,"Access to anti-retroviral drug, by sex",121f0e02,"Access to anti-retroviral drug, by sex",384,Côte d'Ivoire,CIV,-5.552690016,7.62211586,Sub-Saharan Africa,G,Global,2019,PT,Percent,2000,1,1,E,E,False,False
III.9,121f0e02,"Access to anti-retroviral drug, by sex",121f0e02,"Access to anti-retroviral drug, by sex",384,Côte d'Ivoire,CIV,-5.552690016,7.62211586,Sub-Saharan Africa,G,Global,2019,PT,Percent,2010,22,13,E,E,False,False
III.9,121f0e02,"Access to anti-retroviral drug, by sex",121f0e02,"Access to anti-retroviral drug, by sex",384,Côte d'Ivoire,CIV,-5.552690016,7.62211586,Sub-Saharan Africa,G,Global,2019,PT,Percent,2018,67,39,E,E,True,True
III.9,121f0e02,"Access to anti-retroviral drug, by sex",121f0e02,"Access to anti-retroviral drug, by sex",388,Jamaica,JAM,-77.31068409,18.15616857,Latin America and the Caribbean,G,Global,2019,PT,Percent,2000,1,1,E,E,False,False
III.9,121f0e02,"Access to anti-retroviral drug, by sex",121f0e02,"Access to anti-retroviral drug, by sex",388,Jamaica,JAM,-77.31068409,18.15616857,Latin America and the Caribbean,G,Global,2019,PT,Percent,2010,21,12,E,E,False,False
III.9,121f0e02,"Access to anti-retroviral drug, by sex",121f0e02,"Access to anti-retroviral drug, by sex",388,Jamaica,JAM,-77.31068409,18.15616857,Latin America and the Caribbean,G,Global,2019,PT,Percent,2018,47,22,E,E,True,True
III.9,121f0e02,"Access to anti-retroviral drug, by sex",121f0e02,"Access to anti-retroviral drug, by sex",392,Japan,JPN,139.2716103,36.6554539,Eastern and South-Eastern Asia,G,Global,2019,PT,Percent,2000,24,26,E,E,False,False
III.9,121f0e02,"Access to anti-retroviral drug, by sex",121f0e02,"Access to anti-retroviral drug, by sex",392,Japan,JPN,139.2716103,36.6554539,Eastern and South-Eastern Asia,G,Global,2019,PT,Percent,2010,55,57,E,E,False,False
III.9,121f0e02,"Access to anti-retroviral drug, by sex",121f0e02,"Access to anti-retroviral drug, by sex",392,Japan,JPN,139.2716103,36.6554539,Eastern and South-Eastern Asia,G,Global,2019,PT,Percent,2018,80,80,E,E,True,True
III.9,121f0e02,"Access to anti-retroviral drug, by sex",121f0e02,"Access to anti-retroviral drug, by sex",398,Kazakhstan,KAZ,66.65359159,48.01963494,Central and Southern Asia,G,Global,2019,PT,Percent,2000,1,1,E,E,False,False
III.9,121f0e02,"Access to anti-retroviral drug, by sex",121f0e02,"Access to anti-retroviral drug, by sex",398,Kazakhstan,KAZ,66.65359159,48.01963494,Central and Southern Asia,G,Global,2019,PT,Percent,2010,10,9,E,E,False,False
III.9,121f0e02,"Access to anti-retroviral drug, by sex",121f0e02,"Access to anti-retroviral drug, by sex",398,Kazakhstan,KAZ,66.65359159,48.01963494,Central and Southern Asia,G,Global,2019,PT,Percent,2018,69,51,E,E,True,True
III.9,121f0e02,"Access to anti-retroviral drug, by sex",121f0e02,"Access to anti-retroviral drug, by sex",4,Afghanistan,AFG,66.02688198,33.83160199,Central and Southern Asia,G,Global,2019,PT,Percent,2000,1,1,E,E,False,False
III.9,121f0e02,"Access to anti-retroviral drug, by sex",121f0e02,"Access to anti-retroviral drug, by sex",4,Afghanistan,AFG,66.02688198,33.83160199,Central and Southern Asia,G,Global,2019,PT,Percent,2010,1,1,E,E,False,False
III.9,121f0e02,"Access to anti-retroviral drug, by sex",121f0e02,"Access to anti-retroviral drug, by sex",4,Afghanistan,AFG,66.02688198,33.83160199,Central and Southern Asia,G,Global,2019,PT,Percent,2018,12,13,E,E,True,True
III.9,121f0e02,"Access to anti-retroviral drug, by sex",121f0e02,"Access to anti-retroviral drug, by sex",400,Jordan,JOR,37.13024774,30.65365973,Northern Africa and Western Asia,G,Global,2019,PT,Percent,2000,1,1,E,E,False,False
III.9,121f0e02,"Access to anti-retroviral drug, by sex",121f0e02,"Access to anti-retroviral drug, by sex",400,Jordan,JOR,37.13024774,30.65365973,Northern Africa and Western Asia,G,Global,2019,PT,Percent,2010,44,51,E,E,False,False
III.9,121f0e02,"Access to anti-retroviral drug, by sex",121f0e02,"Access to anti-retroviral drug, by sex",400,Jordan,JOR,37.13024774,30.65365973,Northern Africa and Western Asia,G,Global,2019,PT,Percent,2018,75,87,E,E,True,True
III.9,121f0e02,"Access to anti-retroviral drug, by sex",121f0e02,"Access to anti-retroviral drug, by sex",404,Kenya,KEN,37.86096816,0.534797278,Sub-Saharan Africa,G,Global,2019,PT,Percent,2000,1,1,E,E,False,False
III.9,121f0e02,"Access to anti-retroviral drug, by sex",121f0e02,"Access to anti-retroviral drug, by sex",404,Kenya,KEN,37.86096816,0.534797278,Sub-Saharan Africa,G,Global,2019,PT,Percent,2010,29,35,E,E,False,False
III.9,121f0e02,"Access to anti-retroviral drug, by sex",121f0e02,"Access to anti-retroviral drug, by sex",404,Kenya,KEN,37.86096816,0.534797278,Sub-Saharan Africa,G,Global,2019,PT,Percent,2018,75,59,E,E,True,True
III.9,121f0e02,"Access to anti-retroviral drug, by sex",121f0e02,"Access to anti-retroviral drug, by sex",414,Kuwait,KWT,47.49305029,29.53949468,Northern Africa and Western Asia,G,Global,2019,PT,Percent,2000,40,43,E,E,False,False
III.9,121f0e02,"Access to anti-retroviral drug, by sex",121f0e02,"Access to anti-retroviral drug, by sex",414,Kuwait,KWT,47.49305029,29.53949468,Northern Africa and Western Asia,G,Global,2019,PT,Percent,2010,34,39,E,E,False,False
III.9,121f0e02,"Access to anti-retroviral drug, by sex",121f0e02,"Access to anti-retroviral drug, by sex",414,Kuwait,KWT,47.49305029,29.53949468,Northern Africa and Western Asia,G,Global,2019,PT,Percent,2018,52,65,E,E,True,True
III.9,121f0e02,"Access to anti-retroviral drug, by sex",121f0e02,"Access to anti-retroviral drug, by sex",417,Kyrgyzstan,KGZ,74.52324839,41.46204516,Central and Southern Asia,G,Global,2019,PT,Percent,2000,1,1,E,E,False,False
III.9,121f0e02,"Access to anti-retroviral drug, by sex",121f0e02,"Access to anti-retroviral drug, by sex",417,Kyrgyzstan,KGZ,74.52324839,41.46204516,Central and Southern Asia,G,Global,2019,PT,Percent,2010,7,4,E,E,False,False
III.9,121f0e02,"Access to anti-retroviral drug, by sex",121f0e02,"Access to anti-retroviral drug, by sex",417,Kyrgyzstan,KGZ,74.52324839,41.46204516,Central and Southern Asia,G,Global,2019,PT,Percent,2018,54,33,E,E,True,True
III.9,121f0e02,"Access to anti-retroviral drug, by sex",121f0e02,"Access to anti-retroviral drug, by sex",418,Lao People's Democratic Republic,LAO,101.9901968,20.27482773,Eastern and South-Eastern Asia,G,Global,2019,PT,Percent,2000,1,1,E,E,False,False
III.9,121f0e02,"Access to anti-retroviral drug, by sex",121f0e02,"Access to anti-retroviral drug, by sex",418,Lao People's Democratic Republic,LAO,101.9901968,20.27482773,Eastern and South-Eastern Asia,G,Global,2019,PT,Percent,2010,18,16,E,E,False,False
III.9,121f0e02,"Access to anti-retroviral drug, by sex",121f0e02,"Access to anti-retroviral drug, by sex",418,Lao People's Democratic Republic,LAO,101.9901968,20.27482773,Eastern and South-Eastern Asia,G,Global,2019,PT,Percent,2018,57,54,E,E,True,True
III.9,121f0e02,"Access to anti-retroviral drug, by sex",121f0e02,"Access to anti-retroviral drug, by sex",422,Lebanon,LBN,35.89391711,33.92152458,Northern Africa and Western Asia,G,Global,2019,PT,Percent,2000,3,2,E,E,False,False
III.9,121f0e02,"Access to anti-retroviral drug, by sex",121f0e02,"Access to anti-retroviral drug, by sex",422,Lebanon,LBN,35.89391711,33.92152458,Northern Africa and Western Asia,G,Global,2019,PT,Percent,2010,20,29,E,E,False,False
III.9,121f0e02,"Access to anti-retroviral drug, by sex",121f0e02,"Access to anti-retroviral drug, by sex",422,Lebanon,LBN,35.89391711,33.92152458,Northern Africa and Western Asia,G,Global,2019,PT,Percent,2018,37,65,E,E,True,True
III.9,121f0e02,"Access to anti-retroviral drug, by sex",121f0e02,"Access to anti-retroviral drug, by sex",426,Lesotho,LSO,28.25362195,-29.58041814,Sub-Saharan Africa,G,Global,2019,PT,Percent,2000,1,1,E,E,False,False
III.9,121f0e02,"Access to anti-retroviral drug, by sex",121f0e02,"Access to anti-retroviral drug, by sex",426,Lesotho,LSO,28.25362195,-29.58041814,Sub-Saharan Africa,G,Global,2019,PT,Percent,2010,34,27,E,E,False,False
III.9,121f0e02,"Access to anti-retroviral drug, by sex",121f0e02,"Access to anti-retroviral drug, by sex",426,Lesotho,LSO,28.25362195,-29.58041814,Sub-Saharan Africa,G,Global,2019,PT,Percent,2018,65,54,E,E,True,True
III.9,121f0e02,"Access to anti-retroviral drug, by sex",121f0e02,"Access to anti-retroviral drug, by sex",428,Latvia,LVA,26.42461876,56.64196636,Europe and Northern America,G,Global,2019,PT,Percent,2000,1,1,E,E,False,False
III.9,121f0e02,"Access to anti-retroviral drug, by sex",121f0e02,"Access to anti-retroviral drug, by sex",428,Latvia,LVA,26.42461876,56.64196636,Europe and Northern America,G,Global,2019,PT,Percent,2010,11,12,E,E,False,False
III.9,121f0e02,"Access to anti-retroviral drug, by sex",121f0e02,"Access to anti-retroviral drug, by sex",428,Latvia,LVA,26.42461876,56.64196636,Europe and Northern America,G,Global,2019,PT,Percent,2018,45,45,E,E,True,True
III.9,121f0e02,"Access to anti-retroviral drug, by sex",121f0e02,"Access to anti-retroviral drug, by sex",430,Liberia,LBR,-9.311879038,6.448381009,Sub-Saharan Africa,G,Global,2019,PT,Percent,2000,1,1,E,E,False,False
III.9,121f0e02,"Access to anti-retroviral drug, by sex",121f0e02,"Access to anti-retroviral drug, by sex",430,Liberia,LBR,-9.311879038,6.448381009,Sub-Saharan Africa,G,Global,2019,PT,Percent,2010,12,12,E,E,False,False
III.9,121f0e02,"Access to anti-retroviral drug, by sex",121f0e02,"Access to anti-retroviral drug, by sex",430,Liberia,LBR,-9.311879038,6.448381009,Sub-Saharan Africa,G,Global,2019,PT,Percent,2018,45,25,E,E,True,True
III.9,121f0e02,"Access to anti-retroviral drug, by sex",121f0e02,"Access to anti-retroviral drug, by sex",434,Libya,LBY,18.0295985,27.04042819,Northern Africa and Western Asia,G,Global,2019,PT,Percent,2000,5,18,E,E,False,False
III.9,121f0e02,"Access to anti-retroviral drug, by sex",121f0e02,"Access to anti-retroviral drug, by sex",434,Libya,LBY,18.0295985,27.04042819,Northern Africa and Western Asia,G,Global,2019,PT,Percent,2010,25,31,E,E,False,False
III.9,121f0e02,"Access to anti-retroviral drug, by sex",121f0e02,"Access to anti-retroviral drug, by sex",434,Libya,LBY,18.0295985,27.04042819,Northern Africa and Western Asia,G,Global,2019,PT,Percent,2018,47,43,E,E,True,True
III.9,121f0e02,"Access to anti-retroviral drug, by sex",121f0e02,"Access to anti-retroviral drug, by sex",44,Bahamas,BHS,-78.05111663,24.69546597,Latin America and the Caribbean,G,Global,2019,PT,Percent,2000,1,1,E,E,False,False
III.9,121f0e02,"Access to anti-retroviral drug, by sex",121f0e02,"Access to anti-retroviral drug, by sex",44,Bahamas,BHS,-78.05111663,24.69546597,Latin America and the Caribbean,G,Global,2019,PT,Percent,2010,27,21,E,E,False,False
III.9,121f0e02,"Access to anti-retroviral drug, by sex",121f0e02,"Access to anti-retroviral drug, by sex",44,Bahamas,BHS,-78.05111663,24.69546597,Latin America and the Caribbean,G,Global,2019,PT,Percent,2018,58,49,E,E,True,True
III.9,121f0e02,"Access to anti-retroviral drug, by sex",121f0e02,"Access to anti-retroviral drug, by sex",442,Luxembourg,LUX,6.092656563,49.77679538,Europe and Northern America,G,Global,2019,PT,Percent,2000,38,48,E,E,False,False
III.9,121f0e02,"Access to anti-retroviral drug, by sex",121f0e02,"Access to anti-retroviral drug, by sex",442,Luxembourg,LUX,6.092656563,49.77679538,Europe and Northern America,G,Global,2019,PT,Percent,2010,56,57,E,E,False,False
III.9,121f0e02,"Access to anti-retroviral drug, by sex",121f0e02,"Access to anti-retroviral drug, by sex",442,Luxembourg,LUX,6.092656563,49.77679538,Europe and Northern America,G,Global,2019,PT,Percent,2018,78,76,E,E,True,True
III.9,121f0e02,"Access to anti-retroviral drug, by sex",121f0e02,"Access to anti-retroviral drug, by sex",450,Madagascar,MDG,46.6982339,-19.38514785,Sub-Saharan Africa,G,Global,2019,PT,Percent,2000,1,1,E,E,False,False
III.9,121f0e02,"Access to anti-retroviral drug, by sex",121f0e02,"Access to anti-retroviral drug, by sex",450,Madagascar,MDG,46.6982339,-19.38514785,Sub-Saharan Africa,G,Global,2019,PT,Percent,2010,2,1,E,E,False,False
III.9,121f0e02,"Access to anti-retroviral drug, by sex",121f0e02,"Access to anti-retroviral drug, by sex",450,Madagascar,MDG,46.6982339,-19.38514785,Sub-Saharan Africa,G,Global,2019,PT,Percent,2018,16,6,E,E,True,True
III.9,121f0e02,"Access to anti-retroviral drug, by sex",121f0e02,"Access to anti-retroviral drug, by sex",454,Malawi,MWI,33.4884625,-13.40819859,Sub-Saharan Africa,G,Global,2019,PT,Percent,2000,1,1,E,E,False,False
III.9,121f0e02,"Access to anti-retroviral drug, by sex",121f0e02,"Access to anti-retroviral drug, by sex",454,Malawi,MWI,33.4884625,-13.40819859,Sub-Saharan Africa,G,Global,2019,PT,Percent,2010,33,28,E,E,False,False
III.9,121f0e02,"Access to anti-retroviral drug, by sex",121f0e02,"Access to anti-retroviral drug, by sex",454,Malawi,MWI,33.4884625,-13.40819859,Sub-Saharan Africa,G,Global,2019,PT,Percent,2018,86,68,E,E,True,True
III.9,121f0e02,"Access to anti-retroviral drug, by sex",121f0e02,"Access to anti-retroviral drug, by sex",458,Malaysia,MYS,116.8346314,5.452415309,Eastern and South-Eastern Asia,G,Global,2019,PT,Percent,2000,1,1,E,E,False,False
III.9,121f0e02,"Access to anti-retroviral drug, by sex",121f0e02,"Access to anti-retroviral drug, by sex",458,Malaysia,MYS,116.8346314,5.452415309,Eastern and South-Eastern Asia,G,Global,2019,PT,Percent,2010,23,15,E,E,False,False
III.9,121f0e02,"Access to anti-retroviral drug, by sex",121f0e02,"Access to anti-retroviral drug, by sex",458,Malaysia,MYS,116.8346314,5.452415309,Eastern and South-Eastern Asia,G,Global,2019,PT,Percent,2018,71,43,E,E,True,True
III.9,121f0e02,"Access to anti-retroviral drug, by sex",121f0e02,"Access to anti-retroviral drug, by sex",466,Mali,MLI,-3.522016039,17.35311254,Sub-Saharan Africa,G,Global,2019,PT,Percent,2000,1,1,E,E,False,False
III.9,121f0e02,"Access to anti-retroviral drug, by sex",121f0e02,"Access to anti-retroviral drug, by sex",466,Mali,MLI,-3.522016039,17.35311254,Sub-Saharan Africa,G,Global,2019,PT,Percent,2010,22,26,E,E,False,False
III.9,121f0e02,"Access to anti-retroviral drug, by sex",121f0e02,"Access to anti-retroviral drug, by sex",466,Mali,MLI,-3.522016039,17.35311254,Sub-Saharan Africa,G,Global,2019,PT,Percent,2018,35,29,E,E,True,True
III.9,121f0e02,"Access to anti-retroviral drug, by sex",121f0e02,"Access to anti-retroviral drug, by sex",478,Mauritania,MRT,-10.33187259,20.26089546,Sub-Saharan Africa,G,Global,2019,PT,Percent,2000,1,1,E,E,False,False
III.9,121f0e02,"Access to anti-retroviral drug, by sex",121f0e02,"Access to anti-retroviral drug, by sex",478,Mauritania,MRT,-10.33187259,20.26089546,Sub-Saharan Africa,G,Global,2019,PT,Percent,2010,42,15,E,E,False,False
III.9,121f0e02,"Access to anti-retroviral drug, by sex",121f0e02,"Access to anti-retroviral drug, by sex",478,Mauritania,MRT,-10.33187259,20.26089546,Sub-Saharan Africa,G,Global,2019,PT,Percent,2018,75,41,E,E,True,True
III.9,121f0e02,"Access to anti-retroviral drug, by sex",121f0e02,"Access to anti-retroviral drug, by sex",48,Bahrain,BHR,50.5490754,26.04407747,Northern Africa and Western Asia,G,Global,2019,PT,Percent,2018,65,65,E,E,True,True
III.9,121f0e02,"Access to anti-retroviral drug, by sex",121f0e02,"Access to anti-retroviral drug, by sex",480,Mauritius,MUS,57.568022,-20.28581998,Sub-Saharan Africa,G,Global,2019,PT,Percent,2000,1,1,E,E,False,False
III.9,121f0e02,"Access to anti-retroviral drug, by sex",121f0e02,"Access to anti-retroviral drug, by sex",480,Mauritius,MUS,57.568022,-20.28581998,Sub-Saharan Africa,G,Global,2019,PT,Percent,2010,4,7,E,E,False,False
III.9,121f0e02,"Access to anti-retroviral drug, by sex",121f0e02,"Access to anti-retroviral drug, by sex",480,Mauritius,MUS,57.568022,-20.28581998,Sub-Saharan Africa,G,Global,2019,PT,Percent,2018,19,23,E,E,True,True
III.9,121f0e02,"Access to anti-retroviral drug, by sex",121f0e02,"Access to anti-retroviral drug, by sex",496,Mongolia,MNG,103.0728057,46.83892054,Eastern and South-Eastern Asia,G,Global,2019,PT,Percent,2000,1,1,E,E,False,False
III.9,121f0e02,"Access to anti-retroviral drug, by sex",121f0e02,"Access to anti-retroviral drug, by sex",496,Mongolia,MNG,103.0728057,46.83892054,Eastern and South-Eastern Asia,G,Global,2019,PT,Percent,2010,7,6,E,E,False,False
III.9,121f0e02,"Access to anti-retroviral drug, by sex",121f0e02,"Access to anti-retroviral drug, by sex",496,Mongolia,MNG,103.0728057,46.83892054,Eastern and South-Eastern Asia,G,Global,2019,PT,Percent,2018,30,33,E,E,True,True
III.9,121f0e02,"Access to anti-retroviral drug, by sex",121f0e02,"Access to anti-retroviral drug, by sex",498,Republic of Moldova,MDA,28.4650624,47.20236795,Europe and Northern America,G,Global,2019,PT,Percent,2000,1,1,E,E,False,False
III.9,121f0e02,"Access to anti-retroviral drug, by sex",121f0e02,"Access to anti-retroviral drug, by sex",498,Republic of Moldova,MDA,28.4650624,47.20236795,Europe and Northern America,G,Global,2019,PT,Percent,2010,7,8,E,E,False,False
III.9,121f0e02,"Access to anti-retroviral drug, by sex",121f0e02,"Access to anti-retroviral drug, by sex",498,Republic of Moldova,MDA,28.4650624,47.20236795,Europe and Northern America,G,Global,2019,PT,Percent,2018,41,29,E,E,True,True
III.9,121f0e02,"Access to anti-retroviral drug, by sex",121f0e02,"Access to anti-retroviral drug, by sex",499,Montenegro,MNE,19.25214024,42.78717043,Europe and Northern America,G,Global,2019,PT,Percent,2000,17,5,E,E,False,False
III.9,121f0e02,"Access to anti-retroviral drug, by sex",121f0e02,"Access to anti-retroviral drug, by sex",499,Montenegro,MNE,19.25214024,42.78717043,Europe and Northern America,G,Global,2019,PT,Percent,2010,24,28,E,E,False,False
III.9,121f0e02,"Access to anti-retroviral drug, by sex",121f0e02,"Access to anti-retroviral drug, by sex",499,Montenegro,MNE,19.25214024,42.78717043,Europe and Northern America,G,Global,2019,PT,Percent,2018,38,41,E,E,True,True
III.9,121f0e02,"Access to anti-retroviral drug, by sex",121f0e02,"Access to anti-retroviral drug, by sex",50,Bangladesh,BGD,89.17660788,22.86961622,Central and Southern Asia,G,Global,2019,PT,Percent,2000,1,1,E,E,False,False
III.9,121f0e02,"Access to anti-retroviral drug, by sex",121f0e02,"Access to anti-retroviral drug, by sex",50,Bangladesh,BGD,89.17660788,22.86961622,Central and Southern Asia,G,Global,2019,PT,Percent,2010,7,5,E,E,False,False
III.9,121f0e02,"Access to anti-retroviral drug, by sex",121f0e02,"Access to anti-retroviral drug, by sex",50,Bangladesh,BGD,89.17660788,22.86961622,Central and Southern Asia,G,Global,2019,PT,Percent,2018,21,22,E,E,True,True
III.9,121f0e02,"Access to anti-retroviral drug, by sex",121f0e02,"Access to anti-retroviral drug, by sex",504,Morocco,MAR,-6.281942841,31.8440131,Northern Africa and Western Asia,G,Global,2019,PT,Percent,2000,1,1,E,E,False,False
III.9,121f0e02,"Access to anti-retroviral drug, by sex",121f0e02,"Access to anti-retroviral drug, by sex",504,Morocco,MAR,-6.281942841,31.8440131,Northern Africa and Western Asia,G,Global,2019,PT,Percent,2010,20,17,E,E,False,False
III.9,121f0e02,"Access to anti-retroviral drug, by sex",121f0e02,"Access to anti-retroviral drug, by sex",504,Morocco,MAR,-6.281942841,31.8440131,Northern Africa and Western Asia,G,Global,2019,PT,Percent,2018,76,54,E,E,True,True
III.9,121f0e02,"Access to anti-retroviral drug, by sex",121f0e02,"Access to anti-retroviral drug, by sex",508,Mozambique,MOZ,38.18479941,-14.27963886,Sub-Saharan Africa,G,Global,2019,PT,Percent,2000,1,1,E,E,False,False
III.9,121f0e02,"Access to anti-retroviral drug, by sex",121f0e02,"Access to anti-retroviral drug, by sex",508,Mozambique,MOZ,38.18479941,-14.27963886,Sub-Saharan Africa,G,Global,2019,PT,Percent,2010,15,12,E,E,False,False
III.9,121f0e02,"Access to anti-retroviral drug, by sex",121f0e02,"Access to anti-retroviral drug, by sex",508,Mozambique,MOZ,38.18479941,-14.27963886,Sub-Saharan Africa,G,Global,2019,PT,Percent,2018,64,42,E,E,True,True
III.9,121f0e02,"Access to anti-retroviral drug, by sex",121f0e02,"Access to anti-retroviral drug, by sex",51,Armenia,ARM,44.93839317,40.29499741,Northern Africa and Western Asia,G,Global,2019,PT,Percent,2000,1,1,E,E,False,False
III.9,121f0e02,"Access to anti-retroviral drug, by sex",121f0e02,"Access to anti-retroviral drug, by sex",51,Armenia,ARM,44.93839317,40.29499741,Northern Africa and Western Asia,G,Global,2019,PT,Percent,2010,5,9,E,E,False,False
III.9,121f0e02,"Access to anti-retroviral drug, by sex",121f0e02,"Access to anti-retroviral drug, by sex",51,Armenia,ARM,44.93839317,40.29499741,Northern Africa and Western Asia,G,Global,2019,PT,Percent,2018,56,51,E,E,True,True
III.9,121f0e02,"Access to anti-retroviral drug, by sex",121f0e02,"Access to anti-retroviral drug, by sex",512,Oman,OMN,57.87743482,21.98805614,Northern Africa and Western Asia,G,Global,2019,PT,Percent,2000,7,13,E,E,False,False
III.9,121f0e02,"Access to anti-retroviral drug, by sex",121f0e02,"Access to anti-retroviral drug, by sex",512,Oman,OMN,57.87743482,21.98805614,Northern Africa and Western Asia,G,Global,2019,PT,Percent,2010,26,23,E,E,False,False
III.9,121f0e02,"Access to anti-retroviral drug, by sex",121f0e02,"Access to anti-retroviral drug, by sex",512,Oman,OMN,57.87743482,21.98805614,Northern Africa and Western Asia,G,Global,2019,PT,Percent,2018,44,39,E,E,True,True
III.9,121f0e02,"Access to anti-retroviral drug, by sex",121f0e02,"Access to anti-retroviral drug, by sex",516,Namibia,NAM,17.21907885,-22.13817068,Sub-Saharan Africa,G,Global,2019,PT,Percent,2000,1,1,E,E,False,False
III.9,121f0e02,"Access to anti-retroviral drug, by sex",121f0e02,"Access to anti-retroviral drug, by sex",516,Namibia,NAM,17.21907885,-22.13817068,Sub-Saharan Africa,G,Global,2019,PT,Percent,2010,53,42,E,E,False,False
III.9,121f0e02,"Access to anti-retroviral drug, by sex",121f0e02,"Access to anti-retroviral drug, by sex",516,Namibia,NAM,17.21907885,-22.13817068,Sub-Saharan Africa,G,Global,2019,PT,Percent,2018,95,77,E,E,True,True
III.9,121f0e02,"Access to anti-retroviral drug, by sex",121f0e02,"Access to anti-retroviral drug, by sex",52,Barbados,BRB,-59.5346489,13.13648273,Latin America and the Caribbean,G,Global,2019,PT,Percent,2000,1,1,E,E,False,False
III.9,121f0e02,"Access to anti-retroviral drug, by sex",121f0e02,"Access to anti-retroviral drug, by sex",52,Barbados,BRB,-59.5346489,13.13648273,Latin America and the Caribbean,G,Global,2019,PT,Percent,2010,52,31,E,E,False,False
III.9,121f0e02,"Access to anti-retroviral drug, by sex",121f0e02,"Access to anti-retroviral drug, by sex",52,Barbados,BRB,-59.5346489,13.13648273,Latin America and the Caribbean,G,Global,2019,PT,Percent,2018,62,44,E,E,True,True
III.9,121f0e02,"Access to anti-retroviral drug, by sex",121f0e02,"Access to anti-retroviral drug, by sex",524,Nepal,NPL,83.94678863,28.25866332,Central and Southern Asia,G,Global,2019,PT,Percent,2000,1,1,E,E,False,False
III.9,121f0e02,"Access to anti-retroviral drug, by sex",121f0e02,"Access to anti-retroviral drug, by sex",524,Nepal,NPL,83.94678863,28.25866332,Central and Southern Asia,G,Global,2019,PT,Percent,2010,20,13,E,E,False,False
III.9,121f0e02,"Access to anti-retroviral drug, by sex",121f0e02,"Access to anti-retroviral drug, by sex",524,Nepal,NPL,83.94678863,28.25866332,Central and Southern Asia,G,Global,2019,PT,Percent,2018,66,47,E,E,True,True
III.9,121f0e02,"Access to anti-retroviral drug, by sex",121f0e02,"Access to anti-retroviral drug, by sex",528,Netherlands,NLD,5.331480568,51.86728884,Europe and Northern America,G,Global,2019,PT,Percent,2000,46,42,E,E,False,False
III.9,121f0e02,"Access to anti-retroviral drug, by sex",121f0e02,"Access to anti-retroviral drug, by sex",528,Netherlands,NLD,5.331480568,51.86728884,Europe and Northern America,G,Global,2019,PT,Percent,2010,79,61,E,E,True,True
III.9,121f0e02,"Access to anti-retroviral drug, by sex",121f0e02,"Access to anti-retroviral drug, by sex",554,New Zealand,NZL,170.4755673,-43.98721568,Australia and New Zealand,G,Global,2019,PT,Percent,2000,25,35,E,E,False,False
III.9,121f0e02,"Access to anti-retroviral drug, by sex",121f0e02,"Access to anti-retroviral drug, by sex",554,New Zealand,NZL,170.4755673,-43.98721568,Australia and New Zealand,G,Global,2019,PT,Percent,2010,57,56,E,E,False,False
III.9,121f0e02,"Access to anti-retroviral drug, by sex",121f0e02,"Access to anti-retroviral drug, by sex",554,New Zealand,NZL,170.4755673,-43.98721568,Australia and New Zealand,G,Global,2019,PT,Percent,2018,71,73,E,E,True,True
III.9,121f0e02,"Access to anti-retroviral drug, by sex",121f0e02,"Access to anti-retroviral drug, by sex",558,Nicaragua,NIC,-85.03060315,12.84210839,Latin America and the Caribbean,G,Global,2019,PT,Percent,2000,1,1,E,E,False,False
III.9,121f0e02,"Access to anti-retroviral drug, by sex",121f0e02,"Access to anti-retroviral drug, by sex",558,Nicaragua,NIC,-85.03060315,12.84210839,Latin America and the Caribbean,G,Global,2019,PT,Percent,2010,18,16,E,E,False,False
III.9,121f0e02,"Access to anti-retroviral drug, by sex",121f0e02,"Access to anti-retroviral drug, by sex",558,Nicaragua,NIC,-85.03060315,12.84210839,Latin America and the Caribbean,G,Global,2019,PT,Percent,2018,54,53,E,E,True,True
III.9,121f0e02,"Access to anti-retroviral drug, by sex",121f0e02,"Access to anti-retroviral drug, by sex",562,Niger,NER,9.400167877,17.42143036,Sub-Saharan Africa,G,Global,2019,PT,Percent,2000,1,1,E,E,False,False
III.9,121f0e02,"Access to anti-retroviral drug, by sex",121f0e02,"Access to anti-retroviral drug, by sex",562,Niger,NER,9.400167877,17.42143036,Sub-Saharan Africa,G,Global,2019,PT,Percent,2010,27,17,E,E,False,False
III.9,121f0e02,"Access to anti-retroviral drug, by sex",121f0e02,"Access to anti-retroviral drug, by sex",562,Niger,NER,9.400167877,17.42143036,Sub-Saharan Africa,G,Global,2019,PT,Percent,2018,69,39,E,E,True,True
III.9,121f0e02,"Access to anti-retroviral drug, by sex",121f0e02,"Access to anti-retroviral drug, by sex",566,Nigeria,NGA,8.097363256,9.585789025,Sub-Saharan Africa,G,Global,2019,PT,Percent,2000,1,1,E,E,False,False
III.9,121f0e02,"Access to anti-retroviral drug, by sex",121f0e02,"Access to anti-retroviral drug, by sex",566,Nigeria,NGA,8.097363256,9.585789025,Sub-Saharan Africa,G,Global,2019,PT,Percent,2010,28,18,E,E,False,False
III.9,121f0e02,"Access to anti-retroviral drug, by sex",121f0e02,"Access to anti-retroviral drug, by sex",566,Nigeria,NGA,8.097363256,9.585789025,Sub-Saharan Africa,G,Global,2019,PT,Percent,2018,68,37,E,E,True,True
III.9,121f0e02,"Access to anti-retroviral drug, by sex",121f0e02,"Access to anti-retroviral drug, by sex",578,Norway,NOR,11.47846389,61.34311134,Europe and Northern America,G,Global,2019,PT,Percent,2000,36,36,E,E,False,False
III.9,121f0e02,"Access to anti-retroviral drug, by sex",121f0e02,"Access to anti-retroviral drug, by sex",578,Norway,NOR,11.47846389,61.34311134,Europe and Northern America,G,Global,2019,PT,Percent,2010,74,72,E,E,False,False
III.9,121f0e02,"Access to anti-retroviral drug, by sex",121f0e02,"Access to anti-retroviral drug, by sex",578,Norway,NOR,11.47846389,61.34311134,Europe and Northern America,G,Global,2019,PT,Percent,2018,82,82,E,E,True,True
III.9,121f0e02,"Access to anti-retroviral drug, by sex",121f0e02,"Access to anti-retroviral drug, by sex",586,Pakistan,PAK,68.80479684,29.36491634,Central and Southern Asia,G,Global,2019,PT,Percent,2000,1,1,E,E,False,False
III.9,121f0e02,"Access to anti-retroviral drug, by sex",121f0e02,"Access to anti-retroviral drug, by sex",586,Pakistan,PAK,68.80479684,29.36491634,Central and Southern Asia,G,Global,2019,PT,Percent,2010,2,3,E,E,False,False
III.9,121f0e02,"Access to anti-retroviral drug, by sex",121f0e02,"Access to anti-retroviral drug, by sex",586,Pakistan,PAK,68.80479684,29.36491634,Central and Southern Asia,G,Global,2019,PT,Percent,2018,7,11,E,E,True,True
III.9,121f0e02,"Access to anti-retroviral drug, by sex",121f0e02,"Access to anti-retroviral drug, by sex",591,Panama,PAN,-81.26616623,8.450965746,Latin America and the Caribbean,G,Global,2019,PT,Percent,2000,6,7,E,E,False,False
III.9,121f0e02,"Access to anti-retroviral drug, by sex",121f0e02,"Access to anti-retroviral drug, by sex",591,Panama,PAN,-81.26616623,8.450965746,Latin America and the Caribbean,G,Global,2019,PT,Percent,2010,27,26,E,E,False,False
III.9,121f0e02,"Access to anti-retroviral drug, by sex",121f0e02,"Access to anti-retroviral drug, by sex",591,Panama,PAN,-81.26616623,8.450965746,Latin America and the Caribbean,G,Global,2019,PT,Percent,2018,45,57,E,E,True,True
III.9,121f0e02,"Access to anti-retroviral drug, by sex",121f0e02,"Access to anti-retroviral drug, by sex",598,Papua New Guinea,PNG,145.8587761,-6.756057077,"Oceania, exc. Australia and New Zealand",G,Global,2019,PT,Percent,2000,1,1,E,E,False,False
III.9,121f0e02,"Access to anti-retroviral drug, by sex",121f0e02,"Access to anti-retroviral drug, by sex",598,Papua New Guinea,PNG,145.8587761,-6.756057077,"Oceania, exc. Australia and New Zealand",G,Global,2019,PT,Percent,2010,21,21,E,E,False,False
III.9,121f0e02,"Access to anti-retroviral drug, by sex",121f0e02,"Access to anti-retroviral drug, by sex",598,Papua New Guinea,PNG,145.8587761,-6.756057077,"Oceania, exc. Australia and New Zealand",G,Global,2019,PT,Percent,2018,70,61,E,E,True,True
III.9,121f0e02,"Access to anti-retroviral drug, by sex",121f0e02,"Access to anti-retroviral drug, by sex",600,Paraguay,PRY,-60.54854225,-21.70216237,Latin America and the Caribbean,G,Global,2019,PT,Percent,2000,1,1,E,E,False,False
III.9,121f0e02,"Access to anti-retroviral drug, by sex",121f0e02,"Access to anti-retroviral drug, by sex",600,Paraguay,PRY,-60.54854225,-21.70216237,Latin America and the Caribbean,G,Global,2019,PT,Percent,2010,16,14,E,E,False,False
III.9,121f0e02,"Access to anti-retroviral drug, by sex",121f0e02,"Access to anti-retroviral drug, by sex",600,Paraguay,PRY,-60.54854225,-21.70216237,Latin America and the Caribbean,G,Global,2019,PT,Percent,2018,43,39,E,E,True,True
III.9,121f0e02,"Access to anti-retroviral drug, by sex",121f0e02,"Access to anti-retroviral drug, by sex",604,Peru,PER,-71.82093277,-13.58939705,Latin America and the Caribbean,G,Global,2019,PT,Percent,2000,1,1,E,E,False,False
III.9,121f0e02,"Access to anti-retroviral drug, by sex",121f0e02,"Access to anti-retroviral drug, by sex",604,Peru,PER,-71.82093277,-13.58939705,Latin America and the Caribbean,G,Global,2019,PT,Percent,2010,40,28,E,E,False,False
III.9,121f0e02,"Access to anti-retroviral drug, by sex",121f0e02,"Access to anti-retroviral drug, by sex",604,Peru,PER,-71.82093277,-13.58939705,Latin America and the Caribbean,G,Global,2019,PT,Percent,2018,78,73,E,E,True,True
III.9,121f0e02,"Access to anti-retroviral drug, by sex",121f0e02,"Access to anti-retroviral drug, by sex",608,Philippines,PHL,120.8601418,14.16591706,Eastern and South-Eastern Asia,G,Global,2019,PT,Percent,2000,1,1,E,E,False,False
III.9,121f0e02,"Access to anti-retroviral drug, by sex",121f0e02,"Access to anti-retroviral drug, by sex",608,Philippines,PHL,120.8601418,14.16591706,Eastern and South-Eastern Asia,G,Global,2019,PT,Percent,2010,23,7,E,E,False,False
III.9,121f0e02,"Access to anti-retroviral drug, by sex",121f0e02,"Access to anti-retroviral drug, by sex",608,Philippines,PHL,120.8601418,14.16591706,Eastern and South-Eastern Asia,G,Global,2019,PT,Percent,2018,22,45,E,E,True,True
III.9,121f0e02,"Access to anti-retroviral drug, by sex",121f0e02,"Access to anti-retroviral drug, by sex",620,Portugal,PRT,-7.961599811,39.68509315,Europe and Northern America,G,Global,2019,PT,Percent,2000,17,15,E,E,False,False
III.9,121f0e02,"Access to anti-retroviral drug, by sex",121f0e02,"Access to anti-retroviral drug, by sex",620,Portugal,PRT,-7.961599811,39.68509315,Europe and Northern America,G,Global,2019,PT,Percent,2010,54,49,E,E,False,False
III.9,121f0e02,"Access to anti-retroviral drug, by sex",121f0e02,"Access to anti-retroviral drug, by sex",620,Portugal,PRT,-7.961599811,39.68509315,Europe and Northern America,G,Global,2019,PT,Percent,2018,91,90,E,E,True,True
III.9,121f0e02,"Access to anti-retroviral drug, by sex",121f0e02,"Access to anti-retroviral drug, by sex",624,Guinea-Bissau,GNB,-14.40182514,12.11760394,Sub-Saharan Africa,G,Global,2019,PT,Percent,2000,1,1,E,E,False,False
III.9,121f0e02,"Access to anti-retroviral drug, by sex",121f0e02,"Access to anti-retroviral drug, by sex",624,Guinea-Bissau,GNB,-14.40182514,12.11760394,Sub-Saharan Africa,G,Global,2019,PT,Percent,2010,11,12,E,E,False,False
III.9,121f0e02,"Access to anti-retroviral drug, by sex",121f0e02,"Access to anti-retroviral drug, by sex",624,Guinea-Bissau,GNB,-14.40182514,12.11760394,Sub-Saharan Africa,G,Global,2019,PT,Percent,2018,49,17,E,E,True,True
III.9,121f0e02,"Access to anti-retroviral drug, by sex",121f0e02,"Access to anti-retroviral drug, by sex",64,Bhutan,BTN,90.45098484,27.39598568,Central and Southern Asia,G,Global,2019,PT,Percent,2010,9,3,E,E,False,False
III.9,121f0e02,"Access to anti-retroviral drug, by sex",121f0e02,"Access to anti-retroviral drug, by sex",64,Bhutan,BTN,90.45098484,27.39598568,Central and Southern Asia,G,Global,2019,PT,Percent,2018,57,26,E,E,True,True
III.9,121f0e02,"Access to anti-retroviral drug, by sex",121f0e02,"Access to anti-retroviral drug, by sex",642,Romania,ROU,24.98481009,45.83893563,Europe and Northern America,G,Global,2019,PT,Percent,2000,78,47,E,E,False,False
III.9,121f0e02,"Access to anti-retroviral drug, by sex",121f0e02,"Access to anti-retroviral drug, by sex",642,Romania,ROU,24.98481009,45.83893563,Europe and Northern America,G,Global,2019,PT,Percent,2010,75,46,E,E,False,False
III.9,121f0e02,"Access to anti-retroviral drug, by sex",121f0e02,"Access to anti-retroviral drug, by sex",642,Romania,ROU,24.98481009,45.83893563,Europe and Northern America,G,Global,2019,PT,Percent,2018,72,64,E,E,True,True
III.9,121f0e02,"Access to anti-retroviral drug, by sex",121f0e02,"Access to anti-retroviral drug, by sex",646,Rwanda,RWA,29.92310194,-1.999842114,Sub-Saharan Africa,G,Global,2019,PT,Percent,2000,1,1,E,E,False,False
III.9,121f0e02,"Access to anti-retroviral drug, by sex",121f0e02,"Access to anti-retroviral drug, by sex",646,Rwanda,RWA,29.92310194,-1.999842114,Sub-Saharan Africa,G,Global,2019,PT,Percent,2010,42,39,E,E,False,False
III.9,121f0e02,"Access to anti-retroviral drug, by sex",121f0e02,"Access to anti-retroviral drug, by sex",646,Rwanda,RWA,29.92310194,-1.999842114,Sub-Saharan Africa,G,Global,2019,PT,Percent,2018,91,84,E,E,True,True
III.9,121f0e02,"Access to anti-retroviral drug, by sex",121f0e02,"Access to anti-retroviral drug, by sex",68,Bolivia (Plurinational State of),BOL,-64.66224284,-16.71273412,Latin America and the Caribbean,G,Global,2019,PT,Percent,2000,1,1,E,E,False,False
III.9,121f0e02,"Access to anti-retroviral drug, by sex",121f0e02,"Access to anti-retroviral drug, by sex",68,Bolivia (Plurinational State of),BOL,-64.66224284,-16.71273412,Latin America and the Caribbean,G,Global,2019,PT,Percent,2010,6,5,E,E,False,False
III.9,121f0e02,"Access to anti-retroviral drug, by sex",121f0e02,"Access to anti-retroviral drug, by sex",68,Bolivia (Plurinational State of),BOL,-64.66224284,-16.71273412,Latin America and the Caribbean,G,Global,2019,PT,Percent,2018,44,44,E,E,True,True
III.9,121f0e02,"Access to anti-retroviral drug, by sex",121f0e02,"Access to anti-retroviral drug, by sex",686,Senegal,SEN,-14.46636926,14.35920905,Sub-Saharan Africa,G,Global,2019,PT,Percent,2000,1,1,E,E,False,False
III.9,121f0e02,"Access to anti-retroviral drug, by sex",121f0e02,"Access to anti-retroviral drug, by sex",686,Senegal,SEN,-14.46636926,14.35920905,Sub-Saharan Africa,G,Global,2019,PT,Percent,2010,34,24,E,E,False,False
III.9,121f0e02,"Access to anti-retroviral drug, by sex",121f0e02,"Access to anti-retroviral drug, by sex",686,Senegal,SEN,-14.46636926,14.35920905,Sub-Saharan Africa,G,Global,2019,PT,Percent,2018,72,58,E,E,True,True
III.9,121f0e02,"Access to anti-retroviral drug, by sex",121f0e02,"Access to anti-retroviral drug, by sex",688,Serbia,SRB,20.805876,44.03145697,Europe and Northern America,G,Global,2019,PT,Percent,2000,1,1,E,E,False,False
III.9,121f0e02,"Access to anti-retroviral drug, by sex",121f0e02,"Access to anti-retroviral drug, by sex",688,Serbia,SRB,20.805876,44.03145697,Europe and Northern America,G,Global,2019,PT,Percent,2010,46,53,E,E,False,False
III.9,121f0e02,"Access to anti-retroviral drug, by sex",121f0e02,"Access to anti-retroviral drug, by sex",688,Serbia,SRB,20.805876,44.03145697,Europe and Northern America,G,Global,2019,PT,Percent,2018,65,65,E,E,True,True
III.9,121f0e02,"Access to anti-retroviral drug, by sex",121f0e02,"Access to anti-retroviral drug, by sex",694,Sierra Leone,SLE,-11.78306584,8.568604164,Sub-Saharan Africa,G,Global,2019,PT,Percent,2000,1,1,E,E,False,False
III.9,121f0e02,"Access to anti-retroviral drug, by sex",121f0e02,"Access to anti-retroviral drug, by sex",694,Sierra Leone,SLE,-11.78306584,8.568604164,Sub-Saharan Africa,G,Global,2019,PT,Percent,2010,11,11,E,E,False,False
III.9,121f0e02,"Access to anti-retroviral drug, by sex",121f0e02,"Access to anti-retroviral drug, by sex",694,Sierra Leone,SLE,-11.78306584,8.568604164,Sub-Saharan Africa,G,Global,2019,PT,Percent,2018,53,29,E,E,True,True
III.9,121f0e02,"Access to anti-retroviral drug, by sex",121f0e02,"Access to anti-retroviral drug, by sex",70,Bosnia and Herzegovina,BIH,17.78584332,44.16845548,Europe and Northern America,G,Global,2019,PT,Percent,2000,1,1,E,E,False,False
III.9,121f0e02,"Access to anti-retroviral drug, by sex",121f0e02,"Access to anti-retroviral drug, by sex",70,Bosnia and Herzegovina,BIH,17.78584332,44.16845548,Europe and Northern America,G,Global,2019,PT,Percent,2010,34,26,E,E,False,False
III.9,121f0e02,"Access to anti-retroviral drug, by sex",121f0e02,"Access to anti-retroviral drug, by sex",70,Bosnia and Herzegovina,BIH,17.78584332,44.16845548,Europe and Northern America,G,Global,2019,PT,Percent,2018,85,64,E,E,True,True
III.9,121f0e02,"Access to anti-retroviral drug, by sex",121f0e02,"Access to anti-retroviral drug, by sex",703,Slovakia,SVK,19.48495604,48.70741446,Europe and Northern America,G,Global,2019,PT,Percent,2000,10,10,E,E,False,False
III.9,121f0e02,"Access to anti-retroviral drug, by sex",121f0e02,"Access to anti-retroviral drug, by sex",703,Slovakia,SVK,19.48495604,48.70741446,Europe and Northern America,G,Global,2019,PT,Percent,2010,33,29,E,E,False,False
III.9,121f0e02,"Access to anti-retroviral drug, by sex",121f0e02,"Access to anti-retroviral drug, by sex",703,Slovakia,SVK,19.48495604,48.70741446,Europe and Northern America,G,Global,2019,PT,Percent,2018,48,55,E,E,True,True
III.9,121f0e02,"Access to anti-retroviral drug, by sex",121f0e02,"Access to anti-retroviral drug, by sex",704,Viet Nam,VNM,105.802499,10.09643079,Eastern and South-Eastern Asia,G,Global,2019,PT,Percent,2000,1,1,E,E,False,False
III.9,121f0e02,"Access to anti-retroviral drug, by sex",121f0e02,"Access to anti-retroviral drug, by sex",704,Viet Nam,VNM,105.802499,10.09643079,Eastern and South-Eastern Asia,G,Global,2019,PT,Percent,2010,23,22,E,E,False,False
III.9,121f0e02,"Access to anti-retroviral drug, by sex",121f0e02,"Access to anti-retroviral drug, by sex",704,Viet Nam,VNM,105.802499,10.09643079,Eastern and South-Eastern Asia,G,Global,2019,PT,Percent,2018,68,63,E,E,True,True
III.9,121f0e02,"Access to anti-retroviral drug, by sex",121f0e02,"Access to anti-retroviral drug, by sex",706,Somalia,SOM,46.20367477,4.406485729,Sub-Saharan Africa,G,Global,2019,PT,Percent,2000,1,1,E,E,False,False
III.9,121f0e02,"Access to anti-retroviral drug, by sex",121f0e02,"Access to anti-retroviral drug, by sex",706,Somalia,SOM,46.20367477,4.406485729,Sub-Saharan Africa,G,Global,2019,PT,Percent,2010,6,6,E,E,False,False
III.9,121f0e02,"Access to anti-retroviral drug, by sex",121f0e02,"Access to anti-retroviral drug, by sex",706,Somalia,SOM,46.20367477,4.406485729,Sub-Saharan Africa,G,Global,2019,PT,Percent,2018,32,32,E,E,True,True
III.9,121f0e02,"Access to anti-retroviral drug, by sex",121f0e02,"Access to anti-retroviral drug, by sex",710,South Africa,ZAF,24.67184355,-29.99957544,Sub-Saharan Africa,G,Global,2019,PT,Percent,2000,1,1,E,E,False,False
III.9,121f0e02,"Access to anti-retroviral drug, by sex",121f0e02,"Access to anti-retroviral drug, by sex",710,South Africa,ZAF,24.67184355,-29.99957544,Sub-Saharan Africa,G,Global,2019,PT,Percent,2010,24,20,E,E,False,False
III.9,121f0e02,"Access to anti-retroviral drug, by sex",121f0e02,"Access to anti-retroviral drug, by sex",710,South Africa,ZAF,24.67184355,-29.99957544,Sub-Saharan Africa,G,Global,2019,PT,Percent,2018,65,56,E,E,True,True
III.9,121f0e02,"Access to anti-retroviral drug, by sex",121f0e02,"Access to anti-retroviral drug, by sex",716,Zimbabwe,ZWE,29.86909584,-19.00075492,Sub-Saharan Africa,G,Global,2019,PT,Percent,2000,1,1,E,E,False,False
III.9,121f0e02,"Access to anti-retroviral drug, by sex",121f0e02,"Access to anti-retroviral drug, by sex",716,Zimbabwe,ZWE,29.86909584,-19.00075492,Sub-Saharan Africa,G,Global,2019,PT,Percent,2010,32,26,E,E,False,False
III.9,121f0e02,"Access to anti-retroviral drug, by sex",121f0e02,"Access to anti-retroviral drug, by sex",716,Zimbabwe,ZWE,29.86909584,-19.00075492,Sub-Saharan Africa,G,Global,2019,PT,Percent,2018,93,83,E,E,True,True
III.9,121f0e02,"Access to anti-retroviral drug, by sex",121f0e02,"Access to anti-retroviral drug, by sex",72,Botswana,BWA,23.81380223,-22.18810073,Sub-Saharan Africa,G,Global,2019,PT,Percent,2000,1,1,E,E,False,False
III.9,121f0e02,"Access to anti-retroviral drug, by sex",121f0e02,"Access to anti-retroviral drug, by sex",72,Botswana,BWA,23.81380223,-22.18810073,Sub-Saharan Africa,G,Global,2019,PT,Percent,2010,52,44,E,E,False,False
III.9,121f0e02,"Access to anti-retroviral drug, by sex",121f0e02,"Access to anti-retroviral drug, by sex",72,Botswana,BWA,23.81380223,-22.18810073,Sub-Saharan Africa,G,Global,2019,PT,Percent,2018,95,71,E,E,True,True
III.9,121f0e02,"Access to anti-retroviral drug, by sex",121f0e02,"Access to anti-retroviral drug, by sex",724,Spain,ESP,-3.554078296,40.39211472,Europe and Northern America,G,Global,2019,PT,Percent,2000,35,31,E,E,False,False
III.9,121f0e02,"Access to anti-retroviral drug, by sex",121f0e02,"Access to anti-retroviral drug, by sex",724,Spain,ESP,-3.554078296,40.39211472,Europe and Northern America,G,Global,2019,PT,Percent,2010,76,62,E,E,False,False
III.9,121f0e02,"Access to anti-retroviral drug, by sex",121f0e02,"Access to anti-retroviral drug, by sex",724,Spain,ESP,-3.554078296,40.39211472,Europe and Northern America,G,Global,2019,PT,Percent,2018,84,84,E,E,True,True
III.9,121f0e02,"Access to anti-retroviral drug, by sex",121f0e02,"Access to anti-retroviral drug, by sex",728,South Sudan,SSD,30.32618773,7.290839152,Sub-Saharan Africa,G,Global,2019,PT,Percent,2000,1,1,E,E,False,False
III.9,121f0e02,"Access to anti-retroviral drug, by sex",121f0e02,"Access to anti-retroviral drug, by sex",728,South Sudan,SSD,30.32618773,7.290839152,Sub-Saharan Africa,G,Global,2019,PT,Percent,2010,2,2,E,E,False,False
III.9,121f0e02,"Access to anti-retroviral drug, by sex",121f0e02,"Access to anti-retroviral drug, by sex",728,South Sudan,SSD,30.32618773,7.290839152,Sub-Saharan Africa,G,Global,2019,PT,Percent,2018,19,13,E,E,True,True
III.9,121f0e02,"Access to anti-retroviral drug, by sex",121f0e02,"Access to anti-retroviral drug, by sex",729,Sudan,SDN,29.95650159,16.02643066,Northern Africa and Western Asia,G,Global,2019,PT,Percent,2000,1,1,E,E,False,False
III.9,121f0e02,"Access to anti-retroviral drug, by sex",121f0e02,"Access to anti-retroviral drug, by sex",729,Sudan,SDN,29.95650159,16.02643066,Northern Africa and Western Asia,G,Global,2019,PT,Percent,2010,4,6,E,E,False,False
III.9,121f0e02,"Access to anti-retroviral drug, by sex",121f0e02,"Access to anti-retroviral drug, by sex",729,Sudan,SDN,29.95650159,16.02643066,Northern Africa and Western Asia,G,Global,2019,PT,Percent,2018,15,15,E,E,True,True
III.9,121f0e02,"Access to anti-retroviral drug, by sex",121f0e02,"Access to anti-retroviral drug, by sex",740,Suriname,SUR,-55.90626394,4.132603197,Latin America and the Caribbean,G,Global,2019,PT,Percent,2000,1,1,E,E,False,False
III.9,121f0e02,"Access to anti-retroviral drug, by sex",121f0e02,"Access to anti-retroviral drug, by sex",740,Suriname,SUR,-55.90626394,4.132603197,Latin America and the Caribbean,G,Global,2019,PT,Percent,2010,28,20,E,E,False,False
III.9,121f0e02,"Access to anti-retroviral drug, by sex",121f0e02,"Access to anti-retroviral drug, by sex",740,Suriname,SUR,-55.90626394,4.132603197,Latin America and the Caribbean,G,Global,2019,PT,Percent,2018,62,44,E,E,True,True
III.9,121f0e02,"Access to anti-retroviral drug, by sex",121f0e02,"Access to anti-retroviral drug, by sex",748,Eswatini,SWZ,31.50149288,-26.56471011,Sub-Saharan Africa,G,Global,2019,PT,Percent,2000,1,1,E,E,False,False
III.9,121f0e02,"Access to anti-retroviral drug, by sex",121f0e02,"Access to anti-retroviral drug, by sex",748,Eswatini,SWZ,31.50149288,-26.56471011,Sub-Saharan Africa,G,Global,2019,PT,Percent,2010,39,35,E,E,False,False
III.9,121f0e02,"Access to anti-retroviral drug, by sex",121f0e02,"Access to anti-retroviral drug, by sex",748,Eswatini,SWZ,31.50149288,-26.56471011,Sub-Saharan Africa,G,Global,2019,PT,Percent,2018,91,79,E,E,True,True
III.9,121f0e02,"Access to anti-retroviral drug, by sex",121f0e02,"Access to anti-retroviral drug, by sex",760,Syrian Arab Republic,SYR,38.50466565,35.01676176,Northern Africa and Western Asia,G,Global,2019,PT,Percent,2000,1,1,E,E,False,False
III.9,121f0e02,"Access to anti-retroviral drug, by sex",121f0e02,"Access to anti-retroviral drug, by sex",760,Syrian Arab Republic,SYR,38.50466565,35.01676176,Northern Africa and Western Asia,G,Global,2019,PT,Percent,2010,16,13,E,E,False,False
III.9,121f0e02,"Access to anti-retroviral drug, by sex",121f0e02,"Access to anti-retroviral drug, by sex",760,Syrian Arab Republic,SYR,38.50466565,35.01676176,Northern Africa and Western Asia,G,Global,2019,PT,Percent,2018,20,20,E,E,True,True
III.9,121f0e02,"Access to anti-retroviral drug, by sex",121f0e02,"Access to anti-retroviral drug, by sex",762,Tajikistan,TJK,69.294998,38.43069666,Central and Southern Asia,G,Global,2019,PT,Percent,2000,1,1,E,E,False,False
III.9,121f0e02,"Access to anti-retroviral drug, by sex",121f0e02,"Access to anti-retroviral drug, by sex",762,Tajikistan,TJK,69.294998,38.43069666,Central and Southern Asia,G,Global,2019,PT,Percent,2010,7,4,E,E,False,False
III.9,121f0e02,"Access to anti-retroviral drug, by sex",121f0e02,"Access to anti-retroviral drug, by sex",762,Tajikistan,TJK,69.294998,38.43069666,Central and Southern Asia,G,Global,2019,PT,Percent,2018,67,32,E,E,True,True
III.9,121f0e02,"Access to anti-retroviral drug, by sex",121f0e02,"Access to anti-retroviral drug, by sex",764,Thailand,THA,101.0202951,15.13089239,Eastern and South-Eastern Asia,G,Global,2019,PT,Percent,2000,1,1,E,E,False,False
III.9,121f0e02,"Access to anti-retroviral drug, by sex",121f0e02,"Access to anti-retroviral drug, by sex",764,Thailand,THA,101.0202951,15.13089239,Eastern and South-Eastern Asia,G,Global,2019,PT,Percent,2010,40,32,E,E,False,False
III.9,121f0e02,"Access to anti-retroviral drug, by sex",121f0e02,"Access to anti-retroviral drug, by sex",764,Thailand,THA,101.0202951,15.13089239,Eastern and South-Eastern Asia,G,Global,2019,PT,Percent,2018,77,73,E,E,True,True
III.9,121f0e02,"Access to anti-retroviral drug, by sex",121f0e02,"Access to anti-retroviral drug, by sex",768,Togo,TGO,0.97835765,8.532096072,Sub-Saharan Africa,G,Global,2019,PT,Percent,2000,1,1,E,E,False,False
III.9,121f0e02,"Access to anti-retroviral drug, by sex",121f0e02,"Access to anti-retroviral drug, by sex",768,Togo,TGO,0.97835765,8.532096072,Sub-Saharan Africa,G,Global,2019,PT,Percent,2010,23,31,E,E,False,False
III.9,121f0e02,"Access to anti-retroviral drug, by sex",121f0e02,"Access to anti-retroviral drug, by sex",768,Togo,TGO,0.97835765,8.532096072,Sub-Saharan Africa,G,Global,2019,PT,Percent,2018,72,49,E,E,True,True
III.9,121f0e02,"Access to anti-retroviral drug, by sex",121f0e02,"Access to anti-retroviral drug, by sex",788,Tunisia,TUN,9.572737411,34.11439971,Northern Africa and Western Asia,G,Global,2019,PT,Percent,2000,1,1,E,E,False,False
III.9,121f0e02,"Access to anti-retroviral drug, by sex",121f0e02,"Access to anti-retroviral drug, by sex",788,Tunisia,TUN,9.572737411,34.11439971,Northern Africa and Western Asia,G,Global,2019,PT,Percent,2010,28,28,E,E,False,False
III.9,121f0e02,"Access to anti-retroviral drug, by sex",121f0e02,"Access to anti-retroviral drug, by sex",788,Tunisia,TUN,9.572737411,34.11439971,Northern Africa and Western Asia,G,Global,2019,PT,Percent,2018,49,33,E,E,True,True
III.9,121f0e02,"Access to anti-retroviral drug, by sex",121f0e02,"Access to anti-retroviral drug, by sex",800,Uganda,UGA,32.39100438,1.279557331,Sub-Saharan Africa,G,Global,2019,PT,Percent,2000,1,1,E,E,False,False
III.9,121f0e02,"Access to anti-retroviral drug, by sex",121f0e02,"Access to anti-retroviral drug, by sex",800,Uganda,UGA,32.39100438,1.279557331,Sub-Saharan Africa,G,Global,2019,PT,Percent,2010,19,23,E,E,False,False
III.9,121f0e02,"Access to anti-retroviral drug, by sex",121f0e02,"Access to anti-retroviral drug, by sex",800,Uganda,UGA,32.39100438,1.279557331,Sub-Saharan Africa,G,Global,2019,PT,Percent,2018,79,63,E,E,True,True
III.9,121f0e02,"Access to anti-retroviral drug, by sex",121f0e02,"Access to anti-retroviral drug, by sex",804,Ukraine,UKR,31.40270802,49.00735945,Europe and Northern America,G,Global,2019,PT,Percent,2000,1,1,E,E,False,False
III.9,121f0e02,"Access to anti-retroviral drug, by sex",121f0e02,"Access to anti-retroviral drug, by sex",804,Ukraine,UKR,31.40270802,49.00735945,Europe and Northern America,G,Global,2019,PT,Percent,2010,13,7,E,E,False,False
III.9,121f0e02,"Access to anti-retroviral drug, by sex",121f0e02,"Access to anti-retroviral drug, by sex",804,Ukraine,UKR,31.40270802,49.00735945,Europe and Northern America,G,Global,2019,PT,Percent,2018,67,43,E,E,True,True
III.9,121f0e02,"Access to anti-retroviral drug, by sex",121f0e02,"Access to anti-retroviral drug, by sex",807,North Macedonia,MKD,21.7007909,41.60048068,Europe and Northern America,G,Global,2019,PT,Percent,2000,14,8,E,E,False,False
III.9,121f0e02,"Access to anti-retroviral drug, by sex",121f0e02,"Access to anti-retroviral drug, by sex",807,North Macedonia,MKD,21.7007909,41.60048068,Europe and Northern America,G,Global,2019,PT,Percent,2010,43,17,E,E,False,False
III.9,121f0e02,"Access to anti-retroviral drug, by sex",121f0e02,"Access to anti-retroviral drug, by sex",807,North Macedonia,MKD,21.7007909,41.60048068,Europe and Northern America,G,Global,2019,PT,Percent,2018,41,55,E,E,True,True
III.9,121f0e02,"Access to anti-retroviral drug, by sex",121f0e02,"Access to anti-retroviral drug, by sex",818,Egypt,EGY,29.77468534,26.57438204,Northern Africa and Western Asia,G,Global,2019,PT,Percent,2000,1,1,E,E,False,False
III.9,121f0e02,"Access to anti-retroviral drug, by sex",121f0e02,"Access to anti-retroviral drug, by sex",818,Egypt,EGY,29.77468534,26.57438204,Northern Africa and Western Asia,G,Global,2019,PT,Percent,2010,7,9,E,E,False,False
III.9,121f0e02,"Access to anti-retroviral drug, by sex",121f0e02,"Access to anti-retroviral drug, by sex",818,Egypt,EGY,29.77468534,26.57438204,Northern Africa and Western Asia,G,Global,2019,PT,Percent,2018,25,33,E,E,True,True
III.9,121f0e02,"Access to anti-retroviral drug, by sex",121f0e02,"Access to anti-retroviral drug, by sex",834,United Republic of Tanzania,TZA,34.80521182,-6.265332606,Sub-Saharan Africa,G,Global,2019,PT,Percent,2000,1,1,E,E,False,False
III.9,121f0e02,"Access to anti-retroviral drug, by sex",121f0e02,"Access to anti-retroviral drug, by sex",834,United Republic of Tanzania,TZA,34.80521182,-6.265332606,Sub-Saharan Africa,G,Global,2019,PT,Percent,2010,22,16,E,E,False,False
III.9,121f0e02,"Access to anti-retroviral drug, by sex",121f0e02,"Access to anti-retroviral drug, by sex",834,United Republic of Tanzania,TZA,34.80521182,-6.265332606,Sub-Saharan Africa,G,Global,2019,PT,Percent,2018,82,57,E,E,True,True
III.9,121f0e02,"Access to anti-retroviral drug, by sex",121f0e02,"Access to anti-retroviral drug, by sex",84,Belize,BLZ,-88.70199554,17.19965901,Latin America and the Caribbean,G,Global,2019,PT,Percent,2000,1,1,E,E,False,False
III.9,121f0e02,"Access to anti-retroviral drug, by sex",121f0e02,"Access to anti-retroviral drug, by sex",84,Belize,BLZ,-88.70199554,17.19965901,Latin America and the Caribbean,G,Global,2019,PT,Percent,2010,21,19,E,E,False,False
III.9,121f0e02,"Access to anti-retroviral drug, by sex",121f0e02,"Access to anti-retroviral drug, by sex",84,Belize,BLZ,-88.70199554,17.19965901,Latin America and the Caribbean,G,Global,2019,PT,Percent,2018,29,27,E,E,True,True
III.9,121f0e02,"Access to anti-retroviral drug, by sex",121f0e02,"Access to anti-retroviral drug, by sex",854,Burkina Faso,BFA,-1.742843829,12.27491081,Sub-Saharan Africa,G,Global,2019,PT,Percent,2010,34,31,E,E,False,False
III.9,121f0e02,"Access to anti-retroviral drug, by sex",121f0e02,"Access to anti-retroviral drug, by sex",854,Burkina Faso,BFA,-1.742843829,12.27491081,Sub-Saharan Africa,G,Global,2019,PT,Percent,2018,80,46,E,E,True,True
III.9,121f0e02,"Access to anti-retroviral drug, by sex",121f0e02,"Access to anti-retroviral drug, by sex",858,Uruguay,URY,-56.01387025,-32.8002838,Latin America and the Caribbean,G,Global,2019,PT,Percent,2000,21,7,E,E,False,False
III.9,121f0e02,"Access to anti-retroviral drug, by sex",121f0e02,"Access to anti-retroviral drug, by sex",858,Uruguay,URY,-56.01387025,-32.8002838,Latin America and the Caribbean,G,Global,2019,PT,Percent,2010,38,28,E,E,False,False
III.9,121f0e02,"Access to anti-retroviral drug, by sex",121f0e02,"Access to anti-retroviral drug, by sex",858,Uruguay,URY,-56.01387025,-32.8002838,Latin America and the Caribbean,G,Global,2019,PT,Percent,2018,73,51,E,E,True,True
III.9,121f0e02,"Access to anti-retroviral drug, by sex",121f0e02,"Access to anti-retroviral drug, by sex",860,Uzbekistan,UZB,63.11944558,41.77560518,Central and Southern Asia,G,Global,2019,PT,Percent,2000,1,1,E,E,False,False
III.9,121f0e02,"Access to anti-retroviral drug, by sex",121f0e02,"Access to anti-retroviral drug, by sex",860,Uzbekistan,UZB,63.11944558,41.77560518,Central and Southern Asia,G,Global,2019,PT,Percent,2010,7,3,E,E,False,False
III.9,121f0e02,"Access to anti-retroviral drug, by sex",121f0e02,"Access to anti-retroviral drug, by sex",860,Uzbekistan,UZB,63.11944558,41.77560518,Central and Southern Asia,G,Global,2019,PT,Percent,2018,68,34,E,E,True,True
III.9,121f0e02,"Access to anti-retroviral drug, by sex",121f0e02,"Access to anti-retroviral drug, by sex",887,Yemen,YEM,45.22389143,15.22242099,Northern Africa and Western Asia,G,Global,2019,PT,Percent,2000,1,1,E,E,False,False
III.9,121f0e02,"Access to anti-retroviral drug, by sex",121f0e02,"Access to anti-retroviral drug, by sex",887,Yemen,YEM,45.22389143,15.22242099,Northern Africa and Western Asia,G,Global,2019,PT,Percent,2010,12,10,E,E,False,False
III.9,121f0e02,"Access to anti-retroviral drug, by sex",121f0e02,"Access to anti-retroviral drug, by sex",887,Yemen,YEM,45.22389143,15.22242099,Northern Africa and Western Asia,G,Global,2019,PT,Percent,2018,35,16,E,E,True,True
III.9,121f0e02,"Access to anti-retroviral drug, by sex",121f0e02,"Access to anti-retroviral drug, by sex",894,Zambia,ZMB,27.850329,-14.59701056,Sub-Saharan Africa,G,Global,2019,PT,Percent,2000,1,1,E,E,False,False
III.9,121f0e02,"Access to anti-retroviral drug, by sex",121f0e02,"Access to anti-retroviral drug, by sex",894,Zambia,ZMB,27.850329,-14.59701056,Sub-Saharan Africa,G,Global,2019,PT,Percent,2010,36,33,E,E,False,False
III.9,121f0e02,"Access to anti-retroviral drug, by sex",121f0e02,"Access to anti-retroviral drug, by sex",894,Zambia,ZMB,27.850329,-14.59701056,Sub-Saharan Africa,G,Global,2019,PT,Percent,2018,83,69,E,E,True,True
