INDICATOR_LABEL,INDICATOR_ID,INDICATOR_DESC,MINSET_SERIES,MINSET_SERIES_DESC,REF_AREA,REF_AREA_DESC,ISO3,X,Y,SDG_REGION,REPORTING_TYPE,REPORTING_TYPE_DESC,SOURCE_YEAR,UNIT_MEASURE,UNIT_MEASURE_DESC,TIME_PERIOD,OBS_VALUE__F,NATURE__F,isLatestValue__F
III.4,682508c0,Antenatal care coverage,7cdd10b8,"Antenatal care coverage, at least four visits",104,Myanmar,MMR,96.51752295,21.19332882,Eastern and South-Eastern Asia,G,Global,2019,PT,Percent,2001,65.9,C,False
III.4,682508c0,Antenatal care coverage,7cdd10b8,"Antenatal care coverage, at least four visits",104,Myanmar,MMR,96.51752295,21.19332882,Eastern and South-Eastern Asia,G,Global,2019,PT,Percent,2007,73.4,C,False
III.4,682508c0,Antenatal care coverage,7cdd10b8,"Antenatal care coverage, at least four visits",104,Myanmar,MMR,96.51752295,21.19332882,Eastern and South-Eastern Asia,G,Global,2019,PT,Percent,2016,58.6,C,True
III.4,682508c0,Antenatal care coverage,7cdd10b8,"Antenatal care coverage, at least four visits",108,Burundi,BDI,29.89080992,-3.366387428,Sub-Saharan Africa,G,Global,2019,PT,Percent,2010,33.4,C,False
III.4,682508c0,Antenatal care coverage,7cdd10b8,"Antenatal care coverage, at least four visits",108,Burundi,BDI,29.89080992,-3.366387428,Sub-Saharan Africa,G,Global,2019,PT,Percent,2017,49.3,C,True
III.4,682508c0,Antenatal care coverage,7cdd10b8,"Antenatal care coverage, at least four visits",112,Belarus,BLR,28.04940161,53.54193075,Europe and Northern America,G,Global,2019,PT,Percent,2012,99.7,C,True
III.4,682508c0,Antenatal care coverage,7cdd10b8,"Antenatal care coverage, at least four visits",116,Cambodia,KHM,104.922836,12.71163737,Eastern and South-Eastern Asia,G,Global,2019,PT,Percent,2000,8.9,C,False
III.4,682508c0,Antenatal care coverage,7cdd10b8,"Antenatal care coverage, at least four visits",116,Cambodia,KHM,104.922836,12.71163737,Eastern and South-Eastern Asia,G,Global,2019,PT,Percent,2005,27.0,C,False
III.4,682508c0,Antenatal care coverage,7cdd10b8,"Antenatal care coverage, at least four visits",116,Cambodia,KHM,104.922836,12.71163737,Eastern and South-Eastern Asia,G,Global,2019,PT,Percent,2010,59.4,C,False
III.4,682508c0,Antenatal care coverage,7cdd10b8,"Antenatal care coverage, at least four visits",116,Cambodia,KHM,104.922836,12.71163737,Eastern and South-Eastern Asia,G,Global,2019,PT,Percent,2014,75.6,C,True
III.4,682508c0,Antenatal care coverage,7cdd10b8,"Antenatal care coverage, at least four visits",12,Algeria,DZA,2.678164227,28.15940032,Northern Africa and Western Asia,G,Global,2019,PT,Percent,2013,67.3,C,True
III.4,682508c0,Antenatal care coverage,7cdd10b8,"Antenatal care coverage, at least four visits",120,Cameroon,CMR,12.7419827,5.692387031,Sub-Saharan Africa,G,Global,2019,PT,Percent,1998,52.4,C,False
III.4,682508c0,Antenatal care coverage,7cdd10b8,"Antenatal care coverage, at least four visits",120,Cameroon,CMR,12.7419827,5.692387031,Sub-Saharan Africa,G,Global,2019,PT,Percent,2004,60.4,C,False
III.4,682508c0,Antenatal care coverage,7cdd10b8,"Antenatal care coverage, at least four visits",120,Cameroon,CMR,12.7419827,5.692387031,Sub-Saharan Africa,G,Global,2019,PT,Percent,2011,62.2,C,False
III.4,682508c0,Antenatal care coverage,7cdd10b8,"Antenatal care coverage, at least four visits",120,Cameroon,CMR,12.7419827,5.692387031,Sub-Saharan Africa,G,Global,2019,PT,Percent,2014,58.8,C,True
III.4,682508c0,Antenatal care coverage,7cdd10b8,"Antenatal care coverage, at least four visits",124,Canada,CAN,-101.6575058,57.72360191,Europe and Northern America,G,Global,2019,PT,Percent,2007,99.0,C,True
III.4,682508c0,Antenatal care coverage,7cdd10b8,"Antenatal care coverage, at least four visits",132,Cabo Verde,CPV,-23.63544151,15.07791834,Sub-Saharan Africa,G,Global,2019,PT,Percent,1998,63.9,C,False
III.4,682508c0,Antenatal care coverage,7cdd10b8,"Antenatal care coverage, at least four visits",132,Cabo Verde,CPV,-23.63544151,15.07791834,Sub-Saharan Africa,G,Global,2019,PT,Percent,2005,72.3,C,True
III.4,682508c0,Antenatal care coverage,7cdd10b8,"Antenatal care coverage, at least four visits",140,Central African Republic,CAF,20.93559492,7.003720791,Sub-Saharan Africa,G,Global,2019,PT,Percent,1995,39.7,C,False
III.4,682508c0,Antenatal care coverage,7cdd10b8,"Antenatal care coverage, at least four visits",140,Central African Republic,CAF,20.93559492,7.003720791,Sub-Saharan Africa,G,Global,2019,PT,Percent,2010,38.1,C,True
III.4,682508c0,Antenatal care coverage,7cdd10b8,"Antenatal care coverage, at least four visits",144,Sri Lanka,LKA,80.70489654,7.614693343,Central and Southern Asia,G,Global,2019,PT,Percent,2007,92.5,C,True
III.4,682508c0,Antenatal care coverage,7cdd10b8,"Antenatal care coverage, at least four visits",148,Chad,TCD,18.66618401,15.36279341,Sub-Saharan Africa,G,Global,2019,PT,Percent,1997,14.8,C,False
III.4,682508c0,Antenatal care coverage,7cdd10b8,"Antenatal care coverage, at least four visits",148,Chad,TCD,18.66618401,15.36279341,Sub-Saharan Africa,G,Global,2019,PT,Percent,2004,17.8,C,False
III.4,682508c0,Antenatal care coverage,7cdd10b8,"Antenatal care coverage, at least four visits",148,Chad,TCD,18.66618401,15.36279341,Sub-Saharan Africa,G,Global,2019,PT,Percent,2010,23.1,C,False
III.4,682508c0,Antenatal care coverage,7cdd10b8,"Antenatal care coverage, at least four visits",148,Chad,TCD,18.66618401,15.36279341,Sub-Saharan Africa,G,Global,2019,PT,Percent,2015,31.0,C,True
III.4,682508c0,Antenatal care coverage,7cdd10b8,"Antenatal care coverage, at least four visits",156,China,CHN,104.1403375,32.30955217,Eastern and South-Eastern Asia,G,Global,2019,PT,Percent,2013,69.1,C,True
III.4,682508c0,Antenatal care coverage,7cdd10b8,"Antenatal care coverage, at least four visits",170,Colombia,COL,-73.07446751,3.888209046,Latin America and the Caribbean,G,Global,2019,PT,Percent,2000,81.0,C,False
III.4,682508c0,Antenatal care coverage,7cdd10b8,"Antenatal care coverage, at least four visits",170,Colombia,COL,-73.07446751,3.888209046,Latin America and the Caribbean,G,Global,2019,PT,Percent,2005,83.1,C,False
III.4,682508c0,Antenatal care coverage,7cdd10b8,"Antenatal care coverage, at least four visits",170,Colombia,COL,-73.07446751,3.888209046,Latin America and the Caribbean,G,Global,2019,PT,Percent,2010,88.6,C,False
III.4,682508c0,Antenatal care coverage,7cdd10b8,"Antenatal care coverage, at least four visits",170,Colombia,COL,-73.07446751,3.888209046,Latin America and the Caribbean,G,Global,2019,PT,Percent,2015,89.9,C,True
III.4,682508c0,Antenatal care coverage,7cdd10b8,"Antenatal care coverage, at least four visits",174,Comoros,COM,43.34234565,-11.66121732,Sub-Saharan Africa,G,Global,2019,PT,Percent,1996,52.0,C,False
III.4,682508c0,Antenatal care coverage,7cdd10b8,"Antenatal care coverage, at least four visits",174,Comoros,COM,43.34234565,-11.66121732,Sub-Saharan Africa,G,Global,2019,PT,Percent,2012,48.9,C,True
III.4,682508c0,Antenatal care coverage,7cdd10b8,"Antenatal care coverage, at least four visits",178,Congo,COG,15.22052612,-0.840544119,Sub-Saharan Africa,G,Global,2019,PT,Percent,2005,74.7,C,False
III.4,682508c0,Antenatal care coverage,7cdd10b8,"Antenatal care coverage, at least four visits",178,Congo,COG,15.22052612,-0.840544119,Sub-Saharan Africa,G,Global,2019,PT,Percent,2012,78.9,C,False
III.4,682508c0,Antenatal care coverage,7cdd10b8,"Antenatal care coverage, at least four visits",178,Congo,COG,15.22052612,-0.840544119,Sub-Saharan Africa,G,Global,2019,PT,Percent,2015,79.0,C,True
III.4,682508c0,Antenatal care coverage,7cdd10b8,"Antenatal care coverage, at least four visits",180,Democratic Republic of the Congo,COD,23.65496507,-2.877154732,Sub-Saharan Africa,G,Global,2019,PT,Percent,2007,46.7,C,False
III.4,682508c0,Antenatal care coverage,7cdd10b8,"Antenatal care coverage, at least four visits",180,Democratic Republic of the Congo,COD,23.65496507,-2.877154732,Sub-Saharan Africa,G,Global,2019,PT,Percent,2010,44.7,C,False
III.4,682508c0,Antenatal care coverage,7cdd10b8,"Antenatal care coverage, at least four visits",180,Democratic Republic of the Congo,COD,23.65496507,-2.877154732,Sub-Saharan Africa,G,Global,2019,PT,Percent,2014,48.0,C,True
III.4,682508c0,Antenatal care coverage,7cdd10b8,"Antenatal care coverage, at least four visits",188,Costa Rica,CRI,-84.19712782,9.970998683,Latin America and the Caribbean,G,Global,2019,PT,Percent,2008,85.8,C,False
III.4,682508c0,Antenatal care coverage,7cdd10b8,"Antenatal care coverage, at least four visits",188,Costa Rica,CRI,-84.19712782,9.970998683,Latin America and the Caribbean,G,Global,2019,PT,Percent,2011,90.2,C,True
III.4,682508c0,Antenatal care coverage,7cdd10b8,"Antenatal care coverage, at least four visits",191,Croatia,HRV,17.95874553,45.45172212,Europe and Northern America,G,Global,2019,PT,Percent,2014,93.3,C,False
III.4,682508c0,Antenatal care coverage,7cdd10b8,"Antenatal care coverage, at least four visits",191,Croatia,HRV,17.95874553,45.45172212,Europe and Northern America,G,Global,2019,PT,Percent,2015,91.7,C,True
III.4,682508c0,Antenatal care coverage,7cdd10b8,"Antenatal care coverage, at least four visits",192,Cuba,CUB,-79.54460144,22.10030366,Latin America and the Caribbean,G,Global,2019,PT,Percent,2009,99.0,C,False
III.4,682508c0,Antenatal care coverage,7cdd10b8,"Antenatal care coverage, at least four visits",192,Cuba,CUB,-79.54460144,22.10030366,Latin America and the Caribbean,G,Global,2019,PT,Percent,2010,100.0,C,False
III.4,682508c0,Antenatal care coverage,7cdd10b8,"Antenatal care coverage, at least four visits",192,Cuba,CUB,-79.54460144,22.10030366,Latin America and the Caribbean,G,Global,2019,PT,Percent,2011,100.0,C,False
III.4,682508c0,Antenatal care coverage,7cdd10b8,"Antenatal care coverage, at least four visits",192,Cuba,CUB,-79.54460144,22.10030366,Latin America and the Caribbean,G,Global,2019,PT,Percent,2012,100.0,C,False
III.4,682508c0,Antenatal care coverage,7cdd10b8,"Antenatal care coverage, at least four visits",192,Cuba,CUB,-79.54460144,22.10030366,Latin America and the Caribbean,G,Global,2019,PT,Percent,2014,97.8,C,True
III.4,682508c0,Antenatal care coverage,7cdd10b8,"Antenatal care coverage, at least four visits",204,Benin,BEN,2.339933594,9.65401646,Sub-Saharan Africa,G,Global,2019,PT,Percent,1996,53.7,C,False
III.4,682508c0,Antenatal care coverage,7cdd10b8,"Antenatal care coverage, at least four visits",204,Benin,BEN,2.339933594,9.65401646,Sub-Saharan Africa,G,Global,2019,PT,Percent,2001,61.6,C,False
III.4,682508c0,Antenatal care coverage,7cdd10b8,"Antenatal care coverage, at least four visits",204,Benin,BEN,2.339933594,9.65401646,Sub-Saharan Africa,G,Global,2019,PT,Percent,2006,60.5,C,False
III.4,682508c0,Antenatal care coverage,7cdd10b8,"Antenatal care coverage, at least four visits",204,Benin,BEN,2.339933594,9.65401646,Sub-Saharan Africa,G,Global,2019,PT,Percent,2012,58.2,C,False
III.4,682508c0,Antenatal care coverage,7cdd10b8,"Antenatal care coverage, at least four visits",204,Benin,BEN,2.339933594,9.65401646,Sub-Saharan Africa,G,Global,2019,PT,Percent,2014,58.7,C,False
III.4,682508c0,Antenatal care coverage,7cdd10b8,"Antenatal care coverage, at least four visits",204,Benin,BEN,2.339933594,9.65401646,Sub-Saharan Africa,G,Global,2019,PT,Percent,2018,52.1,C,True
III.4,682508c0,Antenatal care coverage,7cdd10b8,"Antenatal care coverage, at least four visits",214,Dominican Republic,DOM,-70.49847576,18.89832088,Latin America and the Caribbean,G,Global,2019,PT,Percent,1996,87.6,C,False
III.4,682508c0,Antenatal care coverage,7cdd10b8,"Antenatal care coverage, at least four visits",214,Dominican Republic,DOM,-70.49847576,18.89832088,Latin America and the Caribbean,G,Global,2019,PT,Percent,2002,93.5,C,False
III.4,682508c0,Antenatal care coverage,7cdd10b8,"Antenatal care coverage, at least four visits",214,Dominican Republic,DOM,-70.49847576,18.89832088,Latin America and the Caribbean,G,Global,2019,PT,Percent,2007,94.5,C,False
III.4,682508c0,Antenatal care coverage,7cdd10b8,"Antenatal care coverage, at least four visits",214,Dominican Republic,DOM,-70.49847576,18.89832088,Latin America and the Caribbean,G,Global,2019,PT,Percent,2013,95.4,C,False
III.4,682508c0,Antenatal care coverage,7cdd10b8,"Antenatal care coverage, at least four visits",214,Dominican Republic,DOM,-70.49847576,18.89832088,Latin America and the Caribbean,G,Global,2019,PT,Percent,2014,92.9,C,True
III.4,682508c0,Antenatal care coverage,7cdd10b8,"Antenatal care coverage, at least four visits",218,Ecuador,ECU,-78.37005241,-1.447785891,Latin America and the Caribbean,G,Global,2019,PT,Percent,2004,57.5,C,True
III.4,682508c0,Antenatal care coverage,7cdd10b8,"Antenatal care coverage, at least four visits",222,El Salvador,SLV,-88.86862995,13.73603564,Latin America and the Caribbean,G,Global,2019,PT,Percent,2003,71.2,C,False
III.4,682508c0,Antenatal care coverage,7cdd10b8,"Antenatal care coverage, at least four visits",222,El Salvador,SLV,-88.86862995,13.73603564,Latin America and the Caribbean,G,Global,2019,PT,Percent,2008,78.3,C,False
III.4,682508c0,Antenatal care coverage,7cdd10b8,"Antenatal care coverage, at least four visits",222,El Salvador,SLV,-88.86862995,13.73603564,Latin America and the Caribbean,G,Global,2019,PT,Percent,2014,90.1,C,True
III.4,682508c0,Antenatal care coverage,7cdd10b8,"Antenatal care coverage, at least four visits",226,Equatorial Guinea,GNQ,10.46535826,1.565792376,Sub-Saharan Africa,G,Global,2019,PT,Percent,2011,66.9,C,True
III.4,682508c0,Antenatal care coverage,7cdd10b8,"Antenatal care coverage, at least four visits",231,Ethiopia,ETH,39.63505296,8.631223181,Sub-Saharan Africa,G,Global,2019,PT,Percent,2000,10.4,C,False
III.4,682508c0,Antenatal care coverage,7cdd10b8,"Antenatal care coverage, at least four visits",231,Ethiopia,ETH,39.63505296,8.631223181,Sub-Saharan Africa,G,Global,2019,PT,Percent,2005,12.2,C,False
III.4,682508c0,Antenatal care coverage,7cdd10b8,"Antenatal care coverage, at least four visits",231,Ethiopia,ETH,39.63505296,8.631223181,Sub-Saharan Africa,G,Global,2019,PT,Percent,2011,19.1,C,False
III.4,682508c0,Antenatal care coverage,7cdd10b8,"Antenatal care coverage, at least four visits",231,Ethiopia,ETH,39.63505296,8.631223181,Sub-Saharan Africa,G,Global,2019,PT,Percent,2014,32.1,C,False
III.4,682508c0,Antenatal care coverage,7cdd10b8,"Antenatal care coverage, at least four visits",231,Ethiopia,ETH,39.63505296,8.631223181,Sub-Saharan Africa,G,Global,2019,PT,Percent,2016,31.8,C,True
III.4,682508c0,Antenatal care coverage,7cdd10b8,"Antenatal care coverage, at least four visits",232,Eritrea,ERI,38.11074289,16.12894644,Sub-Saharan Africa,G,Global,2019,PT,Percent,1995,26.6,C,False
III.4,682508c0,Antenatal care coverage,7cdd10b8,"Antenatal care coverage, at least four visits",232,Eritrea,ERI,38.11074289,16.12894644,Sub-Saharan Africa,G,Global,2019,PT,Percent,2002,40.9,C,False
III.4,682508c0,Antenatal care coverage,7cdd10b8,"Antenatal care coverage, at least four visits",232,Eritrea,ERI,38.11074289,16.12894644,Sub-Saharan Africa,G,Global,2019,PT,Percent,2010,57.4,C,True
III.4,682508c0,Antenatal care coverage,7cdd10b8,"Antenatal care coverage, at least four visits",233,Estonia,EST,25.84093481,58.68487172,Europe and Northern America,G,Global,2019,PT,Percent,2014,96.8,C,True
III.4,682508c0,Antenatal care coverage,7cdd10b8,"Antenatal care coverage, at least four visits",24,Angola,AGO,17.57817062,-12.33724746,Sub-Saharan Africa,G,Global,2019,PT,Percent,1996,31.5,C,False
III.4,682508c0,Antenatal care coverage,7cdd10b8,"Antenatal care coverage, at least four visits",24,Angola,AGO,17.57817062,-12.33724746,Sub-Saharan Africa,G,Global,2019,PT,Percent,2016,61.4,C,True
III.4,682508c0,Antenatal care coverage,7cdd10b8,"Antenatal care coverage, at least four visits",242,Fiji,FJI,177.9660884,-17.83301566,"Oceania, exc. Australia and New Zealand",G,Global,2019,PT,Percent,2013,93.6,C,True
III.4,682508c0,Antenatal care coverage,7cdd10b8,"Antenatal care coverage, at least four visits",250,France,FRA,2.457288129,46.62660861,Europe and Northern America,G,Global,2019,PT,Percent,2010,98.9,C,True
III.4,682508c0,Antenatal care coverage,7cdd10b8,"Antenatal care coverage, at least four visits",262,Djibouti,DJI,42.18274707,11.56004161,Sub-Saharan Africa,G,Global,2019,PT,Percent,2002,7.1,C,False
III.4,682508c0,Antenatal care coverage,7cdd10b8,"Antenatal care coverage, at least four visits",262,Djibouti,DJI,42.18274707,11.56004161,Sub-Saharan Africa,G,Global,2019,PT,Percent,2012,22.6,C,True
III.4,682508c0,Antenatal care coverage,7cdd10b8,"Antenatal care coverage, at least four visits",266,Gabon,GAB,11.78727747,-0.60687619,Sub-Saharan Africa,G,Global,2019,PT,Percent,2000,63.3,C,False
III.4,682508c0,Antenatal care coverage,7cdd10b8,"Antenatal care coverage, at least four visits",266,Gabon,GAB,11.78727747,-0.60687619,Sub-Saharan Africa,G,Global,2019,PT,Percent,2012,77.6,C,True
III.4,682508c0,Antenatal care coverage,7cdd10b8,"Antenatal care coverage, at least four visits",268,Georgia,GEO,43.3713615,42.04813028,Northern Africa and Western Asia,G,Global,2019,PT,Percent,2005,75.0,C,False
III.4,682508c0,Antenatal care coverage,7cdd10b8,"Antenatal care coverage, at least four visits",268,Georgia,GEO,43.3713615,42.04813028,Northern Africa and Western Asia,G,Global,2019,PT,Percent,2010,90.2,C,False
III.4,682508c0,Antenatal care coverage,7cdd10b8,"Antenatal care coverage, at least four visits",268,Georgia,GEO,43.3713615,42.04813028,Northern Africa and Western Asia,G,Global,2019,PT,Percent,2013,84.6,C,False
III.4,682508c0,Antenatal care coverage,7cdd10b8,"Antenatal care coverage, at least four visits",268,Georgia,GEO,43.3713615,42.04813028,Northern Africa and Western Asia,G,Global,2019,PT,Percent,2014,86.9,C,False
III.4,682508c0,Antenatal care coverage,7cdd10b8,"Antenatal care coverage, at least four visits",268,Georgia,GEO,43.3713615,42.04813028,Northern Africa and Western Asia,G,Global,2019,PT,Percent,2016,88.3,C,True
III.4,682508c0,Antenatal care coverage,7cdd10b8,"Antenatal care coverage, at least four visits",270,Gambia,GMB,-15.39944785,13.45295927,Sub-Saharan Africa,G,Global,2019,PT,Percent,2005,72.9,C,False
III.4,682508c0,Antenatal care coverage,7cdd10b8,"Antenatal care coverage, at least four visits",270,Gambia,GMB,-15.39944785,13.45295927,Sub-Saharan Africa,G,Global,2019,PT,Percent,2010,72.0,C,False
III.4,682508c0,Antenatal care coverage,7cdd10b8,"Antenatal care coverage, at least four visits",270,Gambia,GMB,-15.39944785,13.45295927,Sub-Saharan Africa,G,Global,2019,PT,Percent,2013,77.6,C,True
III.4,682508c0,Antenatal care coverage,7cdd10b8,"Antenatal care coverage, at least four visits",275,State of Palestine,PSE,35.25694122,31.94347933,Northern Africa and Western Asia,G,Global,2019,PT,Percent,2010,94.0,C,False
III.4,682508c0,Antenatal care coverage,7cdd10b8,"Antenatal care coverage, at least four visits",275,State of Palestine,PSE,35.25694122,31.94347933,Northern Africa and Western Asia,G,Global,2019,PT,Percent,2014,95.5,C,True
III.4,682508c0,Antenatal care coverage,7cdd10b8,"Antenatal care coverage, at least four visits",276,Germany,DEU,10.3806066,51.08862743,Europe and Northern America,G,Global,2019,PT,Percent,2014,99.3,C,True
III.4,682508c0,Antenatal care coverage,7cdd10b8,"Antenatal care coverage, at least four visits",28,Antigua and Barbuda,ATG,-61.7999755,17.07761471,Latin America and the Caribbean,G,Global,2019,PT,Percent,2013,100.0,C,True
III.4,682508c0,Antenatal care coverage,7cdd10b8,"Antenatal care coverage, at least four visits",288,Ghana,GHA,-1.205623522,7.964825185,Sub-Saharan Africa,G,Global,2019,PT,Percent,1998,62.3,C,False
III.4,682508c0,Antenatal care coverage,7cdd10b8,"Antenatal care coverage, at least four visits",288,Ghana,GHA,-1.205623522,7.964825185,Sub-Saharan Africa,G,Global,2019,PT,Percent,2003,69.4,C,False
III.4,682508c0,Antenatal care coverage,7cdd10b8,"Antenatal care coverage, at least four visits",288,Ghana,GHA,-1.205623522,7.964825185,Sub-Saharan Africa,G,Global,2019,PT,Percent,2006,73.3,C,False
III.4,682508c0,Antenatal care coverage,7cdd10b8,"Antenatal care coverage, at least four visits",288,Ghana,GHA,-1.205623522,7.964825185,Sub-Saharan Africa,G,Global,2019,PT,Percent,2007,76.7,C,False
III.4,682508c0,Antenatal care coverage,7cdd10b8,"Antenatal care coverage, at least four visits",288,Ghana,GHA,-1.205623522,7.964825185,Sub-Saharan Africa,G,Global,2019,PT,Percent,2008,78.2,C,False
III.4,682508c0,Antenatal care coverage,7cdd10b8,"Antenatal care coverage, at least four visits",288,Ghana,GHA,-1.205623522,7.964825185,Sub-Saharan Africa,G,Global,2019,PT,Percent,2011,86.6,C,False
III.4,682508c0,Antenatal care coverage,7cdd10b8,"Antenatal care coverage, at least four visits",288,Ghana,GHA,-1.205623522,7.964825185,Sub-Saharan Africa,G,Global,2019,PT,Percent,2014,87.3,C,False
III.4,682508c0,Antenatal care coverage,7cdd10b8,"Antenatal care coverage, at least four visits",288,Ghana,GHA,-1.205623522,7.964825185,Sub-Saharan Africa,G,Global,2019,PT,Percent,2017,89.3,C,True
III.4,682508c0,Antenatal care coverage,7cdd10b8,"Antenatal care coverage, at least four visits",296,Kiribati,KIR,-157.5643005,1.768837732,"Oceania, exc. Australia and New Zealand",G,Global,2019,PT,Percent,2009,70.8,C,True
III.4,682508c0,Antenatal care coverage,7cdd10b8,"Antenatal care coverage, at least four visits",31,Azerbaijan,AZE,50.01064725,40.39229544,Northern Africa and Western Asia,G,Global,2019,PT,Percent,2001,30.4,C,False
III.4,682508c0,Antenatal care coverage,7cdd10b8,"Antenatal care coverage, at least four visits",31,Azerbaijan,AZE,50.01064725,40.39229544,Northern Africa and Western Asia,G,Global,2019,PT,Percent,2006,45.2,C,False
III.4,682508c0,Antenatal care coverage,7cdd10b8,"Antenatal care coverage, at least four visits",31,Azerbaijan,AZE,50.01064725,40.39229544,Northern Africa and Western Asia,G,Global,2019,PT,Percent,2011,66.1,C,True
III.4,682508c0,Antenatal care coverage,7cdd10b8,"Antenatal care coverage, at least four visits",32,Argentina,ARG,-65.14563274,-35.19446255,Latin America and the Caribbean,G,Global,2019,PT,Percent,2005,89.3,C,False
III.4,682508c0,Antenatal care coverage,7cdd10b8,"Antenatal care coverage, at least four visits",32,Argentina,ARG,-65.14563274,-35.19446255,Latin America and the Caribbean,G,Global,2019,PT,Percent,2012,89.8,C,True
III.4,682508c0,Antenatal care coverage,7cdd10b8,"Antenatal care coverage, at least four visits",320,Guatemala,GTM,-91.2312746,15.00273719,Latin America and the Caribbean,G,Global,2019,PT,Percent,2015,86.2,C,True
III.4,682508c0,Antenatal care coverage,7cdd10b8,"Antenatal care coverage, at least four visits",324,Guinea,GIN,-11.28173419,11.00210343,Sub-Saharan Africa,G,Global,2019,PT,Percent,1999,46.3,C,False
III.4,682508c0,Antenatal care coverage,7cdd10b8,"Antenatal care coverage, at least four visits",324,Guinea,GIN,-11.28173419,11.00210343,Sub-Saharan Africa,G,Global,2019,PT,Percent,2005,48.8,C,False
III.4,682508c0,Antenatal care coverage,7cdd10b8,"Antenatal care coverage, at least four visits",324,Guinea,GIN,-11.28173419,11.00210343,Sub-Saharan Africa,G,Global,2019,PT,Percent,2007,50.3,C,False
III.4,682508c0,Antenatal care coverage,7cdd10b8,"Antenatal care coverage, at least four visits",324,Guinea,GIN,-11.28173419,11.00210343,Sub-Saharan Africa,G,Global,2019,PT,Percent,2012,56.6,C,False
III.4,682508c0,Antenatal care coverage,7cdd10b8,"Antenatal care coverage, at least four visits",324,Guinea,GIN,-11.28173419,11.00210343,Sub-Saharan Africa,G,Global,2019,PT,Percent,2016,50.6,C,True
III.4,682508c0,Antenatal care coverage,7cdd10b8,"Antenatal care coverage, at least four visits",328,Guyana,GUY,-58.97322037,4.788012784,Latin America and the Caribbean,G,Global,2019,PT,Percent,2009,78.5,C,False
III.4,682508c0,Antenatal care coverage,7cdd10b8,"Antenatal care coverage, at least four visits",328,Guyana,GUY,-58.97322037,4.788012784,Latin America and the Caribbean,G,Global,2019,PT,Percent,2014,86.7,C,True
III.4,682508c0,Antenatal care coverage,7cdd10b8,"Antenatal care coverage, at least four visits",332,Haiti,HTI,-72.33640958,18.40426539,Latin America and the Caribbean,G,Global,2019,PT,Percent,1995,35.6,C,False
III.4,682508c0,Antenatal care coverage,7cdd10b8,"Antenatal care coverage, at least four visits",332,Haiti,HTI,-72.33640958,18.40426539,Latin America and the Caribbean,G,Global,2019,PT,Percent,2000,44.2,C,False
III.4,682508c0,Antenatal care coverage,7cdd10b8,"Antenatal care coverage, at least four visits",332,Haiti,HTI,-72.33640958,18.40426539,Latin America and the Caribbean,G,Global,2019,PT,Percent,2006,53.8,C,False
III.4,682508c0,Antenatal care coverage,7cdd10b8,"Antenatal care coverage, at least four visits",332,Haiti,HTI,-72.33640958,18.40426539,Latin America and the Caribbean,G,Global,2019,PT,Percent,2012,67.3,C,False
III.4,682508c0,Antenatal care coverage,7cdd10b8,"Antenatal care coverage, at least four visits",332,Haiti,HTI,-72.33640958,18.40426539,Latin America and the Caribbean,G,Global,2019,PT,Percent,2017,66.6,C,True
III.4,682508c0,Antenatal care coverage,7cdd10b8,"Antenatal care coverage, at least four visits",340,Honduras,HND,-86.59974381,14.82243161,Latin America and the Caribbean,G,Global,2019,PT,Percent,2001,58.6,C,False
III.4,682508c0,Antenatal care coverage,7cdd10b8,"Antenatal care coverage, at least four visits",340,Honduras,HND,-86.59974381,14.82243161,Latin America and the Caribbean,G,Global,2019,PT,Percent,2006,80.8,C,False
III.4,682508c0,Antenatal care coverage,7cdd10b8,"Antenatal care coverage, at least four visits",340,Honduras,HND,-86.59974381,14.82243161,Latin America and the Caribbean,G,Global,2019,PT,Percent,2012,88.9,C,True
III.4,682508c0,Antenatal care coverage,7cdd10b8,"Antenatal care coverage, at least four visits",356,India,IND,79.3608464,22.34642074,Central and Southern Asia,G,Global,2019,PT,Percent,1999,29.5,C,False
III.4,682508c0,Antenatal care coverage,7cdd10b8,"Antenatal care coverage, at least four visits",356,India,IND,79.3608464,22.34642074,Central and Southern Asia,G,Global,2019,PT,Percent,2006,37.0,C,False
III.4,682508c0,Antenatal care coverage,7cdd10b8,"Antenatal care coverage, at least four visits",356,India,IND,79.3608464,22.34642074,Central and Southern Asia,G,Global,2019,PT,Percent,2014,45.4,C,False
III.4,682508c0,Antenatal care coverage,7cdd10b8,"Antenatal care coverage, at least four visits",356,India,IND,79.3608464,22.34642074,Central and Southern Asia,G,Global,2019,PT,Percent,2016,51.2,C,True
III.4,682508c0,Antenatal care coverage,7cdd10b8,"Antenatal care coverage, at least four visits",36,Australia,AUS,134.3499412,-25.57717202,Australia and New Zealand,G,Global,2019,PT,Percent,2008,92.0,C,True
III.4,682508c0,Antenatal care coverage,7cdd10b8,"Antenatal care coverage, at least four visits",360,Indonesia,IDN,113.9174,-0.994582204,Eastern and South-Eastern Asia,G,Global,2019,PT,Percent,1997,70.4,C,False
III.4,682508c0,Antenatal care coverage,7cdd10b8,"Antenatal care coverage, at least four visits",360,Indonesia,IDN,113.9174,-0.994582204,Eastern and South-Eastern Asia,G,Global,2019,PT,Percent,2003,81.0,C,False
III.4,682508c0,Antenatal care coverage,7cdd10b8,"Antenatal care coverage, at least four visits",360,Indonesia,IDN,113.9174,-0.994582204,Eastern and South-Eastern Asia,G,Global,2019,PT,Percent,2007,81.5,C,False
III.4,682508c0,Antenatal care coverage,7cdd10b8,"Antenatal care coverage, at least four visits",360,Indonesia,IDN,113.9174,-0.994582204,Eastern and South-Eastern Asia,G,Global,2019,PT,Percent,2012,87.8,C,False
III.4,682508c0,Antenatal care coverage,7cdd10b8,"Antenatal care coverage, at least four visits",360,Indonesia,IDN,113.9174,-0.994582204,Eastern and South-Eastern Asia,G,Global,2019,PT,Percent,2013,83.5,C,True
III.4,682508c0,Antenatal care coverage,7cdd10b8,"Antenatal care coverage, at least four visits",364,Iran (Islamic Republic of),IRN,54.19766348,32.74370885,Central and Southern Asia,G,Global,2019,PT,Percent,2005,94.3,C,True
III.4,682508c0,Antenatal care coverage,7cdd10b8,"Antenatal care coverage, at least four visits",368,Iraq,IRQ,43.76606267,33.05013795,Northern Africa and Western Asia,G,Global,2019,PT,Percent,2011,49.6,C,True
III.4,682508c0,Antenatal care coverage,7cdd10b8,"Antenatal care coverage, at least four visits",380,Italy,ITA,12.57022427,42.79917282,Europe and Northern America,G,Global,2019,PT,Percent,2003,68.1,C,True
III.4,682508c0,Antenatal care coverage,7cdd10b8,"Antenatal care coverage, at least four visits",384,C么te d'Ivoire,CIV,-5.552690016,7.62211586,Sub-Saharan Africa,G,Global,2019,PT,Percent,1999,35.6,C,False
III.4,682508c0,Antenatal care coverage,7cdd10b8,"Antenatal care coverage, at least four visits",384,C么te d'Ivoire,CIV,-5.552690016,7.62211586,Sub-Saharan Africa,G,Global,2019,PT,Percent,2005,45.3,C,False
III.4,682508c0,Antenatal care coverage,7cdd10b8,"Antenatal care coverage, at least four visits",384,C么te d'Ivoire,CIV,-5.552690016,7.62211586,Sub-Saharan Africa,G,Global,2019,PT,Percent,2012,44.2,C,False
III.4,682508c0,Antenatal care coverage,7cdd10b8,"Antenatal care coverage, at least four visits",384,C么te d'Ivoire,CIV,-5.552690016,7.62211586,Sub-Saharan Africa,G,Global,2019,PT,Percent,2016,51.3,C,True
III.4,682508c0,Antenatal care coverage,7cdd10b8,"Antenatal care coverage, at least four visits",388,Jamaica,JAM,-77.31068409,18.15616857,Latin America and the Caribbean,G,Global,2019,PT,Percent,1997,87.2,C,False
III.4,682508c0,Antenatal care coverage,7cdd10b8,"Antenatal care coverage, at least four visits",388,Jamaica,JAM,-77.31068409,18.15616857,Latin America and the Caribbean,G,Global,2019,PT,Percent,2008,87.0,C,False
III.4,682508c0,Antenatal care coverage,7cdd10b8,"Antenatal care coverage, at least four visits",388,Jamaica,JAM,-77.31068409,18.15616857,Latin America and the Caribbean,G,Global,2019,PT,Percent,2011,85.6,C,True
III.4,682508c0,Antenatal care coverage,7cdd10b8,"Antenatal care coverage, at least four visits",398,Kazakhstan,KAZ,66.65359159,48.01963494,Central and Southern Asia,G,Global,2019,PT,Percent,1995,81.9,C,False
III.4,682508c0,Antenatal care coverage,7cdd10b8,"Antenatal care coverage, at least four visits",398,Kazakhstan,KAZ,66.65359159,48.01963494,Central and Southern Asia,G,Global,2019,PT,Percent,1999,70.0,C,False
III.4,682508c0,Antenatal care coverage,7cdd10b8,"Antenatal care coverage, at least four visits",398,Kazakhstan,KAZ,66.65359159,48.01963494,Central and Southern Asia,G,Global,2019,PT,Percent,2011,87.0,C,False
III.4,682508c0,Antenatal care coverage,7cdd10b8,"Antenatal care coverage, at least four visits",398,Kazakhstan,KAZ,66.65359159,48.01963494,Central and Southern Asia,G,Global,2019,PT,Percent,2015,95.3,C,True
III.4,682508c0,Antenatal care coverage,7cdd10b8,"Antenatal care coverage, at least four visits",4,Afghanistan,AFG,66.02688198,33.83160199,Central and Southern Asia,G,Global,2019,PT,Percent,2010,16.1,C,False
III.4,682508c0,Antenatal care coverage,7cdd10b8,"Antenatal care coverage, at least four visits",4,Afghanistan,AFG,66.02688198,33.83160199,Central and Southern Asia,G,Global,2019,PT,Percent,2011,14.6,C,False
III.4,682508c0,Antenatal care coverage,7cdd10b8,"Antenatal care coverage, at least four visits",4,Afghanistan,AFG,66.02688198,33.83160199,Central and Southern Asia,G,Global,2019,PT,Percent,2014,22.7,C,False
III.4,682508c0,Antenatal care coverage,7cdd10b8,"Antenatal care coverage, at least four visits",4,Afghanistan,AFG,66.02688198,33.83160199,Central and Southern Asia,G,Global,2019,PT,Percent,2015,17.8,C,True
III.4,682508c0,Antenatal care coverage,7cdd10b8,"Antenatal care coverage, at least four visits",400,Jordan,JOR,37.13024774,30.65365973,Northern Africa and Western Asia,G,Global,2019,PT,Percent,1997,86.2,C,False
III.4,682508c0,Antenatal care coverage,7cdd10b8,"Antenatal care coverage, at least four visits",400,Jordan,JOR,37.13024774,30.65365973,Northern Africa and Western Asia,G,Global,2019,PT,Percent,2002,90.9,C,False
III.4,682508c0,Antenatal care coverage,7cdd10b8,"Antenatal care coverage, at least four visits",400,Jordan,JOR,37.13024774,30.65365973,Northern Africa and Western Asia,G,Global,2019,PT,Percent,2007,94.1,C,False
III.4,682508c0,Antenatal care coverage,7cdd10b8,"Antenatal care coverage, at least four visits",400,Jordan,JOR,37.13024774,30.65365973,Northern Africa and Western Asia,G,Global,2019,PT,Percent,2012,94.5,C,True
III.4,682508c0,Antenatal care coverage,7cdd10b8,"Antenatal care coverage, at least four visits",404,Kenya,KEN,37.86096816,0.534797278,Sub-Saharan Africa,G,Global,2019,PT,Percent,1998,60.8,C,False
III.4,682508c0,Antenatal care coverage,7cdd10b8,"Antenatal care coverage, at least four visits",404,Kenya,KEN,37.86096816,0.534797278,Sub-Saharan Africa,G,Global,2019,PT,Percent,2003,52.3,C,False
III.4,682508c0,Antenatal care coverage,7cdd10b8,"Antenatal care coverage, at least four visits",404,Kenya,KEN,37.86096816,0.534797278,Sub-Saharan Africa,G,Global,2019,PT,Percent,2009,47.1,C,False
III.4,682508c0,Antenatal care coverage,7cdd10b8,"Antenatal care coverage, at least four visits",404,Kenya,KEN,37.86096816,0.534797278,Sub-Saharan Africa,G,Global,2019,PT,Percent,2014,57.6,C,True
III.4,682508c0,Antenatal care coverage,7cdd10b8,"Antenatal care coverage, at least four visits",408,Democratic People's Republic of Korea,PRK,127.1803633,40.1462645,Eastern and South-Eastern Asia,G,Global,2019,PT,Percent,2009,93.5,C,False
III.4,682508c0,Antenatal care coverage,7cdd10b8,"Antenatal care coverage, at least four visits",408,Democratic People's Republic of Korea,PRK,127.1803633,40.1462645,Eastern and South-Eastern Asia,G,Global,2019,PT,Percent,2017,93.7,C,True
III.4,682508c0,Antenatal care coverage,7cdd10b8,"Antenatal care coverage, at least four visits",410,Republic of Korea,KOR,127.8610254,36.45201023,Eastern and South-Eastern Asia,G,Global,2019,PT,Percent,2012,96.8,C,True
III.4,682508c0,Antenatal care coverage,7cdd10b8,"Antenatal care coverage, at least four visits",417,Kyrgyzstan,KGZ,74.52324839,41.46204516,Central and Southern Asia,G,Global,2019,PT,Percent,1997,81.1,C,False
III.4,682508c0,Antenatal care coverage,7cdd10b8,"Antenatal care coverage, at least four visits",417,Kyrgyzstan,KGZ,74.52324839,41.46204516,Central and Southern Asia,G,Global,2019,PT,Percent,2012,83.6,C,False
III.4,682508c0,Antenatal care coverage,7cdd10b8,"Antenatal care coverage, at least four visits",417,Kyrgyzstan,KGZ,74.52324839,41.46204516,Central and Southern Asia,G,Global,2019,PT,Percent,2014,94.6,C,True
III.4,682508c0,Antenatal care coverage,7cdd10b8,"Antenatal care coverage, at least four visits",418,Lao People's Democratic Republic,LAO,101.9901968,20.27482773,Eastern and South-Eastern Asia,G,Global,2019,PT,Percent,2012,36.9,C,True
III.4,682508c0,Antenatal care coverage,7cdd10b8,"Antenatal care coverage, at least four visits",426,Lesotho,LSO,28.25362195,-29.58041814,Sub-Saharan Africa,G,Global,2019,PT,Percent,2004,69.6,C,False
III.4,682508c0,Antenatal care coverage,7cdd10b8,"Antenatal care coverage, at least four visits",426,Lesotho,LSO,28.25362195,-29.58041814,Sub-Saharan Africa,G,Global,2019,PT,Percent,2009,70.4,C,False
III.4,682508c0,Antenatal care coverage,7cdd10b8,"Antenatal care coverage, at least four visits",426,Lesotho,LSO,28.25362195,-29.58041814,Sub-Saharan Africa,G,Global,2019,PT,Percent,2014,74.4,C,True
III.4,682508c0,Antenatal care coverage,7cdd10b8,"Antenatal care coverage, at least four visits",430,Liberia,LBR,-9.311879038,6.448381009,Sub-Saharan Africa,G,Global,2019,PT,Percent,2007,66.0,C,False
III.4,682508c0,Antenatal care coverage,7cdd10b8,"Antenatal care coverage, at least four visits",430,Liberia,LBR,-9.311879038,6.448381009,Sub-Saharan Africa,G,Global,2019,PT,Percent,2013,78.1,C,False
III.4,682508c0,Antenatal care coverage,7cdd10b8,"Antenatal care coverage, at least four visits",430,Liberia,LBR,-9.311879038,6.448381009,Sub-Saharan Africa,G,Global,2019,PT,Percent,2016,79.2,C,True
III.4,682508c0,Antenatal care coverage,7cdd10b8,"Antenatal care coverage, at least four visits",44,Bahamas,BHS,-78.05111663,24.69546597,Latin America and the Caribbean,G,Global,2019,PT,Percent,2013,85.0,C,True
III.4,682508c0,Antenatal care coverage,7cdd10b8,"Antenatal care coverage, at least four visits",442,Luxembourg,LUX,6.092656563,49.77679538,Europe and Northern America,G,Global,2019,PT,Percent,2011,97.3,C,True
III.4,682508c0,Antenatal care coverage,7cdd10b8,"Antenatal care coverage, at least four visits",450,Madagascar,MDG,46.6982339,-19.38514785,Sub-Saharan Africa,G,Global,2019,PT,Percent,1997,39.7,C,False
III.4,682508c0,Antenatal care coverage,7cdd10b8,"Antenatal care coverage, at least four visits",450,Madagascar,MDG,46.6982339,-19.38514785,Sub-Saharan Africa,G,Global,2019,PT,Percent,2004,39.9,C,False
III.4,682508c0,Antenatal care coverage,7cdd10b8,"Antenatal care coverage, at least four visits",450,Madagascar,MDG,46.6982339,-19.38514785,Sub-Saharan Africa,G,Global,2019,PT,Percent,2009,49.3,C,False
III.4,682508c0,Antenatal care coverage,7cdd10b8,"Antenatal care coverage, at least four visits",450,Madagascar,MDG,46.6982339,-19.38514785,Sub-Saharan Africa,G,Global,2019,PT,Percent,2013,51.1,C,True
III.4,682508c0,Antenatal care coverage,7cdd10b8,"Antenatal care coverage, at least four visits",454,Malawi,MWI,33.4884625,-13.40819859,Sub-Saharan Africa,G,Global,2019,PT,Percent,2000,56.0,C,False
III.4,682508c0,Antenatal care coverage,7cdd10b8,"Antenatal care coverage, at least four visits",454,Malawi,MWI,33.4884625,-13.40819859,Sub-Saharan Africa,G,Global,2019,PT,Percent,2004,57.1,C,False
III.4,682508c0,Antenatal care coverage,7cdd10b8,"Antenatal care coverage, at least four visits",454,Malawi,MWI,33.4884625,-13.40819859,Sub-Saharan Africa,G,Global,2019,PT,Percent,2010,45.5,C,False
III.4,682508c0,Antenatal care coverage,7cdd10b8,"Antenatal care coverage, at least four visits",454,Malawi,MWI,33.4884625,-13.40819859,Sub-Saharan Africa,G,Global,2019,PT,Percent,2014,44.7,C,False
III.4,682508c0,Antenatal care coverage,7cdd10b8,"Antenatal care coverage, at least four visits",454,Malawi,MWI,33.4884625,-13.40819859,Sub-Saharan Africa,G,Global,2019,PT,Percent,2016,50.6,C,True
III.4,682508c0,Antenatal care coverage,7cdd10b8,"Antenatal care coverage, at least four visits",462,Maldives,MDV,73.09672546,-0.614385021,Central and Southern Asia,G,Global,2019,PT,Percent,1999,65.0,C,False
III.4,682508c0,Antenatal care coverage,7cdd10b8,"Antenatal care coverage, at least four visits",462,Maldives,MDV,73.09672546,-0.614385021,Central and Southern Asia,G,Global,2019,PT,Percent,2004,91.0,C,False
III.4,682508c0,Antenatal care coverage,7cdd10b8,"Antenatal care coverage, at least four visits",462,Maldives,MDV,73.09672546,-0.614385021,Central and Southern Asia,G,Global,2019,PT,Percent,2009,85.1,C,True
III.4,682508c0,Antenatal care coverage,7cdd10b8,"Antenatal care coverage, at least four visits",466,Mali,MLI,-3.522016039,17.35311254,Sub-Saharan Africa,G,Global,2019,PT,Percent,1996,25.8,C,False
III.4,682508c0,Antenatal care coverage,7cdd10b8,"Antenatal care coverage, at least four visits",466,Mali,MLI,-3.522016039,17.35311254,Sub-Saharan Africa,G,Global,2019,PT,Percent,2001,29.9,C,False
III.4,682508c0,Antenatal care coverage,7cdd10b8,"Antenatal care coverage, at least four visits",466,Mali,MLI,-3.522016039,17.35311254,Sub-Saharan Africa,G,Global,2019,PT,Percent,2006,35.4,C,False
III.4,682508c0,Antenatal care coverage,7cdd10b8,"Antenatal care coverage, at least four visits",466,Mali,MLI,-3.522016039,17.35311254,Sub-Saharan Africa,G,Global,2019,PT,Percent,2010,34.9,C,False
III.4,682508c0,Antenatal care coverage,7cdd10b8,"Antenatal care coverage, at least four visits",466,Mali,MLI,-3.522016039,17.35311254,Sub-Saharan Africa,G,Global,2019,PT,Percent,2015,38.0,C,True
III.4,682508c0,Antenatal care coverage,7cdd10b8,"Antenatal care coverage, at least four visits",478,Mauritania,MRT,-10.33187259,20.26089546,Sub-Saharan Africa,G,Global,2019,PT,Percent,2001,16.4,C,False
III.4,682508c0,Antenatal care coverage,7cdd10b8,"Antenatal care coverage, at least four visits",478,Mauritania,MRT,-10.33187259,20.26089546,Sub-Saharan Africa,G,Global,2019,PT,Percent,2011,48.4,C,False
III.4,682508c0,Antenatal care coverage,7cdd10b8,"Antenatal care coverage, at least four visits",478,Mauritania,MRT,-10.33187259,20.26089546,Sub-Saharan Africa,G,Global,2019,PT,Percent,2015,63.0,C,True
III.4,682508c0,Antenatal care coverage,7cdd10b8,"Antenatal care coverage, at least four visits",48,Bahrain,BHR,50.5490754,26.04407747,Northern Africa and Western Asia,G,Global,2019,PT,Percent,2013,100.0,C,True
III.4,682508c0,Antenatal care coverage,7cdd10b8,"Antenatal care coverage, at least four visits",484,Mexico,MEX,-102.5148166,23.93378032,Latin America and the Caribbean,G,Global,2019,PT,Percent,2006,88.3,C,False
III.4,682508c0,Antenatal care coverage,7cdd10b8,"Antenatal care coverage, at least four visits",484,Mexico,MEX,-102.5148166,23.93378032,Latin America and the Caribbean,G,Global,2019,PT,Percent,2009,86.3,C,False
III.4,682508c0,Antenatal care coverage,7cdd10b8,"Antenatal care coverage, at least four visits",484,Mexico,MEX,-102.5148166,23.93378032,Latin America and the Caribbean,G,Global,2019,PT,Percent,2012,91.0,C,False
III.4,682508c0,Antenatal care coverage,7cdd10b8,"Antenatal care coverage, at least four visits",484,Mexico,MEX,-102.5148166,23.93378032,Latin America and the Caribbean,G,Global,2019,PT,Percent,2015,94.3,C,True
III.4,682508c0,Antenatal care coverage,7cdd10b8,"Antenatal care coverage, at least four visits",496,Mongolia,MNG,103.0728057,46.83892054,Eastern and South-Eastern Asia,G,Global,2019,PT,Percent,2010,81.4,C,False
III.4,682508c0,Antenatal care coverage,7cdd10b8,"Antenatal care coverage, at least four visits",496,Mongolia,MNG,103.0728057,46.83892054,Eastern and South-Eastern Asia,G,Global,2019,PT,Percent,2013,89.6,C,False
III.4,682508c0,Antenatal care coverage,7cdd10b8,"Antenatal care coverage, at least four visits",496,Mongolia,MNG,103.0728057,46.83892054,Eastern and South-Eastern Asia,G,Global,2019,PT,Percent,2014,89.6,C,True
III.4,682508c0,Antenatal care coverage,7cdd10b8,"Antenatal care coverage, at least four visits",498,Republic of Moldova,MDA,28.4650624,47.20236795,Europe and Northern America,G,Global,2019,PT,Percent,1997,87.4,C,False
III.4,682508c0,Antenatal care coverage,7cdd10b8,"Antenatal care coverage, at least four visits",498,Republic of Moldova,MDA,28.4650624,47.20236795,Europe and Northern America,G,Global,2019,PT,Percent,2005,88.8,C,False
III.4,682508c0,Antenatal care coverage,7cdd10b8,"Antenatal care coverage, at least four visits",498,Republic of Moldova,MDA,28.4650624,47.20236795,Europe and Northern America,G,Global,2019,PT,Percent,2012,95.4,C,True
III.4,682508c0,Antenatal care coverage,7cdd10b8,"Antenatal care coverage, at least four visits",499,Montenegro,MNE,19.25214024,42.78717043,Europe and Northern America,G,Global,2019,PT,Percent,2013,86.6,C,True
III.4,682508c0,Antenatal care coverage,7cdd10b8,"Antenatal care coverage, at least four visits",50,Bangladesh,BGD,89.17660788,22.86961622,Central and Southern Asia,G,Global,2019,PT,Percent,1997,5.8,C,False
III.4,682508c0,Antenatal care coverage,7cdd10b8,"Antenatal care coverage, at least four visits",50,Bangladesh,BGD,89.17660788,22.86961622,Central and Southern Asia,G,Global,2019,PT,Percent,2000,10.5,C,False
III.4,682508c0,Antenatal care coverage,7cdd10b8,"Antenatal care coverage, at least four visits",50,Bangladesh,BGD,89.17660788,22.86961622,Central and Southern Asia,G,Global,2019,PT,Percent,2001,11.6,C,False
III.4,682508c0,Antenatal care coverage,7cdd10b8,"Antenatal care coverage, at least four visits",50,Bangladesh,BGD,89.17660788,22.86961622,Central and Southern Asia,G,Global,2019,PT,Percent,2004,15.9,C,False
III.4,682508c0,Antenatal care coverage,7cdd10b8,"Antenatal care coverage, at least four visits",50,Bangladesh,BGD,89.17660788,22.86961622,Central and Southern Asia,G,Global,2019,PT,Percent,2007,20.6,C,False
III.4,682508c0,Antenatal care coverage,7cdd10b8,"Antenatal care coverage, at least four visits",50,Bangladesh,BGD,89.17660788,22.86961622,Central and Southern Asia,G,Global,2019,PT,Percent,2010,23.4,C,False
III.4,682508c0,Antenatal care coverage,7cdd10b8,"Antenatal care coverage, at least four visits",50,Bangladesh,BGD,89.17660788,22.86961622,Central and Southern Asia,G,Global,2019,PT,Percent,2011,25.5,C,False
III.4,682508c0,Antenatal care coverage,7cdd10b8,"Antenatal care coverage, at least four visits",50,Bangladesh,BGD,89.17660788,22.86961622,Central and Southern Asia,G,Global,2019,PT,Percent,2013,24.7,C,False
III.4,682508c0,Antenatal care coverage,7cdd10b8,"Antenatal care coverage, at least four visits",50,Bangladesh,BGD,89.17660788,22.86961622,Central and Southern Asia,G,Global,2019,PT,Percent,2014,31.2,C,True
III.4,682508c0,Antenatal care coverage,7cdd10b8,"Antenatal care coverage, at least four visits",504,Morocco,MAR,-6.281942841,31.8440131,Northern Africa and Western Asia,G,Global,2019,PT,Percent,1995,12.0,C,False
III.4,682508c0,Antenatal care coverage,7cdd10b8,"Antenatal care coverage, at least four visits",504,Morocco,MAR,-6.281942841,31.8440131,Northern Africa and Western Asia,G,Global,2019,PT,Percent,2004,30.5,C,False
III.4,682508c0,Antenatal care coverage,7cdd10b8,"Antenatal care coverage, at least four visits",504,Morocco,MAR,-6.281942841,31.8440131,Northern Africa and Western Asia,G,Global,2019,PT,Percent,2011,55.3,C,True
III.4,682508c0,Antenatal care coverage,7cdd10b8,"Antenatal care coverage, at least four visits",508,Mozambique,MOZ,38.18479941,-14.27963886,Sub-Saharan Africa,G,Global,2019,PT,Percent,1997,37.3,C,False
III.4,682508c0,Antenatal care coverage,7cdd10b8,"Antenatal care coverage, at least four visits",508,Mozambique,MOZ,38.18479941,-14.27963886,Sub-Saharan Africa,G,Global,2019,PT,Percent,2003,53.1,C,False
III.4,682508c0,Antenatal care coverage,7cdd10b8,"Antenatal care coverage, at least four visits",508,Mozambique,MOZ,38.18479941,-14.27963886,Sub-Saharan Africa,G,Global,2019,PT,Percent,2011,50.6,C,True
III.4,682508c0,Antenatal care coverage,7cdd10b8,"Antenatal care coverage, at least four visits",51,Armenia,ARM,44.93839317,40.29499741,Northern Africa and Western Asia,G,Global,2019,PT,Percent,2000,64.7,C,False
III.4,682508c0,Antenatal care coverage,7cdd10b8,"Antenatal care coverage, at least four visits",51,Armenia,ARM,44.93839317,40.29499741,Northern Africa and Western Asia,G,Global,2019,PT,Percent,2005,70.9,C,False
III.4,682508c0,Antenatal care coverage,7cdd10b8,"Antenatal care coverage, at least four visits",51,Armenia,ARM,44.93839317,40.29499741,Northern Africa and Western Asia,G,Global,2019,PT,Percent,2010,92.8,C,False
III.4,682508c0,Antenatal care coverage,7cdd10b8,"Antenatal care coverage, at least four visits",51,Armenia,ARM,44.93839317,40.29499741,Northern Africa and Western Asia,G,Global,2019,PT,Percent,2016,96.0,C,True
III.4,682508c0,Antenatal care coverage,7cdd10b8,"Antenatal care coverage, at least four visits",512,Oman,OMN,57.87743482,21.98805614,Northern Africa and Western Asia,G,Global,2019,PT,Percent,2006,83.3,C,False
III.4,682508c0,Antenatal care coverage,7cdd10b8,"Antenatal care coverage, at least four visits",512,Oman,OMN,57.87743482,21.98805614,Northern Africa and Western Asia,G,Global,2019,PT,Percent,2007,86.3,C,False
III.4,682508c0,Antenatal care coverage,7cdd10b8,"Antenatal care coverage, at least four visits",512,Oman,OMN,57.87743482,21.98805614,Northern Africa and Western Asia,G,Global,2019,PT,Percent,2008,96.4,C,False
III.4,682508c0,Antenatal care coverage,7cdd10b8,"Antenatal care coverage, at least four visits",512,Oman,OMN,57.87743482,21.98805614,Northern Africa and Western Asia,G,Global,2019,PT,Percent,2012,80.4,C,False
III.4,682508c0,Antenatal care coverage,7cdd10b8,"Antenatal care coverage, at least four visits",512,Oman,OMN,57.87743482,21.98805614,Northern Africa and Western Asia,G,Global,2019,PT,Percent,2014,93.8,C,True
III.4,682508c0,Antenatal care coverage,7cdd10b8,"Antenatal care coverage, at least four visits",516,Namibia,NAM,17.21907885,-22.13817068,Sub-Saharan Africa,G,Global,2019,PT,Percent,2000,69.1,C,False
III.4,682508c0,Antenatal care coverage,7cdd10b8,"Antenatal care coverage, at least four visits",516,Namibia,NAM,17.21907885,-22.13817068,Sub-Saharan Africa,G,Global,2019,PT,Percent,2007,70.4,C,False
III.4,682508c0,Antenatal care coverage,7cdd10b8,"Antenatal care coverage, at least four visits",516,Namibia,NAM,17.21907885,-22.13817068,Sub-Saharan Africa,G,Global,2019,PT,Percent,2013,62.5,C,True
III.4,682508c0,Antenatal care coverage,7cdd10b8,"Antenatal care coverage, at least four visits",52,Barbados,BRB,-59.5346489,13.13648273,Latin America and the Caribbean,G,Global,2019,PT,Percent,2012,87.9,C,True
III.4,682508c0,Antenatal care coverage,7cdd10b8,"Antenatal care coverage, at least four visits",520,Nauru,NRU,166.92313,-0.528742623,"Oceania, exc. Australia and New Zealand",G,Global,2019,PT,Percent,2007,40.2,C,True
III.4,682508c0,Antenatal care coverage,7cdd10b8,"Antenatal care coverage, at least four visits",524,Nepal,NPL,83.94678863,28.25866332,Central and Southern Asia,G,Global,2019,PT,Percent,1996,8.8,C,False
III.4,682508c0,Antenatal care coverage,7cdd10b8,"Antenatal care coverage, at least four visits",524,Nepal,NPL,83.94678863,28.25866332,Central and Southern Asia,G,Global,2019,PT,Percent,2001,14.3,C,False
III.4,682508c0,Antenatal care coverage,7cdd10b8,"Antenatal care coverage, at least four visits",524,Nepal,NPL,83.94678863,28.25866332,Central and Southern Asia,G,Global,2019,PT,Percent,2006,29.4,C,False
III.4,682508c0,Antenatal care coverage,7cdd10b8,"Antenatal care coverage, at least four visits",524,Nepal,NPL,83.94678863,28.25866332,Central and Southern Asia,G,Global,2019,PT,Percent,2011,50.1,C,False
III.4,682508c0,Antenatal care coverage,7cdd10b8,"Antenatal care coverage, at least four visits",524,Nepal,NPL,83.94678863,28.25866332,Central and Southern Asia,G,Global,2019,PT,Percent,2014,59.5,C,False
III.4,682508c0,Antenatal care coverage,7cdd10b8,"Antenatal care coverage, at least four visits",524,Nepal,NPL,83.94678863,28.25866332,Central and Southern Asia,G,Global,2019,PT,Percent,2016,69.4,C,True
III.4,682508c0,Antenatal care coverage,7cdd10b8,"Antenatal care coverage, at least four visits",548,Vanuatu,VUT,167.0679779,-15.34445547,"Oceania, exc. Australia and New Zealand",G,Global,2019,PT,Percent,2013,51.8,C,True
III.4,682508c0,Antenatal care coverage,7cdd10b8,"Antenatal care coverage, at least four visits",558,Nicaragua,NIC,-85.03060315,12.84210839,Latin America and the Caribbean,G,Global,2019,PT,Percent,1998,61.6,C,False
III.4,682508c0,Antenatal care coverage,7cdd10b8,"Antenatal care coverage, at least four visits",558,Nicaragua,NIC,-85.03060315,12.84210839,Latin America and the Caribbean,G,Global,2019,PT,Percent,2001,71.6,C,False
III.4,682508c0,Antenatal care coverage,7cdd10b8,"Antenatal care coverage, at least four visits",558,Nicaragua,NIC,-85.03060315,12.84210839,Latin America and the Caribbean,G,Global,2019,PT,Percent,2007,77.7,C,False
III.4,682508c0,Antenatal care coverage,7cdd10b8,"Antenatal care coverage, at least four visits",558,Nicaragua,NIC,-85.03060315,12.84210839,Latin America and the Caribbean,G,Global,2019,PT,Percent,2012,87.8,C,True
III.4,682508c0,Antenatal care coverage,7cdd10b8,"Antenatal care coverage, at least four visits",562,Niger,NER,9.400167877,17.42143036,Sub-Saharan Africa,G,Global,2019,PT,Percent,1998,11.4,C,False
III.4,682508c0,Antenatal care coverage,7cdd10b8,"Antenatal care coverage, at least four visits",562,Niger,NER,9.400167877,17.42143036,Sub-Saharan Africa,G,Global,2019,PT,Percent,2006,14.9,C,False
III.4,682508c0,Antenatal care coverage,7cdd10b8,"Antenatal care coverage, at least four visits",562,Niger,NER,9.400167877,17.42143036,Sub-Saharan Africa,G,Global,2019,PT,Percent,2012,32.8,C,False
III.4,682508c0,Antenatal care coverage,7cdd10b8,"Antenatal care coverage, at least four visits",562,Niger,NER,9.400167877,17.42143036,Sub-Saharan Africa,G,Global,2019,PT,Percent,2015,38.0,C,True
III.4,682508c0,Antenatal care coverage,7cdd10b8,"Antenatal care coverage, at least four visits",566,Nigeria,NGA,8.097363256,9.585789025,Sub-Saharan Africa,G,Global,2019,PT,Percent,1999,47.3,C,False
III.4,682508c0,Antenatal care coverage,7cdd10b8,"Antenatal care coverage, at least four visits",566,Nigeria,NGA,8.097363256,9.585789025,Sub-Saharan Africa,G,Global,2019,PT,Percent,2003,47.4,C,False
III.4,682508c0,Antenatal care coverage,7cdd10b8,"Antenatal care coverage, at least four visits",566,Nigeria,NGA,8.097363256,9.585789025,Sub-Saharan Africa,G,Global,2019,PT,Percent,2008,44.8,C,False
III.4,682508c0,Antenatal care coverage,7cdd10b8,"Antenatal care coverage, at least four visits",566,Nigeria,NGA,8.097363256,9.585789025,Sub-Saharan Africa,G,Global,2019,PT,Percent,2011,56.6,C,False
III.4,682508c0,Antenatal care coverage,7cdd10b8,"Antenatal care coverage, at least four visits",566,Nigeria,NGA,8.097363256,9.585789025,Sub-Saharan Africa,G,Global,2019,PT,Percent,2013,51.1,C,False
III.4,682508c0,Antenatal care coverage,7cdd10b8,"Antenatal care coverage, at least four visits",566,Nigeria,NGA,8.097363256,9.585789025,Sub-Saharan Africa,G,Global,2019,PT,Percent,2017,49.1,C,True
III.4,682508c0,Antenatal care coverage,7cdd10b8,"Antenatal care coverage, at least four visits",584,Marshall Islands,MHL,171.0839119,7.110213497,"Oceania, exc. Australia and New Zealand",G,Global,2019,PT,Percent,2007,77.1,C,True
III.4,682508c0,Antenatal care coverage,7cdd10b8,"Antenatal care coverage, at least four visits",585,Palau,PLW,134.5733878,7.502307591,"Oceania, exc. Australia and New Zealand",G,Global,2019,PT,Percent,2007,88.0,C,False
III.4,682508c0,Antenatal care coverage,7cdd10b8,"Antenatal care coverage, at least four visits",585,Palau,PLW,134.5733878,7.502307591,"Oceania, exc. Australia and New Zealand",G,Global,2019,PT,Percent,2010,81.0,C,True
III.4,682508c0,Antenatal care coverage,7cdd10b8,"Antenatal care coverage, at least four visits",586,Pakistan,PAK,68.80479684,29.36491634,Central and Southern Asia,G,Global,2019,PT,Percent,2007,28.4,C,False
III.4,682508c0,Antenatal care coverage,7cdd10b8,"Antenatal care coverage, at least four visits",586,Pakistan,PAK,68.80479684,29.36491634,Central and Southern Asia,G,Global,2019,PT,Percent,2013,36.6,C,False
III.4,682508c0,Antenatal care coverage,7cdd10b8,"Antenatal care coverage, at least four visits",586,Pakistan,PAK,68.80479684,29.36491634,Central and Southern Asia,G,Global,2019,PT,Percent,2018,51.4,C,True
III.4,682508c0,Antenatal care coverage,7cdd10b8,"Antenatal care coverage, at least four visits",591,Panama,PAN,-81.26616623,8.450965746,Latin America and the Caribbean,G,Global,2019,PT,Percent,2013,87.9,C,True
III.4,682508c0,Antenatal care coverage,7cdd10b8,"Antenatal care coverage, at least four visits",598,Papua New Guinea,PNG,145.8587761,-6.756057077,"Oceania, exc. Australia and New Zealand",G,Global,2019,PT,Percent,2006,54.9,C,True
III.4,682508c0,Antenatal care coverage,7cdd10b8,"Antenatal care coverage, at least four visits",600,Paraguay,PRY,-60.54854225,-21.70216237,Latin America and the Caribbean,G,Global,2019,PT,Percent,2004,78.8,C,False
III.4,682508c0,Antenatal care coverage,7cdd10b8,"Antenatal care coverage, at least four visits",600,Paraguay,PRY,-60.54854225,-21.70216237,Latin America and the Caribbean,G,Global,2019,PT,Percent,2008,90.5,C,False
III.4,682508c0,Antenatal care coverage,7cdd10b8,"Antenatal care coverage, at least four visits",600,Paraguay,PRY,-60.54854225,-21.70216237,Latin America and the Caribbean,G,Global,2019,PT,Percent,2015,83.3,C,False
III.4,682508c0,Antenatal care coverage,7cdd10b8,"Antenatal care coverage, at least four visits",600,Paraguay,PRY,-60.54854225,-21.70216237,Latin America and the Caribbean,G,Global,2019,PT,Percent,2016,93.6,C,True
III.4,682508c0,Antenatal care coverage,7cdd10b8,"Antenatal care coverage, at least four visits",604,Peru,PER,-71.82093277,-13.58939705,Latin America and the Caribbean,G,Global,2019,PT,Percent,1996,54.0,C,False
III.4,682508c0,Antenatal care coverage,7cdd10b8,"Antenatal care coverage, at least four visits",604,Peru,PER,-71.82093277,-13.58939705,Latin America and the Caribbean,G,Global,2019,PT,Percent,2000,69.0,C,False
III.4,682508c0,Antenatal care coverage,7cdd10b8,"Antenatal care coverage, at least four visits",604,Peru,PER,-71.82093277,-13.58939705,Latin America and the Caribbean,G,Global,2019,PT,Percent,2004,87.0,C,False
III.4,682508c0,Antenatal care coverage,7cdd10b8,"Antenatal care coverage, at least four visits",604,Peru,PER,-71.82093277,-13.58939705,Latin America and the Caribbean,G,Global,2019,PT,Percent,2006,87.4,C,False
III.4,682508c0,Antenatal care coverage,7cdd10b8,"Antenatal care coverage, at least four visits",604,Peru,PER,-71.82093277,-13.58939705,Latin America and the Caribbean,G,Global,2019,PT,Percent,2009,92.5,C,False
III.4,682508c0,Antenatal care coverage,7cdd10b8,"Antenatal care coverage, at least four visits",604,Peru,PER,-71.82093277,-13.58939705,Latin America and the Caribbean,G,Global,2019,PT,Percent,2010,92.9,C,False
III.4,682508c0,Antenatal care coverage,7cdd10b8,"Antenatal care coverage, at least four visits",604,Peru,PER,-71.82093277,-13.58939705,Latin America and the Caribbean,G,Global,2019,PT,Percent,2011,94.2,C,False
III.4,682508c0,Antenatal care coverage,7cdd10b8,"Antenatal care coverage, at least four visits",604,Peru,PER,-71.82093277,-13.58939705,Latin America and the Caribbean,G,Global,2019,PT,Percent,2012,94.4,C,False
III.4,682508c0,Antenatal care coverage,7cdd10b8,"Antenatal care coverage, at least four visits",604,Peru,PER,-71.82093277,-13.58939705,Latin America and the Caribbean,G,Global,2019,PT,Percent,2013,95.1,C,False
III.4,682508c0,Antenatal care coverage,7cdd10b8,"Antenatal care coverage, at least four visits",604,Peru,PER,-71.82093277,-13.58939705,Latin America and the Caribbean,G,Global,2019,PT,Percent,2014,94.7,C,False
III.4,682508c0,Antenatal care coverage,7cdd10b8,"Antenatal care coverage, at least four visits",604,Peru,PER,-71.82093277,-13.58939705,Latin America and the Caribbean,G,Global,2019,PT,Percent,2015,95.6,C,True
III.4,682508c0,Antenatal care coverage,7cdd10b8,"Antenatal care coverage, at least four visits",608,Philippines,PHL,120.8601418,14.16591706,Eastern and South-Eastern Asia,G,Global,2019,PT,Percent,1998,77.0,C,False
III.4,682508c0,Antenatal care coverage,7cdd10b8,"Antenatal care coverage, at least four visits",608,Philippines,PHL,120.8601418,14.16591706,Eastern and South-Eastern Asia,G,Global,2019,PT,Percent,2003,70.4,C,False
III.4,682508c0,Antenatal care coverage,7cdd10b8,"Antenatal care coverage, at least four visits",608,Philippines,PHL,120.8601418,14.16591706,Eastern and South-Eastern Asia,G,Global,2019,PT,Percent,2008,77.8,C,False
III.4,682508c0,Antenatal care coverage,7cdd10b8,"Antenatal care coverage, at least four visits",608,Philippines,PHL,120.8601418,14.16591706,Eastern and South-Eastern Asia,G,Global,2019,PT,Percent,2011,78.1,C,False
III.4,682508c0,Antenatal care coverage,7cdd10b8,"Antenatal care coverage, at least four visits",608,Philippines,PHL,120.8601418,14.16591706,Eastern and South-Eastern Asia,G,Global,2019,PT,Percent,2013,84.3,C,False
III.4,682508c0,Antenatal care coverage,7cdd10b8,"Antenatal care coverage, at least four visits",608,Philippines,PHL,120.8601418,14.16591706,Eastern and South-Eastern Asia,G,Global,2019,PT,Percent,2017,86.5,C,True
III.4,682508c0,Antenatal care coverage,7cdd10b8,"Antenatal care coverage, at least four visits",624,Guinea-Bissau,GNB,-14.40182514,12.11760394,Sub-Saharan Africa,G,Global,2019,PT,Percent,2010,67.6,C,False
III.4,682508c0,Antenatal care coverage,7cdd10b8,"Antenatal care coverage, at least four visits",624,Guinea-Bissau,GNB,-14.40182514,12.11760394,Sub-Saharan Africa,G,Global,2019,PT,Percent,2014,64.9,C,True
III.4,682508c0,Antenatal care coverage,7cdd10b8,"Antenatal care coverage, at least four visits",626,Timor-Leste,TLS,125.9451052,-8.797497247,Eastern and South-Eastern Asia,G,Global,2019,PT,Percent,2003,29.6,C,False
III.4,682508c0,Antenatal care coverage,7cdd10b8,"Antenatal care coverage, at least four visits",626,Timor-Leste,TLS,125.9451052,-8.797497247,Eastern and South-Eastern Asia,G,Global,2019,PT,Percent,2010,55.1,C,False
III.4,682508c0,Antenatal care coverage,7cdd10b8,"Antenatal care coverage, at least four visits",626,Timor-Leste,TLS,125.9451052,-8.797497247,Eastern and South-Eastern Asia,G,Global,2019,PT,Percent,2016,76.4,C,True
III.4,682508c0,Antenatal care coverage,7cdd10b8,"Antenatal care coverage, at least four visits",634,Qatar,QAT,51.19152467,25.28355379,Northern Africa and Western Asia,G,Global,2019,PT,Percent,2012,84.5,C,True
III.4,682508c0,Antenatal care coverage,7cdd10b8,"Antenatal care coverage, at least four visits",64,Bhutan,BTN,90.45098484,27.39598568,Central and Southern Asia,G,Global,2019,PT,Percent,2010,77.3,C,False
III.4,682508c0,Antenatal care coverage,7cdd10b8,"Antenatal care coverage, at least four visits",64,Bhutan,BTN,90.45098484,27.39598568,Central and Southern Asia,G,Global,2019,PT,Percent,2012,81.5,C,False
III.4,682508c0,Antenatal care coverage,7cdd10b8,"Antenatal care coverage, at least four visits",64,Bhutan,BTN,90.45098484,27.39598568,Central and Southern Asia,G,Global,2019,PT,Percent,2015,85.0,C,True
III.4,682508c0,Antenatal care coverage,7cdd10b8,"Antenatal care coverage, at least four visits",642,Romania,ROU,24.98481009,45.83893563,Europe and Northern America,G,Global,2019,PT,Percent,1999,59.1,C,False
III.4,682508c0,Antenatal care coverage,7cdd10b8,"Antenatal care coverage, at least four visits",642,Romania,ROU,24.98481009,45.83893563,Europe and Northern America,G,Global,2019,PT,Percent,2004,76.0,C,True
III.4,682508c0,Antenatal care coverage,7cdd10b8,"Antenatal care coverage, at least four visits",646,Rwanda,RWA,29.92310194,-1.999842114,Sub-Saharan Africa,G,Global,2019,PT,Percent,2000,10.4,C,False
III.4,682508c0,Antenatal care coverage,7cdd10b8,"Antenatal care coverage, at least four visits",646,Rwanda,RWA,29.92310194,-1.999842114,Sub-Saharan Africa,G,Global,2019,PT,Percent,2005,13.3,C,False
III.4,682508c0,Antenatal care coverage,7cdd10b8,"Antenatal care coverage, at least four visits",646,Rwanda,RWA,29.92310194,-1.999842114,Sub-Saharan Africa,G,Global,2019,PT,Percent,2008,23.9,C,False
III.4,682508c0,Antenatal care coverage,7cdd10b8,"Antenatal care coverage, at least four visits",646,Rwanda,RWA,29.92310194,-1.999842114,Sub-Saharan Africa,G,Global,2019,PT,Percent,2010,35.4,C,False
III.4,682508c0,Antenatal care coverage,7cdd10b8,"Antenatal care coverage, at least four visits",646,Rwanda,RWA,29.92310194,-1.999842114,Sub-Saharan Africa,G,Global,2019,PT,Percent,2015,43.9,C,True
III.4,682508c0,Antenatal care coverage,7cdd10b8,"Antenatal care coverage, at least four visits",662,Saint Lucia,LCA,-60.96529553,13.89405601,Latin America and the Caribbean,G,Global,2019,PT,Percent,2012,90.3,C,True
III.4,682508c0,Antenatal care coverage,7cdd10b8,"Antenatal care coverage, at least four visits",670,Saint Vincent and the Grenadines,VCT,-61.19024321,13.24627968,Latin America and the Caribbean,G,Global,2019,PT,Percent,2009,99.5,C,True
III.4,682508c0,Antenatal care coverage,7cdd10b8,"Antenatal care coverage, at least four visits",678,Sao Tome and Principe,STP,6.609772265,0.241554875,Sub-Saharan Africa,G,Global,2019,PT,Percent,2009,72.4,C,False
III.4,682508c0,Antenatal care coverage,7cdd10b8,"Antenatal care coverage, at least four visits",678,Sao Tome and Principe,STP,6.609772265,0.241554875,Sub-Saharan Africa,G,Global,2019,PT,Percent,2014,83.6,C,True
III.4,682508c0,Antenatal care coverage,7cdd10b8,"Antenatal care coverage, at least four visits",68,Bolivia (Plurinational State of),BOL,-64.66224284,-16.71273412,Latin America and the Caribbean,G,Global,2019,PT,Percent,1998,48.0,C,False
III.4,682508c0,Antenatal care coverage,7cdd10b8,"Antenatal care coverage, at least four visits",68,Bolivia (Plurinational State of),BOL,-64.66224284,-16.71273412,Latin America and the Caribbean,G,Global,2019,PT,Percent,2003,57.9,C,False
III.4,682508c0,Antenatal care coverage,7cdd10b8,"Antenatal care coverage, at least four visits",68,Bolivia (Plurinational State of),BOL,-64.66224284,-16.71273412,Latin America and the Caribbean,G,Global,2019,PT,Percent,2008,72.1,C,False
III.4,682508c0,Antenatal care coverage,7cdd10b8,"Antenatal care coverage, at least four visits",68,Bolivia (Plurinational State of),BOL,-64.66224284,-16.71273412,Latin America and the Caribbean,G,Global,2019,PT,Percent,2012,75.3,C,True
III.4,682508c0,Antenatal care coverage,7cdd10b8,"Antenatal care coverage, at least four visits",686,Senegal,SEN,-14.46636926,14.35920905,Sub-Saharan Africa,G,Global,2019,PT,Percent,1997,16.6,C,False
III.4,682508c0,Antenatal care coverage,7cdd10b8,"Antenatal care coverage, at least four visits",686,Senegal,SEN,-14.46636926,14.35920905,Sub-Saharan Africa,G,Global,2019,PT,Percent,2005,39.8,C,False
III.4,682508c0,Antenatal care coverage,7cdd10b8,"Antenatal care coverage, at least four visits",686,Senegal,SEN,-14.46636926,14.35920905,Sub-Saharan Africa,G,Global,2019,PT,Percent,2011,50.0,C,False
III.4,682508c0,Antenatal care coverage,7cdd10b8,"Antenatal care coverage, at least four visits",686,Senegal,SEN,-14.46636926,14.35920905,Sub-Saharan Africa,G,Global,2019,PT,Percent,2013,46.5,C,False
III.4,682508c0,Antenatal care coverage,7cdd10b8,"Antenatal care coverage, at least four visits",686,Senegal,SEN,-14.46636926,14.35920905,Sub-Saharan Africa,G,Global,2019,PT,Percent,2014,48.1,C,False
III.4,682508c0,Antenatal care coverage,7cdd10b8,"Antenatal care coverage, at least four visits",686,Senegal,SEN,-14.46636926,14.35920905,Sub-Saharan Africa,G,Global,2019,PT,Percent,2015,46.7,C,False
III.4,682508c0,Antenatal care coverage,7cdd10b8,"Antenatal care coverage, at least four visits",686,Senegal,SEN,-14.46636926,14.35920905,Sub-Saharan Africa,G,Global,2019,PT,Percent,2017,57.0,C,True
III.4,682508c0,Antenatal care coverage,7cdd10b8,"Antenatal care coverage, at least four visits",688,Serbia,SRB,20.805876,44.03145697,Europe and Northern America,G,Global,2019,PT,Percent,2010,94.2,C,False
III.4,682508c0,Antenatal care coverage,7cdd10b8,"Antenatal care coverage, at least four visits",688,Serbia,SRB,20.805876,44.03145697,Europe and Northern America,G,Global,2019,PT,Percent,2014,93.9,C,True
III.4,682508c0,Antenatal care coverage,7cdd10b8,"Antenatal care coverage, at least four visits",694,Sierra Leone,SLE,-11.78306584,8.568604164,Sub-Saharan Africa,G,Global,2019,PT,Percent,2008,56.1,C,False
III.4,682508c0,Antenatal care coverage,7cdd10b8,"Antenatal care coverage, at least four visits",694,Sierra Leone,SLE,-11.78306584,8.568604164,Sub-Saharan Africa,G,Global,2019,PT,Percent,2010,74.7,C,False
III.4,682508c0,Antenatal care coverage,7cdd10b8,"Antenatal care coverage, at least four visits",694,Sierra Leone,SLE,-11.78306584,8.568604164,Sub-Saharan Africa,G,Global,2019,PT,Percent,2013,76.0,C,False
III.4,682508c0,Antenatal care coverage,7cdd10b8,"Antenatal care coverage, at least four visits",694,Sierra Leone,SLE,-11.78306584,8.568604164,Sub-Saharan Africa,G,Global,2019,PT,Percent,2017,77.5,C,True
III.4,682508c0,Antenatal care coverage,7cdd10b8,"Antenatal care coverage, at least four visits",70,Bosnia and Herzegovina,BIH,17.78584332,44.16845548,Europe and Northern America,G,Global,2019,PT,Percent,2012,84.2,C,True
III.4,682508c0,Antenatal care coverage,7cdd10b8,"Antenatal care coverage, at least four visits",704,Viet Nam,VNM,105.802499,10.09643079,Eastern and South-Eastern Asia,G,Global,2019,PT,Percent,1997,15.2,C,False
III.4,682508c0,Antenatal care coverage,7cdd10b8,"Antenatal care coverage, at least four visits",704,Viet Nam,VNM,105.802499,10.09643079,Eastern and South-Eastern Asia,G,Global,2019,PT,Percent,2002,29.3,C,False
III.4,682508c0,Antenatal care coverage,7cdd10b8,"Antenatal care coverage, at least four visits",704,Viet Nam,VNM,105.802499,10.09643079,Eastern and South-Eastern Asia,G,Global,2019,PT,Percent,2011,59.6,C,False
III.4,682508c0,Antenatal care coverage,7cdd10b8,"Antenatal care coverage, at least four visits",704,Viet Nam,VNM,105.802499,10.09643079,Eastern and South-Eastern Asia,G,Global,2019,PT,Percent,2014,73.7,C,True
III.4,682508c0,Antenatal care coverage,7cdd10b8,"Antenatal care coverage, at least four visits",706,Somalia,SOM,46.20367477,4.406485729,Sub-Saharan Africa,G,Global,2019,PT,Percent,2006,6.3,C,True
III.4,682508c0,Antenatal care coverage,7cdd10b8,"Antenatal care coverage, at least four visits",710,South Africa,ZAF,24.67184355,-29.99957544,Sub-Saharan Africa,G,Global,2019,PT,Percent,1998,73.1,C,False
III.4,682508c0,Antenatal care coverage,7cdd10b8,"Antenatal care coverage, at least four visits",710,South Africa,ZAF,24.67184355,-29.99957544,Sub-Saharan Africa,G,Global,2019,PT,Percent,2003,56.1,C,False
III.4,682508c0,Antenatal care coverage,7cdd10b8,"Antenatal care coverage, at least four visits",710,South Africa,ZAF,24.67184355,-29.99957544,Sub-Saharan Africa,G,Global,2019,PT,Percent,2008,87.1,C,False
III.4,682508c0,Antenatal care coverage,7cdd10b8,"Antenatal care coverage, at least four visits",710,South Africa,ZAF,24.67184355,-29.99957544,Sub-Saharan Africa,G,Global,2019,PT,Percent,2016,75.5,C,True
III.4,682508c0,Antenatal care coverage,7cdd10b8,"Antenatal care coverage, at least four visits",716,Zimbabwe,ZWE,29.86909584,-19.00075492,Sub-Saharan Africa,G,Global,2019,PT,Percent,1999,64.3,C,False
III.4,682508c0,Antenatal care coverage,7cdd10b8,"Antenatal care coverage, at least four visits",716,Zimbabwe,ZWE,29.86909584,-19.00075492,Sub-Saharan Africa,G,Global,2019,PT,Percent,2006,71.1,C,False
III.4,682508c0,Antenatal care coverage,7cdd10b8,"Antenatal care coverage, at least four visits",716,Zimbabwe,ZWE,29.86909584,-19.00075492,Sub-Saharan Africa,G,Global,2019,PT,Percent,2009,56.8,C,False
III.4,682508c0,Antenatal care coverage,7cdd10b8,"Antenatal care coverage, at least four visits",716,Zimbabwe,ZWE,29.86909584,-19.00075492,Sub-Saharan Africa,G,Global,2019,PT,Percent,2011,64.8,C,False
III.4,682508c0,Antenatal care coverage,7cdd10b8,"Antenatal care coverage, at least four visits",716,Zimbabwe,ZWE,29.86909584,-19.00075492,Sub-Saharan Africa,G,Global,2019,PT,Percent,2014,70.1,C,False
III.4,682508c0,Antenatal care coverage,7cdd10b8,"Antenatal care coverage, at least four visits",716,Zimbabwe,ZWE,29.86909584,-19.00075492,Sub-Saharan Africa,G,Global,2019,PT,Percent,2015,75.7,C,True
III.4,682508c0,Antenatal care coverage,7cdd10b8,"Antenatal care coverage, at least four visits",72,Botswana,BWA,23.81380223,-22.18810073,Sub-Saharan Africa,G,Global,2019,PT,Percent,2007,73.3,C,True
III.4,682508c0,Antenatal care coverage,7cdd10b8,"Antenatal care coverage, at least four visits",728,South Sudan,SSD,30.32618773,7.290839152,Sub-Saharan Africa,G,Global,2019,PT,Percent,2010,17.3,C,True
III.4,682508c0,Antenatal care coverage,7cdd10b8,"Antenatal care coverage, at least four visits",729,Sudan,SDN,29.95650159,16.02643066,Northern Africa and Western Asia,G,Global,2019,PT,Percent,2010,47.1,C,False
III.4,682508c0,Antenatal care coverage,7cdd10b8,"Antenatal care coverage, at least four visits",729,Sudan,SDN,29.95650159,16.02643066,Northern Africa and Western Asia,G,Global,2019,PT,Percent,2014,50.7,C,True
III.4,682508c0,Antenatal care coverage,7cdd10b8,"Antenatal care coverage, at least four visits",740,Suriname,SUR,-55.90626394,4.132603197,Latin America and the Caribbean,G,Global,2019,PT,Percent,2010,66.8,C,True
III.4,682508c0,Antenatal care coverage,7cdd10b8,"Antenatal care coverage, at least four visits",748,Eswatini,SWZ,31.50149288,-26.56471011,Sub-Saharan Africa,G,Global,2019,PT,Percent,2007,79.3,C,False
III.4,682508c0,Antenatal care coverage,7cdd10b8,"Antenatal care coverage, at least four visits",748,Eswatini,SWZ,31.50149288,-26.56471011,Sub-Saharan Africa,G,Global,2019,PT,Percent,2010,76.6,C,False
III.4,682508c0,Antenatal care coverage,7cdd10b8,"Antenatal care coverage, at least four visits",748,Eswatini,SWZ,31.50149288,-26.56471011,Sub-Saharan Africa,G,Global,2019,PT,Percent,2014,76.1,C,True
III.4,682508c0,Antenatal care coverage,7cdd10b8,"Antenatal care coverage, at least four visits",76,Brazil,BRA,-53.08432878,-10.77668561,Latin America and the Caribbean,G,Global,2019,PT,Percent,1996,75.9,C,False
III.4,682508c0,Antenatal care coverage,7cdd10b8,"Antenatal care coverage, at least four visits",76,Brazil,BRA,-53.08432878,-10.77668561,Latin America and the Caribbean,G,Global,2019,PT,Percent,2005,87.0,C,False
III.4,682508c0,Antenatal care coverage,7cdd10b8,"Antenatal care coverage, at least four visits",76,Brazil,BRA,-53.08432878,-10.77668561,Latin America and the Caribbean,G,Global,2019,PT,Percent,2006,89.0,C,False
III.4,682508c0,Antenatal care coverage,7cdd10b8,"Antenatal care coverage, at least four visits",76,Brazil,BRA,-53.08432878,-10.77668561,Latin America and the Caribbean,G,Global,2019,PT,Percent,2007,88.7,C,False
III.4,682508c0,Antenatal care coverage,7cdd10b8,"Antenatal care coverage, at least four visits",76,Brazil,BRA,-53.08432878,-10.77668561,Latin America and the Caribbean,G,Global,2019,PT,Percent,2009,90.5,C,False
III.4,682508c0,Antenatal care coverage,7cdd10b8,"Antenatal care coverage, at least four visits",76,Brazil,BRA,-53.08432878,-10.77668561,Latin America and the Caribbean,G,Global,2019,PT,Percent,2011,89.83,C,False
III.4,682508c0,Antenatal care coverage,7cdd10b8,"Antenatal care coverage, at least four visits",76,Brazil,BRA,-53.08432878,-10.77668561,Latin America and the Caribbean,G,Global,2019,PT,Percent,2012,88.7,C,False
III.4,682508c0,Antenatal care coverage,7cdd10b8,"Antenatal care coverage, at least four visits",76,Brazil,BRA,-53.08432878,-10.77668561,Latin America and the Caribbean,G,Global,2019,PT,Percent,2015,90.9,C,True
III.4,682508c0,Antenatal care coverage,7cdd10b8,"Antenatal care coverage, at least four visits",760,Syrian Arab Republic,SYR,38.50466565,35.01676176,Northern Africa and Western Asia,G,Global,2019,PT,Percent,2009,63.7,C,True
III.4,682508c0,Antenatal care coverage,7cdd10b8,"Antenatal care coverage, at least four visits",762,Tajikistan,TJK,69.294998,38.43069666,Central and Southern Asia,G,Global,2019,PT,Percent,2007,49.4,C,False
III.4,682508c0,Antenatal care coverage,7cdd10b8,"Antenatal care coverage, at least four visits",762,Tajikistan,TJK,69.294998,38.43069666,Central and Southern Asia,G,Global,2019,PT,Percent,2012,52.5,C,False
III.4,682508c0,Antenatal care coverage,7cdd10b8,"Antenatal care coverage, at least four visits",762,Tajikistan,TJK,69.294998,38.43069666,Central and Southern Asia,G,Global,2019,PT,Percent,2017,64.2,C,True
III.4,682508c0,Antenatal care coverage,7cdd10b8,"Antenatal care coverage, at least four visits",764,Thailand,THA,101.0202951,15.13089239,Eastern and South-Eastern Asia,G,Global,2019,PT,Percent,2009,79.6,C,False
III.4,682508c0,Antenatal care coverage,7cdd10b8,"Antenatal care coverage, at least four visits",764,Thailand,THA,101.0202951,15.13089239,Eastern and South-Eastern Asia,G,Global,2019,PT,Percent,2012,93.4,C,False
III.4,682508c0,Antenatal care coverage,7cdd10b8,"Antenatal care coverage, at least four visits",764,Thailand,THA,101.0202951,15.13089239,Eastern and South-Eastern Asia,G,Global,2019,PT,Percent,2013,93.4,C,False
III.4,682508c0,Antenatal care coverage,7cdd10b8,"Antenatal care coverage, at least four visits",764,Thailand,THA,101.0202951,15.13089239,Eastern and South-Eastern Asia,G,Global,2019,PT,Percent,2016,90.8,C,True
III.4,682508c0,Antenatal care coverage,7cdd10b8,"Antenatal care coverage, at least four visits",768,Togo,TGO,0.97835765,8.532096072,Sub-Saharan Africa,G,Global,2019,PT,Percent,1998,46.3,C,False
III.4,682508c0,Antenatal care coverage,7cdd10b8,"Antenatal care coverage, at least four visits",768,Togo,TGO,0.97835765,8.532096072,Sub-Saharan Africa,G,Global,2019,PT,Percent,2010,54.9,C,False
III.4,682508c0,Antenatal care coverage,7cdd10b8,"Antenatal care coverage, at least four visits",768,Togo,TGO,0.97835765,8.532096072,Sub-Saharan Africa,G,Global,2019,PT,Percent,2014,57.2,C,True
III.4,682508c0,Antenatal care coverage,7cdd10b8,"Antenatal care coverage, at least four visits",776,Tonga,TON,-175.1959991,-21.19511329,"Oceania, exc. Australia and New Zealand",G,Global,2019,PT,Percent,2012,70.4,C,True
III.4,682508c0,Antenatal care coverage,7cdd10b8,"Antenatal care coverage, at least four visits",780,Trinidad and Tobago,TTO,-61.29389504,10.41877263,Latin America and the Caribbean,G,Global,2019,PT,Percent,2011,87.3,C,False
III.4,682508c0,Antenatal care coverage,7cdd10b8,"Antenatal care coverage, at least four visits",780,Trinidad and Tobago,TTO,-61.29389504,10.41877263,Latin America and the Caribbean,G,Global,2019,PT,Percent,2013,100.0,C,True
III.4,682508c0,Antenatal care coverage,7cdd10b8,"Antenatal care coverage, at least four visits",788,Tunisia,TUN,9.572737411,34.11439971,Northern Africa and Western Asia,G,Global,2019,PT,Percent,2006,67.5,C,False
III.4,682508c0,Antenatal care coverage,7cdd10b8,"Antenatal care coverage, at least four visits",788,Tunisia,TUN,9.572737411,34.11439971,Northern Africa and Western Asia,G,Global,2019,PT,Percent,2012,85.1,C,True
III.4,682508c0,Antenatal care coverage,7cdd10b8,"Antenatal care coverage, at least four visits",792,Turkey,TUR,35.42890329,38.9899684,Northern Africa and Western Asia,G,Global,2019,PT,Percent,1998,42.0,C,False
III.4,682508c0,Antenatal care coverage,7cdd10b8,"Antenatal care coverage, at least four visits",792,Turkey,TUR,35.42890329,38.9899684,Northern Africa and Western Asia,G,Global,2019,PT,Percent,2003,53.9,C,False
III.4,682508c0,Antenatal care coverage,7cdd10b8,"Antenatal care coverage, at least four visits",792,Turkey,TUR,35.42890329,38.9899684,Northern Africa and Western Asia,G,Global,2019,PT,Percent,2008,73.7,C,False
III.4,682508c0,Antenatal care coverage,7cdd10b8,"Antenatal care coverage, at least four visits",792,Turkey,TUR,35.42890329,38.9899684,Northern Africa and Western Asia,G,Global,2019,PT,Percent,2013,88.9,C,True
III.4,682508c0,Antenatal care coverage,7cdd10b8,"Antenatal care coverage, at least four visits",795,Turkmenistan,TKM,58.9787665,40.0912346,Central and Southern Asia,G,Global,2019,PT,Percent,2000,82.8,C,False
III.4,682508c0,Antenatal care coverage,7cdd10b8,"Antenatal care coverage, at least four visits",795,Turkmenistan,TKM,58.9787665,40.0912346,Central and Southern Asia,G,Global,2019,PT,Percent,2016,96.4,C,True
III.4,682508c0,Antenatal care coverage,7cdd10b8,"Antenatal care coverage, at least four visits",798,Tuvalu,TUV,178.6679611,-7.460048071,"Oceania, exc. Australia and New Zealand",G,Global,2019,PT,Percent,2007,67.3,C,True
III.4,682508c0,Antenatal care coverage,7cdd10b8,"Antenatal care coverage, at least four visits",8,Albania,ALB,20.06660928,41.13897007,Europe and Northern America,G,Global,2019,PT,Percent,2002,41.1,C,False
III.4,682508c0,Antenatal care coverage,7cdd10b8,"Antenatal care coverage, at least four visits",8,Albania,ALB,20.06660928,41.13897007,Europe and Northern America,G,Global,2019,PT,Percent,2009,66.8,C,True
III.4,682508c0,Antenatal care coverage,7cdd10b8,"Antenatal care coverage, at least four visits",800,Uganda,UGA,32.39100438,1.279557331,Sub-Saharan Africa,G,Global,2019,PT,Percent,1995,47.2,C,False
III.4,682508c0,Antenatal care coverage,7cdd10b8,"Antenatal care coverage, at least four visits",800,Uganda,UGA,32.39100438,1.279557331,Sub-Saharan Africa,G,Global,2019,PT,Percent,2001,41.9,C,False
III.4,682508c0,Antenatal care coverage,7cdd10b8,"Antenatal care coverage, at least four visits",800,Uganda,UGA,32.39100438,1.279557331,Sub-Saharan Africa,G,Global,2019,PT,Percent,2006,47.2,C,False
III.4,682508c0,Antenatal care coverage,7cdd10b8,"Antenatal care coverage, at least four visits",800,Uganda,UGA,32.39100438,1.279557331,Sub-Saharan Africa,G,Global,2019,PT,Percent,2011,47.6,C,False
III.4,682508c0,Antenatal care coverage,7cdd10b8,"Antenatal care coverage, at least four visits",800,Uganda,UGA,32.39100438,1.279557331,Sub-Saharan Africa,G,Global,2019,PT,Percent,2016,59.9,C,True
III.4,682508c0,Antenatal care coverage,7cdd10b8,"Antenatal care coverage, at least four visits",804,Ukraine,UKR,31.40270802,49.00735945,Europe and Northern America,G,Global,2019,PT,Percent,2007,74.8,C,False
III.4,682508c0,Antenatal care coverage,7cdd10b8,"Antenatal care coverage, at least four visits",804,Ukraine,UKR,31.40270802,49.00735945,Europe and Northern America,G,Global,2019,PT,Percent,2012,87.2,C,True
III.4,682508c0,Antenatal care coverage,7cdd10b8,"Antenatal care coverage, at least four visits",807,North Macedonia,MKD,21.7007909,41.60048068,Europe and Northern America,G,Global,2019,PT,Percent,2011,93.9,C,True
III.4,682508c0,Antenatal care coverage,7cdd10b8,"Antenatal care coverage, at least four visits",818,Egypt,EGY,29.77468534,26.57438204,Northern Africa and Western Asia,G,Global,2019,PT,Percent,1995,28.3,C,False
III.4,682508c0,Antenatal care coverage,7cdd10b8,"Antenatal care coverage, at least four visits",818,Egypt,EGY,29.77468534,26.57438204,Northern Africa and Western Asia,G,Global,2019,PT,Percent,1997,31.8,C,False
III.4,682508c0,Antenatal care coverage,7cdd10b8,"Antenatal care coverage, at least four visits",818,Egypt,EGY,29.77468534,26.57438204,Northern Africa and Western Asia,G,Global,2019,PT,Percent,1998,33.1,C,False
III.4,682508c0,Antenatal care coverage,7cdd10b8,"Antenatal care coverage, at least four visits",818,Egypt,EGY,29.77468534,26.57438204,Northern Africa and Western Asia,G,Global,2019,PT,Percent,2000,36.7,C,False
III.4,682508c0,Antenatal care coverage,7cdd10b8,"Antenatal care coverage, at least four visits",818,Egypt,EGY,29.77468534,26.57438204,Northern Africa and Western Asia,G,Global,2019,PT,Percent,2003,55.6,C,False
III.4,682508c0,Antenatal care coverage,7cdd10b8,"Antenatal care coverage, at least four visits",818,Egypt,EGY,29.77468534,26.57438204,Northern Africa and Western Asia,G,Global,2019,PT,Percent,2005,58.5,C,False
III.4,682508c0,Antenatal care coverage,7cdd10b8,"Antenatal care coverage, at least four visits",818,Egypt,EGY,29.77468534,26.57438204,Northern Africa and Western Asia,G,Global,2019,PT,Percent,2008,66.0,C,False
III.4,682508c0,Antenatal care coverage,7cdd10b8,"Antenatal care coverage, at least four visits",818,Egypt,EGY,29.77468534,26.57438204,Northern Africa and Western Asia,G,Global,2019,PT,Percent,2014,82.8,C,True
III.4,682508c0,Antenatal care coverage,7cdd10b8,"Antenatal care coverage, at least four visits",834,United Republic of Tanzania,TZA,34.80521182,-6.265332606,Sub-Saharan Africa,G,Global,2019,PT,Percent,1996,69.5,C,False
III.4,682508c0,Antenatal care coverage,7cdd10b8,"Antenatal care coverage, at least four visits",834,United Republic of Tanzania,TZA,34.80521182,-6.265332606,Sub-Saharan Africa,G,Global,2019,PT,Percent,1999,69.9,C,False
III.4,682508c0,Antenatal care coverage,7cdd10b8,"Antenatal care coverage, at least four visits",834,United Republic of Tanzania,TZA,34.80521182,-6.265332606,Sub-Saharan Africa,G,Global,2019,PT,Percent,2005,61.5,C,False
III.4,682508c0,Antenatal care coverage,7cdd10b8,"Antenatal care coverage, at least four visits",834,United Republic of Tanzania,TZA,34.80521182,-6.265332606,Sub-Saharan Africa,G,Global,2019,PT,Percent,2010,42.8,C,False
III.4,682508c0,Antenatal care coverage,7cdd10b8,"Antenatal care coverage, at least four visits",834,United Republic of Tanzania,TZA,34.80521182,-6.265332606,Sub-Saharan Africa,G,Global,2019,PT,Percent,2016,50.7,C,True
III.4,682508c0,Antenatal care coverage,7cdd10b8,"Antenatal care coverage, at least four visits",84,Belize,BLZ,-88.70199554,17.19965901,Latin America and the Caribbean,G,Global,2019,PT,Percent,2011,83.1,C,False
III.4,682508c0,Antenatal care coverage,7cdd10b8,"Antenatal care coverage, at least four visits",84,Belize,BLZ,-88.70199554,17.19965901,Latin America and the Caribbean,G,Global,2019,PT,Percent,2016,92.6,C,True
III.4,682508c0,Antenatal care coverage,7cdd10b8,"Antenatal care coverage, at least four visits",840,United States of America,USA,-99.13830311,39.5277871,Europe and Northern America,G,Global,2019,PT,Percent,2011,96.6,C,True
III.4,682508c0,Antenatal care coverage,7cdd10b8,"Antenatal care coverage, at least four visits",854,Burkina Faso,BFA,-1.742843829,12.27491081,Sub-Saharan Africa,G,Global,2019,PT,Percent,1999,22.7,C,False
III.4,682508c0,Antenatal care coverage,7cdd10b8,"Antenatal care coverage, at least four visits",854,Burkina Faso,BFA,-1.742843829,12.27491081,Sub-Saharan Africa,G,Global,2019,PT,Percent,2003,17.6,C,False
III.4,682508c0,Antenatal care coverage,7cdd10b8,"Antenatal care coverage, at least four visits",854,Burkina Faso,BFA,-1.742843829,12.27491081,Sub-Saharan Africa,G,Global,2019,PT,Percent,2010,33.7,C,False
III.4,682508c0,Antenatal care coverage,7cdd10b8,"Antenatal care coverage, at least four visits",854,Burkina Faso,BFA,-1.742843829,12.27491081,Sub-Saharan Africa,G,Global,2019,PT,Percent,2015,47.2,C,True
III.4,682508c0,Antenatal care coverage,7cdd10b8,"Antenatal care coverage, at least four visits",858,Uruguay,URY,-56.01387025,-32.8002838,Latin America and the Caribbean,G,Global,2019,PT,Percent,2007,90.0,C,False
III.4,682508c0,Antenatal care coverage,7cdd10b8,"Antenatal care coverage, at least four visits",858,Uruguay,URY,-56.01387025,-32.8002838,Latin America and the Caribbean,G,Global,2019,PT,Percent,2013,76.8,C,True
III.4,682508c0,Antenatal care coverage,7cdd10b8,"Antenatal care coverage, at least four visits",860,Uzbekistan,UZB,63.11944558,41.77560518,Central and Southern Asia,G,Global,2019,PT,Percent,1996,78.5,C,True
III.4,682508c0,Antenatal care coverage,7cdd10b8,"Antenatal care coverage, at least four visits",862,Venezuela (Bolivarian Republic of),VEN,-66.15642084,7.121324748,Latin America and the Caribbean,G,Global,2019,PT,Percent,2012,61.0,C,False
III.4,682508c0,Antenatal care coverage,7cdd10b8,"Antenatal care coverage, at least four visits",862,Venezuela (Bolivarian Republic of),VEN,-66.15642084,7.121324748,Latin America and the Caribbean,G,Global,2019,PT,Percent,2013,83.8,C,True
III.4,682508c0,Antenatal care coverage,7cdd10b8,"Antenatal care coverage, at least four visits",882,Samoa,WSM,-172.4430749,-13.61541469,"Oceania, exc. Australia and New Zealand",G,Global,2019,PT,Percent,2009,58.4,C,False
III.4,682508c0,Antenatal care coverage,7cdd10b8,"Antenatal care coverage, at least four visits",882,Samoa,WSM,-172.4430749,-13.61541469,"Oceania, exc. Australia and New Zealand",G,Global,2019,PT,Percent,2014,72.9,C,True
III.4,682508c0,Antenatal care coverage,7cdd10b8,"Antenatal care coverage, at least four visits",887,Yemen,YEM,45.22389143,15.22242099,Northern Africa and Western Asia,G,Global,2019,PT,Percent,1997,11.4,C,False
III.4,682508c0,Antenatal care coverage,7cdd10b8,"Antenatal care coverage, at least four visits",887,Yemen,YEM,45.22389143,15.22242099,Northern Africa and Western Asia,G,Global,2019,PT,Percent,2003,13.9,C,False
III.4,682508c0,Antenatal care coverage,7cdd10b8,"Antenatal care coverage, at least four visits",887,Yemen,YEM,45.22389143,15.22242099,Northern Africa and Western Asia,G,Global,2019,PT,Percent,2013,25.1,C,True
III.4,682508c0,Antenatal care coverage,7cdd10b8,"Antenatal care coverage, at least four visits",894,Zambia,ZMB,27.850329,-14.59701056,Sub-Saharan Africa,G,Global,2019,PT,Percent,1996,71.3,C,False
III.4,682508c0,Antenatal care coverage,7cdd10b8,"Antenatal care coverage, at least four visits",894,Zambia,ZMB,27.850329,-14.59701056,Sub-Saharan Africa,G,Global,2019,PT,Percent,2002,71.6,C,False
III.4,682508c0,Antenatal care coverage,7cdd10b8,"Antenatal care coverage, at least four visits",894,Zambia,ZMB,27.850329,-14.59701056,Sub-Saharan Africa,G,Global,2019,PT,Percent,2007,60.3,C,False
III.4,682508c0,Antenatal care coverage,7cdd10b8,"Antenatal care coverage, at least four visits",894,Zambia,ZMB,27.850329,-14.59701056,Sub-Saharan Africa,G,Global,2019,PT,Percent,2014,55.5,C,True
III.4,682508c0,Antenatal care coverage,7cdd10b8,"Antenatal care coverage, at least four visits",90,Solomon Islands,SLB,160.1584117,-9.622391719,"Oceania, exc. Australia and New Zealand",G,Global,2019,PT,Percent,2007,64.6,C,False
III.4,682508c0,Antenatal care coverage,7cdd10b8,"Antenatal care coverage, at least four visits",90,Solomon Islands,SLB,160.1584117,-9.622391719,"Oceania, exc. Australia and New Zealand",G,Global,2019,PT,Percent,2015,68.9,C,True
III.4,682508c0,Antenatal care coverage,7cdd10b8,"Antenatal care coverage, at least four visits",96,Brunei Darussalam,BRN,114.6288563,4.49736984,Eastern and South-Eastern Asia,G,Global,2019,PT,Percent,2012,93.2,C,True
