INDICATOR_LABEL,INDICATOR_ID,INDICATOR_DESC,MINSET_SERIES,MINSET_SERIES_DESC,REF_AREA,REF_AREA_DESC,ISO3,X,Y,SDG_REGION,REPORTING_TYPE,REPORTING_TYPE_DESC,SOURCE_YEAR,TIME_PERIOD,VALUE_CATEGORY_DESC,NATURE,isLatestValue
V.3q,b0e21aa2,Whether or not inheritance rights discriminate against women and girls,cfd91785,Whether or not inheritance rights discriminate against widows,100,Bulgaria,BGR,25.23763153,42.75731323,Europe and Northern America,G,Global,2019,2020,The law guarantees the same inheritance rights,C,True
V.3q,b0e21aa2,Whether or not inheritance rights discriminate against women and girls,cfd91785,Whether or not inheritance rights discriminate against widows,104,Myanmar,MMR,96.51752295,21.19332882,Eastern and South-Eastern Asia,G,Global,2019,2020,The law guarantees the same inheritance rights,C,True
V.3q,b0e21aa2,Whether or not inheritance rights discriminate against women and girls,cfd91785,Whether or not inheritance rights discriminate against widows,108,Burundi,BDI,29.89080992,-3.366387428,Sub-Saharan Africa,G,Global,2019,2020,The law does not guarantee the same inheritance rights,C,True
V.3q,b0e21aa2,Whether or not inheritance rights discriminate against women and girls,cfd91785,Whether or not inheritance rights discriminate against widows,112,Belarus,BLR,28.04940161,53.54193075,Europe and Northern America,G,Global,2019,2020,The law guarantees the same inheritance rights,C,True
V.3q,b0e21aa2,Whether or not inheritance rights discriminate against women and girls,cfd91785,Whether or not inheritance rights discriminate against widows,116,Cambodia,KHM,104.922836,12.71163737,Eastern and South-Eastern Asia,G,Global,2019,2020,The law guarantees the same inheritance rights,C,True
V.3q,b0e21aa2,Whether or not inheritance rights discriminate against women and girls,cfd91785,Whether or not inheritance rights discriminate against widows,12,Algeria,DZA,2.678164227,28.15940032,Northern Africa and Western Asia,G,Global,2019,2020,The law does not guarantee the same inheritance rights,C,True
V.3q,b0e21aa2,Whether or not inheritance rights discriminate against women and girls,cfd91785,Whether or not inheritance rights discriminate against widows,120,Cameroon,CMR,12.7419827,5.692387031,Sub-Saharan Africa,G,Global,2019,2020,The law guarantees the same inheritance rights,C,True
V.3q,b0e21aa2,Whether or not inheritance rights discriminate against women and girls,cfd91785,Whether or not inheritance rights discriminate against widows,124,Canada,CAN,-101.6575058,57.72360191,Europe and Northern America,G,Global,2019,2020,The law guarantees the same inheritance rights,C,True
V.3q,b0e21aa2,Whether or not inheritance rights discriminate against women and girls,cfd91785,Whether or not inheritance rights discriminate against widows,132,Cabo Verde,CPV,-23.63544151,15.07791834,Sub-Saharan Africa,G,Global,2019,2020,The law guarantees the same inheritance rights,C,True
V.3q,b0e21aa2,Whether or not inheritance rights discriminate against women and girls,cfd91785,Whether or not inheritance rights discriminate against widows,140,Central African Republic,CAF,20.93559492,7.003720791,Sub-Saharan Africa,G,Global,2019,2020,The law guarantees the same inheritance rights,C,True
V.3q,b0e21aa2,Whether or not inheritance rights discriminate against women and girls,cfd91785,Whether or not inheritance rights discriminate against widows,144,Sri Lanka,LKA,80.70489654,7.614693343,Central and Southern Asia,G,Global,2019,2020,The law guarantees the same inheritance rights,C,True
V.3q,b0e21aa2,Whether or not inheritance rights discriminate against women and girls,cfd91785,Whether or not inheritance rights discriminate against widows,148,Chad,TCD,18.66618401,15.36279341,Sub-Saharan Africa,G,Global,2019,2020,The law guarantees the same inheritance rights,C,True
V.3q,b0e21aa2,Whether or not inheritance rights discriminate against women and girls,cfd91785,Whether or not inheritance rights discriminate against widows,152,Chile,CHL,-71.23029019,-35.2652885,Latin America and the Caribbean,G,Global,2019,2020,The law guarantees the same inheritance rights,C,True
V.3q,b0e21aa2,Whether or not inheritance rights discriminate against women and girls,cfd91785,Whether or not inheritance rights discriminate against widows,156,China,CHN,104.1403375,32.30955217,Eastern and South-Eastern Asia,G,Global,2019,2020,The law guarantees the same inheritance rights,C,True
V.3q,b0e21aa2,Whether or not inheritance rights discriminate against women and girls,cfd91785,Whether or not inheritance rights discriminate against widows,170,Colombia,COL,-73.07446751,3.888209046,Latin America and the Caribbean,G,Global,2019,2020,The law guarantees the same inheritance rights,C,True
V.3q,b0e21aa2,Whether or not inheritance rights discriminate against women and girls,cfd91785,Whether or not inheritance rights discriminate against widows,174,Comoros,COM,43.34234565,-11.66121732,Sub-Saharan Africa,G,Global,2019,2020,The law does not guarantee the same inheritance rights,C,True
V.3q,b0e21aa2,Whether or not inheritance rights discriminate against women and girls,cfd91785,Whether or not inheritance rights discriminate against widows,180,Democratic Republic of the Congo,COD,23.65496507,-2.877154732,Sub-Saharan Africa,G,Global,2019,2020,The law guarantees the same inheritance rights,C,True
V.3q,b0e21aa2,Whether or not inheritance rights discriminate against women and girls,cfd91785,Whether or not inheritance rights discriminate against widows,188,Costa Rica,CRI,-84.19712782,9.970998683,Latin America and the Caribbean,G,Global,2019,2020,The law guarantees the same inheritance rights,C,True
V.3q,b0e21aa2,Whether or not inheritance rights discriminate against women and girls,cfd91785,Whether or not inheritance rights discriminate against widows,191,Croatia,HRV,17.95874553,45.45172212,Europe and Northern America,G,Global,2019,2020,The law guarantees the same inheritance rights,C,True
V.3q,b0e21aa2,Whether or not inheritance rights discriminate against women and girls,cfd91785,Whether or not inheritance rights discriminate against widows,196,Cyprus,CYP,33.22285964,35.05659437,Northern Africa and Western Asia,G,Global,2019,2020,The law guarantees the same inheritance rights,C,True
V.3q,b0e21aa2,Whether or not inheritance rights discriminate against women and girls,cfd91785,Whether or not inheritance rights discriminate against widows,203,Czechia,CZE,15.33151382,49.73913871,Europe and Northern America,G,Global,2019,2020,The law guarantees the same inheritance rights,C,True
V.3q,b0e21aa2,Whether or not inheritance rights discriminate against women and girls,cfd91785,Whether or not inheritance rights discriminate against widows,204,Benin,BEN,2.339933594,9.65401646,Sub-Saharan Africa,G,Global,2019,2020,The law guarantees the same inheritance rights,C,True
V.3q,b0e21aa2,Whether or not inheritance rights discriminate against women and girls,cfd91785,Whether or not inheritance rights discriminate against widows,208,Denmark,DNK,9.326571283,56.03829721,Europe and Northern America,G,Global,2019,2020,The law guarantees the same inheritance rights,C,True
V.3q,b0e21aa2,Whether or not inheritance rights discriminate against women and girls,cfd91785,Whether or not inheritance rights discriminate against widows,212,Dominica,DMA,-61.3493756,15.43391378,Latin America and the Caribbean,G,Global,2019,2020,The law guarantees the same inheritance rights,C,True
V.3q,b0e21aa2,Whether or not inheritance rights discriminate against women and girls,cfd91785,Whether or not inheritance rights discriminate against widows,214,Dominican Republic,DOM,-70.49847576,18.89832088,Latin America and the Caribbean,G,Global,2019,2020,The law guarantees the same inheritance rights,C,True
V.3q,b0e21aa2,Whether or not inheritance rights discriminate against women and girls,cfd91785,Whether or not inheritance rights discriminate against widows,218,Ecuador,ECU,-78.37005241,-1.447785891,Latin America and the Caribbean,G,Global,2019,2020,The law guarantees the same inheritance rights,C,True
V.3q,b0e21aa2,Whether or not inheritance rights discriminate against women and girls,cfd91785,Whether or not inheritance rights discriminate against widows,222,El Salvador,SLV,-88.86862995,13.73603564,Latin America and the Caribbean,G,Global,2019,2020,The law guarantees the same inheritance rights,C,True
V.3q,b0e21aa2,Whether or not inheritance rights discriminate against women and girls,cfd91785,Whether or not inheritance rights discriminate against widows,226,Equatorial Guinea,GNQ,10.46535826,1.565792376,Sub-Saharan Africa,G,Global,2019,2020,The law guarantees the same inheritance rights,C,True
V.3q,b0e21aa2,Whether or not inheritance rights discriminate against women and girls,cfd91785,Whether or not inheritance rights discriminate against widows,231,Ethiopia,ETH,39.63505296,8.631223181,Sub-Saharan Africa,G,Global,2019,2020,The law guarantees the same inheritance rights,C,True
V.3q,b0e21aa2,Whether or not inheritance rights discriminate against women and girls,cfd91785,Whether or not inheritance rights discriminate against widows,232,Eritrea,ERI,38.11074289,16.12894644,Sub-Saharan Africa,G,Global,2019,2020,The law guarantees the same inheritance rights,C,True
V.3q,b0e21aa2,Whether or not inheritance rights discriminate against women and girls,cfd91785,Whether or not inheritance rights discriminate against widows,233,Estonia,EST,25.84093481,58.68487172,Europe and Northern America,G,Global,2019,2020,The law guarantees the same inheritance rights,C,True
V.3q,b0e21aa2,Whether or not inheritance rights discriminate against women and girls,cfd91785,Whether or not inheritance rights discriminate against widows,24,Angola,AGO,17.57817062,-12.33724746,Sub-Saharan Africa,G,Global,2019,2020,The law guarantees the same inheritance rights,C,True
V.3q,b0e21aa2,Whether or not inheritance rights discriminate against women and girls,cfd91785,Whether or not inheritance rights discriminate against widows,242,Fiji,FJI,177.9660884,-17.83301566,"Oceania, exc. Australia and New Zealand",G,Global,2019,2020,The law guarantees the same inheritance rights,C,True
V.3q,b0e21aa2,Whether or not inheritance rights discriminate against women and girls,cfd91785,Whether or not inheritance rights discriminate against widows,246,Finland,FIN,23.308447,61.91586738,Europe and Northern America,G,Global,2019,2020,The law guarantees the same inheritance rights,C,True
V.3q,b0e21aa2,Whether or not inheritance rights discriminate against women and girls,cfd91785,Whether or not inheritance rights discriminate against widows,250,France,FRA,2.457288129,46.62660861,Europe and Northern America,G,Global,2019,2020,The law guarantees the same inheritance rights,C,True
V.3q,b0e21aa2,Whether or not inheritance rights discriminate against women and girls,cfd91785,Whether or not inheritance rights discriminate against widows,262,Djibouti,DJI,42.18274707,11.56004161,Sub-Saharan Africa,G,Global,2019,2020,The law does not guarantee the same inheritance rights,C,True
V.3q,b0e21aa2,Whether or not inheritance rights discriminate against women and girls,cfd91785,Whether or not inheritance rights discriminate against widows,266,Gabon,GAB,11.78727747,-0.60687619,Sub-Saharan Africa,G,Global,2019,2020,The law guarantees the same inheritance rights,C,True
V.3q,b0e21aa2,Whether or not inheritance rights discriminate against women and girls,cfd91785,Whether or not inheritance rights discriminate against widows,268,Georgia,GEO,43.3713615,42.04813028,Northern Africa and Western Asia,G,Global,2019,2020,The law guarantees the same inheritance rights,C,True
V.3q,b0e21aa2,Whether or not inheritance rights discriminate against women and girls,cfd91785,Whether or not inheritance rights discriminate against widows,270,Gambia,GMB,-15.39944785,13.45295927,Sub-Saharan Africa,G,Global,2019,2020,The law does not guarantee the same inheritance rights,C,True
V.3q,b0e21aa2,Whether or not inheritance rights discriminate against women and girls,cfd91785,Whether or not inheritance rights discriminate against widows,276,Germany,DEU,10.3806066,51.08862743,Europe and Northern America,G,Global,2019,2020,The law guarantees the same inheritance rights,C,True
V.3q,b0e21aa2,Whether or not inheritance rights discriminate against women and girls,cfd91785,Whether or not inheritance rights discriminate against widows,28,Antigua and Barbuda,ATG,-61.7999755,17.07761471,Latin America and the Caribbean,G,Global,2019,2020,The law guarantees the same inheritance rights,C,True
V.3q,b0e21aa2,Whether or not inheritance rights discriminate against women and girls,cfd91785,Whether or not inheritance rights discriminate against widows,288,Ghana,GHA,-1.205623522,7.964825185,Sub-Saharan Africa,G,Global,2019,2020,The law guarantees the same inheritance rights,C,True
V.3q,b0e21aa2,Whether or not inheritance rights discriminate against women and girls,cfd91785,Whether or not inheritance rights discriminate against widows,296,Kiribati,KIR,-157.5643005,1.768837732,"Oceania, exc. Australia and New Zealand",G,Global,2019,2020,The law guarantees the same inheritance rights,C,True
V.3q,b0e21aa2,Whether or not inheritance rights discriminate against women and girls,cfd91785,Whether or not inheritance rights discriminate against widows,300,Greece,GRC,22.58307827,39.47301873,Europe and Northern America,G,Global,2019,2020,The law guarantees the same inheritance rights,C,True
V.3q,b0e21aa2,Whether or not inheritance rights discriminate against women and girls,cfd91785,Whether or not inheritance rights discriminate against widows,308,Grenada,GRD,-61.68248568,12.11238395,Latin America and the Caribbean,G,Global,2019,2020,The law guarantees the same inheritance rights,C,True
V.3q,b0e21aa2,Whether or not inheritance rights discriminate against women and girls,cfd91785,Whether or not inheritance rights discriminate against widows,31,Azerbaijan,AZE,50.01064725,40.39229544,Northern Africa and Western Asia,G,Global,2019,2020,The law guarantees the same inheritance rights,C,True
V.3q,b0e21aa2,Whether or not inheritance rights discriminate against women and girls,cfd91785,Whether or not inheritance rights discriminate against widows,32,Argentina,ARG,-65.14563274,-35.19446255,Latin America and the Caribbean,G,Global,2019,2020,The law guarantees the same inheritance rights,C,True
V.3q,b0e21aa2,Whether or not inheritance rights discriminate against women and girls,cfd91785,Whether or not inheritance rights discriminate against widows,320,Guatemala,GTM,-91.2312746,15.00273719,Latin America and the Caribbean,G,Global,2019,2020,The law guarantees the same inheritance rights,C,True
V.3q,b0e21aa2,Whether or not inheritance rights discriminate against women and girls,cfd91785,Whether or not inheritance rights discriminate against widows,324,Guinea,GIN,-11.28173419,11.00210343,Sub-Saharan Africa,G,Global,2019,2020,The law does not guarantee the same inheritance rights,C,True
V.3q,b0e21aa2,Whether or not inheritance rights discriminate against women and girls,cfd91785,Whether or not inheritance rights discriminate against widows,328,Guyana,GUY,-58.97322037,4.788012784,Latin America and the Caribbean,G,Global,2019,2020,The law guarantees the same inheritance rights,C,True
V.3q,b0e21aa2,Whether or not inheritance rights discriminate against women and girls,cfd91785,Whether or not inheritance rights discriminate against widows,332,Haiti,HTI,-72.33640958,18.40426539,Latin America and the Caribbean,G,Global,2019,2020,The law guarantees the same inheritance rights,C,True
V.3q,b0e21aa2,Whether or not inheritance rights discriminate against women and girls,cfd91785,Whether or not inheritance rights discriminate against widows,340,Honduras,HND,-86.59974381,14.82243161,Latin America and the Caribbean,G,Global,2019,2020,The law guarantees the same inheritance rights,C,True
V.3q,b0e21aa2,Whether or not inheritance rights discriminate against women and girls,cfd91785,Whether or not inheritance rights discriminate against widows,344,"China, Hong Kong Special Administrative Region",HKG,114.0266445,22.41749934,Eastern and South-Eastern Asia,G,Global,2019,2020,The law guarantees the same inheritance rights,C,True
V.3q,b0e21aa2,Whether or not inheritance rights discriminate against women and girls,cfd91785,Whether or not inheritance rights discriminate against widows,348,Hungary,HUN,19.41221519,47.1651448,Europe and Northern America,G,Global,2019,2020,The law guarantees the same inheritance rights,C,True
V.3q,b0e21aa2,Whether or not inheritance rights discriminate against women and girls,cfd91785,Whether or not inheritance rights discriminate against widows,352,Iceland,ISL,-19.02116966,64.79134763,Europe and Northern America,G,Global,2019,2020,The law guarantees the same inheritance rights,C,True
V.3q,b0e21aa2,Whether or not inheritance rights discriminate against women and girls,cfd91785,Whether or not inheritance rights discriminate against widows,356,India,IND,79.3608464,22.34642074,Central and Southern Asia,G,Global,2019,2020,The law guarantees the same inheritance rights,C,True
V.3q,b0e21aa2,Whether or not inheritance rights discriminate against women and girls,cfd91785,Whether or not inheritance rights discriminate against widows,36,Australia,AUS,134.3499412,-25.57717202,Australia and New Zealand,G,Global,2019,2020,The law guarantees the same inheritance rights,C,True
V.3q,b0e21aa2,Whether or not inheritance rights discriminate against women and girls,cfd91785,Whether or not inheritance rights discriminate against widows,360,Indonesia,IDN,113.9174,-0.994582204,Eastern and South-Eastern Asia,G,Global,2019,2020,The law does not guarantee the same inheritance rights,C,True
V.3q,b0e21aa2,Whether or not inheritance rights discriminate against women and girls,cfd91785,Whether or not inheritance rights discriminate against widows,364,Iran (Islamic Republic of),IRN,54.19766348,32.74370885,Central and Southern Asia,G,Global,2019,2020,The law does not guarantee the same inheritance rights,C,True
V.3q,b0e21aa2,Whether or not inheritance rights discriminate against women and girls,cfd91785,Whether or not inheritance rights discriminate against widows,368,Iraq,IRQ,43.76606267,33.05013795,Northern Africa and Western Asia,G,Global,2019,2020,The law does not guarantee the same inheritance rights,C,True
V.3q,b0e21aa2,Whether or not inheritance rights discriminate against women and girls,cfd91785,Whether or not inheritance rights discriminate against widows,372,Ireland,IRL,-7.121425272,53.25274054,Europe and Northern America,G,Global,2019,2020,The law guarantees the same inheritance rights,C,True
V.3q,b0e21aa2,Whether or not inheritance rights discriminate against women and girls,cfd91785,Whether or not inheritance rights discriminate against widows,376,Israel,ISR,34.62277992,31.06164552,Northern Africa and Western Asia,G,Global,2019,2020,The law guarantees the same inheritance rights,C,True
V.3q,b0e21aa2,Whether or not inheritance rights discriminate against women and girls,cfd91785,Whether or not inheritance rights discriminate against widows,380,Italy,ITA,12.57022427,42.79917282,Europe and Northern America,G,Global,2019,2020,The law guarantees the same inheritance rights,C,True
V.3q,b0e21aa2,Whether or not inheritance rights discriminate against women and girls,cfd91785,Whether or not inheritance rights discriminate against widows,384,CÃ´te d'Ivoire,CIV,-5.552690016,7.62211586,Sub-Saharan Africa,G,Global,2019,2020,The law guarantees the same inheritance rights,C,True
V.3q,b0e21aa2,Whether or not inheritance rights discriminate against women and girls,cfd91785,Whether or not inheritance rights discriminate against widows,388,Jamaica,JAM,-77.31068409,18.15616857,Latin America and the Caribbean,G,Global,2019,2020,The law guarantees the same inheritance rights,C,True
V.3q,b0e21aa2,Whether or not inheritance rights discriminate against women and girls,cfd91785,Whether or not inheritance rights discriminate against widows,392,Japan,JPN,139.2716103,36.6554539,Eastern and South-Eastern Asia,G,Global,2019,2020,The law guarantees the same inheritance rights,C,True
V.3q,b0e21aa2,Whether or not inheritance rights discriminate against women and girls,cfd91785,Whether or not inheritance rights discriminate against widows,398,Kazakhstan,KAZ,66.65359159,48.01963494,Central and Southern Asia,G,Global,2019,2020,The law guarantees the same inheritance rights,C,True
V.3q,b0e21aa2,Whether or not inheritance rights discriminate against women and girls,cfd91785,Whether or not inheritance rights discriminate against widows,4,Afghanistan,AFG,66.02688198,33.83160199,Central and Southern Asia,G,Global,2019,2020,The law does not guarantee the same inheritance rights,C,True
V.3q,b0e21aa2,Whether or not inheritance rights discriminate against women and girls,cfd91785,Whether or not inheritance rights discriminate against widows,40,Austria,AUT,14.14172472,47.58704857,Europe and Northern America,G,Global,2019,2020,The law guarantees the same inheritance rights,C,True
V.3q,b0e21aa2,Whether or not inheritance rights discriminate against women and girls,cfd91785,Whether or not inheritance rights discriminate against widows,400,Jordan,JOR,37.13024774,30.65365973,Northern Africa and Western Asia,G,Global,2019,2020,The law does not guarantee the same inheritance rights,C,True
V.3q,b0e21aa2,Whether or not inheritance rights discriminate against women and girls,cfd91785,Whether or not inheritance rights discriminate against widows,404,Kenya,KEN,37.86096816,0.534797278,Sub-Saharan Africa,G,Global,2019,2020,The law does not guarantee the same inheritance rights,C,True
V.3q,b0e21aa2,Whether or not inheritance rights discriminate against women and girls,cfd91785,Whether or not inheritance rights discriminate against widows,410,Republic of Korea,KOR,127.8610254,36.45201023,Eastern and South-Eastern Asia,G,Global,2019,2020,The law guarantees the same inheritance rights,C,True
V.3q,b0e21aa2,Whether or not inheritance rights discriminate against women and girls,cfd91785,Whether or not inheritance rights discriminate against widows,414,Kuwait,KWT,47.49305029,29.53949468,Northern Africa and Western Asia,G,Global,2019,2020,The law does not guarantee the same inheritance rights,C,True
V.3q,b0e21aa2,Whether or not inheritance rights discriminate against women and girls,cfd91785,Whether or not inheritance rights discriminate against widows,417,Kyrgyzstan,KGZ,74.52324839,41.46204516,Central and Southern Asia,G,Global,2019,2020,The law guarantees the same inheritance rights,C,True
V.3q,b0e21aa2,Whether or not inheritance rights discriminate against women and girls,cfd91785,Whether or not inheritance rights discriminate against widows,418,Lao People's Democratic Republic,LAO,101.9901968,20.27482773,Eastern and South-Eastern Asia,G,Global,2019,2020,The law guarantees the same inheritance rights,C,True
V.3q,b0e21aa2,Whether or not inheritance rights discriminate against women and girls,cfd91785,Whether or not inheritance rights discriminate against widows,422,Lebanon,LBN,35.89391711,33.92152458,Northern Africa and Western Asia,G,Global,2019,2020,The law does not guarantee the same inheritance rights,C,True
V.3q,b0e21aa2,Whether or not inheritance rights discriminate against women and girls,cfd91785,Whether or not inheritance rights discriminate against widows,426,Lesotho,LSO,28.25362195,-29.58041814,Sub-Saharan Africa,G,Global,2019,2020,The law guarantees the same inheritance rights,C,True
V.3q,b0e21aa2,Whether or not inheritance rights discriminate against women and girls,cfd91785,Whether or not inheritance rights discriminate against widows,428,Latvia,LVA,26.42461876,56.64196636,Europe and Northern America,G,Global,2019,2020,The law guarantees the same inheritance rights,C,True
V.3q,b0e21aa2,Whether or not inheritance rights discriminate against women and girls,cfd91785,Whether or not inheritance rights discriminate against widows,430,Liberia,LBR,-9.311879038,6.448381009,Sub-Saharan Africa,G,Global,2019,2020,The law guarantees the same inheritance rights,C,True
V.3q,b0e21aa2,Whether or not inheritance rights discriminate against women and girls,cfd91785,Whether or not inheritance rights discriminate against widows,434,Libya,LBY,18.0295985,27.04042819,Northern Africa and Western Asia,G,Global,2019,2020,The law does not guarantee the same inheritance rights,C,True
V.3q,b0e21aa2,Whether or not inheritance rights discriminate against women and girls,cfd91785,Whether or not inheritance rights discriminate against widows,44,Bahamas,BHS,-78.05111663,24.69546597,Latin America and the Caribbean,G,Global,2019,2020,The law guarantees the same inheritance rights,C,True
V.3q,b0e21aa2,Whether or not inheritance rights discriminate against women and girls,cfd91785,Whether or not inheritance rights discriminate against widows,440,Lithuania,LTU,23.90517807,55.33680309,Europe and Northern America,G,Global,2019,2020,The law guarantees the same inheritance rights,C,True
V.3q,b0e21aa2,Whether or not inheritance rights discriminate against women and girls,cfd91785,Whether or not inheritance rights discriminate against widows,442,Luxembourg,LUX,6.092656563,49.77679538,Europe and Northern America,G,Global,2019,2020,The law guarantees the same inheritance rights,C,True
V.3q,b0e21aa2,Whether or not inheritance rights discriminate against women and girls,cfd91785,Whether or not inheritance rights discriminate against widows,450,Madagascar,MDG,46.6982339,-19.38514785,Sub-Saharan Africa,G,Global,2019,2020,The law guarantees the same inheritance rights,C,True
V.3q,b0e21aa2,Whether or not inheritance rights discriminate against women and girls,cfd91785,Whether or not inheritance rights discriminate against widows,454,Malawi,MWI,33.4884625,-13.40819859,Sub-Saharan Africa,G,Global,2019,2020,The law guarantees the same inheritance rights,C,True
V.3q,b0e21aa2,Whether or not inheritance rights discriminate against women and girls,cfd91785,Whether or not inheritance rights discriminate against widows,458,Malaysia,MYS,116.8346314,5.452415309,Eastern and South-Eastern Asia,G,Global,2019,2020,The law does not guarantee the same inheritance rights,C,True
V.3q,b0e21aa2,Whether or not inheritance rights discriminate against women and girls,cfd91785,Whether or not inheritance rights discriminate against widows,462,Maldives,MDV,73.09672546,-0.614385021,Central and Southern Asia,G,Global,2019,2020,The law does not guarantee the same inheritance rights,C,True
V.3q,b0e21aa2,Whether or not inheritance rights discriminate against women and girls,cfd91785,Whether or not inheritance rights discriminate against widows,466,Mali,MLI,-3.522016039,17.35311254,Sub-Saharan Africa,G,Global,2019,2020,The law guarantees the same inheritance rights,C,True
V.3q,b0e21aa2,Whether or not inheritance rights discriminate against women and girls,cfd91785,Whether or not inheritance rights discriminate against widows,470,Malta,MLT,14.44617519,35.89194275,Europe and Northern America,G,Global,2019,2020,The law guarantees the same inheritance rights,C,True
V.3q,b0e21aa2,Whether or not inheritance rights discriminate against women and girls,cfd91785,Whether or not inheritance rights discriminate against widows,478,Mauritania,MRT,-10.33187259,20.26089546,Sub-Saharan Africa,G,Global,2019,2020,The law does not guarantee the same inheritance rights,C,True
V.3q,b0e21aa2,Whether or not inheritance rights discriminate against women and girls,cfd91785,Whether or not inheritance rights discriminate against widows,48,Bahrain,BHR,50.5490754,26.04407747,Northern Africa and Western Asia,G,Global,2019,2020,The law does not guarantee the same inheritance rights,C,True
V.3q,b0e21aa2,Whether or not inheritance rights discriminate against women and girls,cfd91785,Whether or not inheritance rights discriminate against widows,480,Mauritius,MUS,57.568022,-20.28581998,Sub-Saharan Africa,G,Global,2019,2020,The law guarantees the same inheritance rights,C,True
V.3q,b0e21aa2,Whether or not inheritance rights discriminate against women and girls,cfd91785,Whether or not inheritance rights discriminate against widows,484,Mexico,MEX,-102.5148166,23.93378032,Latin America and the Caribbean,G,Global,2019,2020,The law guarantees the same inheritance rights,C,True
V.3q,b0e21aa2,Whether or not inheritance rights discriminate against women and girls,cfd91785,Whether or not inheritance rights discriminate against widows,496,Mongolia,MNG,103.0728057,46.83892054,Eastern and South-Eastern Asia,G,Global,2019,2020,The law guarantees the same inheritance rights,C,True
V.3q,b0e21aa2,Whether or not inheritance rights discriminate against women and girls,cfd91785,Whether or not inheritance rights discriminate against widows,498,Republic of Moldova,MDA,28.4650624,47.20236795,Europe and Northern America,G,Global,2019,2020,The law guarantees the same inheritance rights,C,True
V.3q,b0e21aa2,Whether or not inheritance rights discriminate against women and girls,cfd91785,Whether or not inheritance rights discriminate against widows,499,Montenegro,MNE,19.25214024,42.78717043,Europe and Northern America,G,Global,2019,2020,The law guarantees the same inheritance rights,C,True
V.3q,b0e21aa2,Whether or not inheritance rights discriminate against women and girls,cfd91785,Whether or not inheritance rights discriminate against widows,50,Bangladesh,BGD,89.17660788,22.86961622,Central and Southern Asia,G,Global,2019,2020,The law does not guarantee the same inheritance rights,C,True
V.3q,b0e21aa2,Whether or not inheritance rights discriminate against women and girls,cfd91785,Whether or not inheritance rights discriminate against widows,504,Morocco,MAR,-6.281942841,31.8440131,Northern Africa and Western Asia,G,Global,2019,2020,The law does not guarantee the same inheritance rights,C,True
V.3q,b0e21aa2,Whether or not inheritance rights discriminate against women and girls,cfd91785,Whether or not inheritance rights discriminate against widows,508,Mozambique,MOZ,38.18479941,-14.27963886,Sub-Saharan Africa,G,Global,2019,2020,The law guarantees the same inheritance rights,C,True
V.3q,b0e21aa2,Whether or not inheritance rights discriminate against women and girls,cfd91785,Whether or not inheritance rights discriminate against widows,51,Armenia,ARM,44.93839317,40.29499741,Northern Africa and Western Asia,G,Global,2019,2020,The law guarantees the same inheritance rights,C,True
V.3q,b0e21aa2,Whether or not inheritance rights discriminate against women and girls,cfd91785,Whether or not inheritance rights discriminate against widows,512,Oman,OMN,57.87743482,21.98805614,Northern Africa and Western Asia,G,Global,2019,2020,The law does not guarantee the same inheritance rights,C,True
V.3q,b0e21aa2,Whether or not inheritance rights discriminate against women and girls,cfd91785,Whether or not inheritance rights discriminate against widows,516,Namibia,NAM,17.21907885,-22.13817068,Sub-Saharan Africa,G,Global,2019,2020,The law guarantees the same inheritance rights,C,True
V.3q,b0e21aa2,Whether or not inheritance rights discriminate against women and girls,cfd91785,Whether or not inheritance rights discriminate against widows,52,Barbados,BRB,-59.5346489,13.13648273,Latin America and the Caribbean,G,Global,2019,2020,The law guarantees the same inheritance rights,C,True
V.3q,b0e21aa2,Whether or not inheritance rights discriminate against women and girls,cfd91785,Whether or not inheritance rights discriminate against widows,524,Nepal,NPL,83.94678863,28.25866332,Central and Southern Asia,G,Global,2019,2020,The law does not guarantee the same inheritance rights,C,True
V.3q,b0e21aa2,Whether or not inheritance rights discriminate against women and girls,cfd91785,Whether or not inheritance rights discriminate against widows,528,Netherlands,NLD,5.331480568,51.86728884,Europe and Northern America,G,Global,2019,2020,The law guarantees the same inheritance rights,C,True
V.3q,b0e21aa2,Whether or not inheritance rights discriminate against women and girls,cfd91785,Whether or not inheritance rights discriminate against widows,548,Vanuatu,VUT,167.0679779,-15.34445547,"Oceania, exc. Australia and New Zealand",G,Global,2019,2020,The law guarantees the same inheritance rights,C,True
V.3q,b0e21aa2,Whether or not inheritance rights discriminate against women and girls,cfd91785,Whether or not inheritance rights discriminate against widows,554,New Zealand,NZL,170.4755673,-43.98721568,Australia and New Zealand,G,Global,2019,2020,The law guarantees the same inheritance rights,C,True
V.3q,b0e21aa2,Whether or not inheritance rights discriminate against women and girls,cfd91785,Whether or not inheritance rights discriminate against widows,558,Nicaragua,NIC,-85.03060315,12.84210839,Latin America and the Caribbean,G,Global,2019,2020,The law guarantees the same inheritance rights,C,True
V.3q,b0e21aa2,Whether or not inheritance rights discriminate against women and girls,cfd91785,Whether or not inheritance rights discriminate against widows,56,Belgium,BEL,4.660976456,50.64104975,Europe and Northern America,G,Global,2019,2020,The law guarantees the same inheritance rights,C,True
V.3q,b0e21aa2,Whether or not inheritance rights discriminate against women and girls,cfd91785,Whether or not inheritance rights discriminate against widows,562,Niger,NER,9.400167877,17.42143036,Sub-Saharan Africa,G,Global,2019,2020,The law does not guarantee the same inheritance rights,C,True
V.3q,b0e21aa2,Whether or not inheritance rights discriminate against women and girls,cfd91785,Whether or not inheritance rights discriminate against widows,566,Nigeria,NGA,8.097363256,9.585789025,Sub-Saharan Africa,G,Global,2019,2020,The law guarantees the same inheritance rights,C,True
V.3q,b0e21aa2,Whether or not inheritance rights discriminate against women and girls,cfd91785,Whether or not inheritance rights discriminate against widows,578,Norway,NOR,11.47846389,61.34311134,Europe and Northern America,G,Global,2019,2020,The law guarantees the same inheritance rights,C,True
V.3q,b0e21aa2,Whether or not inheritance rights discriminate against women and girls,cfd91785,Whether or not inheritance rights discriminate against widows,583,Micronesia (Federated States of),FSM,158.225216,6.880670092,"Oceania, exc. Australia and New Zealand",G,Global,2019,2020,The law guarantees the same inheritance rights,C,True
V.3q,b0e21aa2,Whether or not inheritance rights discriminate against women and girls,cfd91785,Whether or not inheritance rights discriminate against widows,584,Marshall Islands,MHL,171.0839119,7.110213497,"Oceania, exc. Australia and New Zealand",G,Global,2019,2020,The law does not guarantee the same inheritance rights,C,True
V.3q,b0e21aa2,Whether or not inheritance rights discriminate against women and girls,cfd91785,Whether or not inheritance rights discriminate against widows,585,Palau,PLW,134.5733878,7.502307591,"Oceania, exc. Australia and New Zealand",G,Global,2019,2020,The law does not guarantee the same inheritance rights,C,True
V.3q,b0e21aa2,Whether or not inheritance rights discriminate against women and girls,cfd91785,Whether or not inheritance rights discriminate against widows,586,Pakistan,PAK,68.80479684,29.36491634,Central and Southern Asia,G,Global,2019,2020,The law does not guarantee the same inheritance rights,C,True
V.3q,b0e21aa2,Whether or not inheritance rights discriminate against women and girls,cfd91785,Whether or not inheritance rights discriminate against widows,591,Panama,PAN,-81.26616623,8.450965746,Latin America and the Caribbean,G,Global,2019,2020,The law guarantees the same inheritance rights,C,True
V.3q,b0e21aa2,Whether or not inheritance rights discriminate against women and girls,cfd91785,Whether or not inheritance rights discriminate against widows,598,Papua New Guinea,PNG,145.8587761,-6.756057077,"Oceania, exc. Australia and New Zealand",G,Global,2019,2020,The law guarantees the same inheritance rights,C,True
V.3q,b0e21aa2,Whether or not inheritance rights discriminate against women and girls,cfd91785,Whether or not inheritance rights discriminate against widows,600,Paraguay,PRY,-60.54854225,-21.70216237,Latin America and the Caribbean,G,Global,2019,2020,The law guarantees the same inheritance rights,C,True
V.3q,b0e21aa2,Whether or not inheritance rights discriminate against women and girls,cfd91785,Whether or not inheritance rights discriminate against widows,604,Peru,PER,-71.82093277,-13.58939705,Latin America and the Caribbean,G,Global,2019,2020,The law guarantees the same inheritance rights,C,True
V.3q,b0e21aa2,Whether or not inheritance rights discriminate against women and girls,cfd91785,Whether or not inheritance rights discriminate against widows,608,Philippines,PHL,120.8601418,14.16591706,Eastern and South-Eastern Asia,G,Global,2019,2020,The law guarantees the same inheritance rights,C,True
V.3q,b0e21aa2,Whether or not inheritance rights discriminate against women and girls,cfd91785,Whether or not inheritance rights discriminate against widows,616,Poland,POL,19.40660158,52.1226733,Europe and Northern America,G,Global,2019,2020,The law guarantees the same inheritance rights,C,True
V.3q,b0e21aa2,Whether or not inheritance rights discriminate against women and girls,cfd91785,Whether or not inheritance rights discriminate against widows,620,Portugal,PRT,-7.961599811,39.68509315,Europe and Northern America,G,Global,2019,2020,The law guarantees the same inheritance rights,C,True
V.3q,b0e21aa2,Whether or not inheritance rights discriminate against women and girls,cfd91785,Whether or not inheritance rights discriminate against widows,624,Guinea-Bissau,GNB,-14.40182514,12.11760394,Sub-Saharan Africa,G,Global,2019,2020,The law guarantees the same inheritance rights,C,True
V.3q,b0e21aa2,Whether or not inheritance rights discriminate against women and girls,cfd91785,Whether or not inheritance rights discriminate against widows,626,Timor-Leste,TLS,125.9451052,-8.797497247,Eastern and South-Eastern Asia,G,Global,2019,2020,The law guarantees the same inheritance rights,C,True
V.3q,b0e21aa2,Whether or not inheritance rights discriminate against women and girls,cfd91785,Whether or not inheritance rights discriminate against widows,630,Puerto Rico,PRI,-66.47591017,18.22753799,Latin America and the Caribbean,G,Global,2019,2020,The law guarantees the same inheritance rights,C,True
V.3q,b0e21aa2,Whether or not inheritance rights discriminate against women and girls,cfd91785,Whether or not inheritance rights discriminate against widows,634,Qatar,QAT,51.19152467,25.28355379,Northern Africa and Western Asia,G,Global,2019,2020,The law does not guarantee the same inheritance rights,C,True
V.3q,b0e21aa2,Whether or not inheritance rights discriminate against women and girls,cfd91785,Whether or not inheritance rights discriminate against widows,64,Bhutan,BTN,90.45098484,27.39598568,Central and Southern Asia,G,Global,2019,2020,The law guarantees the same inheritance rights,C,True
V.3q,b0e21aa2,Whether or not inheritance rights discriminate against women and girls,cfd91785,Whether or not inheritance rights discriminate against widows,642,Romania,ROU,24.98481009,45.83893563,Europe and Northern America,G,Global,2019,2020,The law guarantees the same inheritance rights,C,True
V.3q,b0e21aa2,Whether or not inheritance rights discriminate against women and girls,cfd91785,Whether or not inheritance rights discriminate against widows,643,Russian Federation,RUS,99.01404926,61.61899849,Europe and Northern America,G,Global,2019,2020,The law guarantees the same inheritance rights,C,True
V.3q,b0e21aa2,Whether or not inheritance rights discriminate against women and girls,cfd91785,Whether or not inheritance rights discriminate against widows,646,Rwanda,RWA,29.92310194,-1.999842114,Sub-Saharan Africa,G,Global,2019,2020,The law guarantees the same inheritance rights,C,True
V.3q,b0e21aa2,Whether or not inheritance rights discriminate against women and girls,cfd91785,Whether or not inheritance rights discriminate against widows,659,Saint Kitts and Nevis,KNA,-62.76628613,17.33994219,Latin America and the Caribbean,G,Global,2019,2020,The law guarantees the same inheritance rights,C,True
V.3q,b0e21aa2,Whether or not inheritance rights discriminate against women and girls,cfd91785,Whether or not inheritance rights discriminate against widows,662,Saint Lucia,LCA,-60.96529553,13.89405601,Latin America and the Caribbean,G,Global,2019,2020,The law guarantees the same inheritance rights,C,True
V.3q,b0e21aa2,Whether or not inheritance rights discriminate against women and girls,cfd91785,Whether or not inheritance rights discriminate against widows,670,Saint Vincent and the Grenadines,VCT,-61.19024321,13.24627968,Latin America and the Caribbean,G,Global,2019,2020,The law guarantees the same inheritance rights,C,True
V.3q,b0e21aa2,Whether or not inheritance rights discriminate against women and girls,cfd91785,Whether or not inheritance rights discriminate against widows,674,San Marino,SMR,12.46329038,43.93841766,Europe and Northern America,G,Global,2019,2020,The law guarantees the same inheritance rights,C,True
V.3q,b0e21aa2,Whether or not inheritance rights discriminate against women and girls,cfd91785,Whether or not inheritance rights discriminate against widows,678,Sao Tome and Principe,STP,6.609772265,0.241554875,Sub-Saharan Africa,G,Global,2019,2020,The law guarantees the same inheritance rights,C,True
V.3q,b0e21aa2,Whether or not inheritance rights discriminate against women and girls,cfd91785,Whether or not inheritance rights discriminate against widows,68,Bolivia (Plurinational State of),BOL,-64.66224284,-16.71273412,Latin America and the Caribbean,G,Global,2019,2020,The law guarantees the same inheritance rights,C,True
V.3q,b0e21aa2,Whether or not inheritance rights discriminate against women and girls,cfd91785,Whether or not inheritance rights discriminate against widows,682,Saudi Arabia,SAU,44.54763347,24.12594211,Northern Africa and Western Asia,G,Global,2019,2020,The law does not guarantee the same inheritance rights,C,True
V.3q,b0e21aa2,Whether or not inheritance rights discriminate against women and girls,cfd91785,Whether or not inheritance rights discriminate against widows,686,Senegal,SEN,-14.46636926,14.35920905,Sub-Saharan Africa,G,Global,2019,2020,The law does not guarantee the same inheritance rights,C,True
V.3q,b0e21aa2,Whether or not inheritance rights discriminate against women and girls,cfd91785,Whether or not inheritance rights discriminate against widows,688,Serbia,SRB,20.805876,44.03145697,Europe and Northern America,G,Global,2019,2020,The law guarantees the same inheritance rights,C,True
V.3q,b0e21aa2,Whether or not inheritance rights discriminate against women and girls,cfd91785,Whether or not inheritance rights discriminate against widows,690,Seychelles,SYC,55.46561591,-4.678053059,Sub-Saharan Africa,G,Global,2019,2020,The law guarantees the same inheritance rights,C,True
V.3q,b0e21aa2,Whether or not inheritance rights discriminate against women and girls,cfd91785,Whether or not inheritance rights discriminate against widows,694,Sierra Leone,SLE,-11.78306584,8.568604164,Sub-Saharan Africa,G,Global,2019,2020,The law guarantees the same inheritance rights,C,True
V.3q,b0e21aa2,Whether or not inheritance rights discriminate against women and girls,cfd91785,Whether or not inheritance rights discriminate against widows,70,Bosnia and Herzegovina,BIH,17.78584332,44.16845548,Europe and Northern America,G,Global,2019,2020,The law guarantees the same inheritance rights,C,True
V.3q,b0e21aa2,Whether or not inheritance rights discriminate against women and girls,cfd91785,Whether or not inheritance rights discriminate against widows,702,Singapore,SGP,103.8107883,1.361009155,Eastern and South-Eastern Asia,G,Global,2019,2020,The law guarantees the same inheritance rights,C,True
V.3q,b0e21aa2,Whether or not inheritance rights discriminate against women and girls,cfd91785,Whether or not inheritance rights discriminate against widows,703,Slovakia,SVK,19.48495604,48.70741446,Europe and Northern America,G,Global,2019,2020,The law guarantees the same inheritance rights,C,True
V.3q,b0e21aa2,Whether or not inheritance rights discriminate against women and girls,cfd91785,Whether or not inheritance rights discriminate against widows,704,Viet Nam,VNM,105.802499,10.09643079,Eastern and South-Eastern Asia,G,Global,2019,2020,The law guarantees the same inheritance rights,C,True
V.3q,b0e21aa2,Whether or not inheritance rights discriminate against women and girls,cfd91785,Whether or not inheritance rights discriminate against widows,705,Slovenia,SVN,14.82209486,46.11958061,Europe and Northern America,G,Global,2019,2020,The law guarantees the same inheritance rights,C,True
V.3q,b0e21aa2,Whether or not inheritance rights discriminate against women and girls,cfd91785,Whether or not inheritance rights discriminate against widows,706,Somalia,SOM,46.20367477,4.406485729,Sub-Saharan Africa,G,Global,2019,2020,The law does not guarantee the same inheritance rights,C,True
V.3q,b0e21aa2,Whether or not inheritance rights discriminate against women and girls,cfd91785,Whether or not inheritance rights discriminate against widows,710,South Africa,ZAF,24.67184355,-29.99957544,Sub-Saharan Africa,G,Global,2019,2020,The law guarantees the same inheritance rights,C,True
V.3q,b0e21aa2,Whether or not inheritance rights discriminate against women and girls,cfd91785,Whether or not inheritance rights discriminate against widows,716,Zimbabwe,ZWE,29.86909584,-19.00075492,Sub-Saharan Africa,G,Global,2019,2020,The law guarantees the same inheritance rights,C,True
V.3q,b0e21aa2,Whether or not inheritance rights discriminate against women and girls,cfd91785,Whether or not inheritance rights discriminate against widows,72,Botswana,BWA,23.81380223,-22.18810073,Sub-Saharan Africa,G,Global,2019,2020,The law guarantees the same inheritance rights,C,True
V.3q,b0e21aa2,Whether or not inheritance rights discriminate against women and girls,cfd91785,Whether or not inheritance rights discriminate against widows,724,Spain,ESP,-3.554078296,40.39211472,Europe and Northern America,G,Global,2019,2020,The law guarantees the same inheritance rights,C,True
V.3q,b0e21aa2,Whether or not inheritance rights discriminate against women and girls,cfd91785,Whether or not inheritance rights discriminate against widows,728,South Sudan,SSD,30.32618773,7.290839152,Sub-Saharan Africa,G,Global,2019,2020,The law does not guarantee the same inheritance rights,C,True
V.3q,b0e21aa2,Whether or not inheritance rights discriminate against women and girls,cfd91785,Whether or not inheritance rights discriminate against widows,729,Sudan,SDN,29.95650159,16.02643066,Northern Africa and Western Asia,G,Global,2019,2020,The law does not guarantee the same inheritance rights,C,True
V.3q,b0e21aa2,Whether or not inheritance rights discriminate against women and girls,cfd91785,Whether or not inheritance rights discriminate against widows,740,Suriname,SUR,-55.90626394,4.132603197,Latin America and the Caribbean,G,Global,2019,2020,The law guarantees the same inheritance rights,C,True
V.3q,b0e21aa2,Whether or not inheritance rights discriminate against women and girls,cfd91785,Whether or not inheritance rights discriminate against widows,748,Eswatini,SWZ,31.50149288,-26.56471011,Sub-Saharan Africa,G,Global,2019,2020,The law does not guarantee the same inheritance rights,C,True
V.3q,b0e21aa2,Whether or not inheritance rights discriminate against women and girls,cfd91785,Whether or not inheritance rights discriminate against widows,752,Sweden,SWE,14.3775338,60.60103109,Europe and Northern America,G,Global,2019,2020,The law guarantees the same inheritance rights,C,True
V.3q,b0e21aa2,Whether or not inheritance rights discriminate against women and girls,cfd91785,Whether or not inheritance rights discriminate against widows,756,Switzerland,CHE,8.223158,46.96617097,Europe and Northern America,G,Global,2019,2020,The law guarantees the same inheritance rights,C,True
V.3q,b0e21aa2,Whether or not inheritance rights discriminate against women and girls,cfd91785,Whether or not inheritance rights discriminate against widows,76,Brazil,BRA,-53.08432878,-10.77668561,Latin America and the Caribbean,G,Global,2019,2020,The law guarantees the same inheritance rights,C,True
V.3q,b0e21aa2,Whether or not inheritance rights discriminate against women and girls,cfd91785,Whether or not inheritance rights discriminate against widows,760,Syrian Arab Republic,SYR,38.50466565,35.01676176,Northern Africa and Western Asia,G,Global,2019,2020,The law does not guarantee the same inheritance rights,C,True
V.3q,b0e21aa2,Whether or not inheritance rights discriminate against women and girls,cfd91785,Whether or not inheritance rights discriminate against widows,762,Tajikistan,TJK,69.294998,38.43069666,Central and Southern Asia,G,Global,2019,2020,The law guarantees the same inheritance rights,C,True
V.3q,b0e21aa2,Whether or not inheritance rights discriminate against women and girls,cfd91785,Whether or not inheritance rights discriminate against widows,764,Thailand,THA,101.0202951,15.13089239,Eastern and South-Eastern Asia,G,Global,2019,2020,The law guarantees the same inheritance rights,C,True
V.3q,b0e21aa2,Whether or not inheritance rights discriminate against women and girls,cfd91785,Whether or not inheritance rights discriminate against widows,768,Togo,TGO,0.97835765,8.532096072,Sub-Saharan Africa,G,Global,2019,2020,The law guarantees the same inheritance rights,C,True
V.3q,b0e21aa2,Whether or not inheritance rights discriminate against women and girls,cfd91785,Whether or not inheritance rights discriminate against widows,776,Tonga,TON,-175.1959991,-21.19511329,"Oceania, exc. Australia and New Zealand",G,Global,2019,2020,The law does not guarantee the same inheritance rights,C,True
V.3q,b0e21aa2,Whether or not inheritance rights discriminate against women and girls,cfd91785,Whether or not inheritance rights discriminate against widows,780,Trinidad and Tobago,TTO,-61.29389504,10.41877263,Latin America and the Caribbean,G,Global,2019,2020,The law guarantees the same inheritance rights,C,True
V.3q,b0e21aa2,Whether or not inheritance rights discriminate against women and girls,cfd91785,Whether or not inheritance rights discriminate against widows,784,United Arab Emirates,ARE,53.98279159,23.43322219,Northern Africa and Western Asia,G,Global,2019,2020,The law does not guarantee the same inheritance rights,C,True
V.3q,b0e21aa2,Whether or not inheritance rights discriminate against women and girls,cfd91785,Whether or not inheritance rights discriminate against widows,788,Tunisia,TUN,9.572737411,34.11439971,Northern Africa and Western Asia,G,Global,2019,2020,The law does not guarantee the same inheritance rights,C,True
V.3q,b0e21aa2,Whether or not inheritance rights discriminate against women and girls,cfd91785,Whether or not inheritance rights discriminate against widows,792,Turkey,TUR,35.42890329,38.9899684,Northern Africa and Western Asia,G,Global,2019,2020,The law guarantees the same inheritance rights,C,True
V.3q,b0e21aa2,Whether or not inheritance rights discriminate against women and girls,cfd91785,Whether or not inheritance rights discriminate against widows,8,Albania,ALB,20.06660928,41.13897007,Europe and Northern America,G,Global,2019,2020,The law guarantees the same inheritance rights,C,True
V.3q,b0e21aa2,Whether or not inheritance rights discriminate against women and girls,cfd91785,Whether or not inheritance rights discriminate against widows,800,Uganda,UGA,32.39100438,1.279557331,Sub-Saharan Africa,G,Global,2019,2020,The law does not guarantee the same inheritance rights,C,True
V.3q,b0e21aa2,Whether or not inheritance rights discriminate against women and girls,cfd91785,Whether or not inheritance rights discriminate against widows,804,Ukraine,UKR,31.40270802,49.00735945,Europe and Northern America,G,Global,2019,2020,The law guarantees the same inheritance rights,C,True
V.3q,b0e21aa2,Whether or not inheritance rights discriminate against women and girls,cfd91785,Whether or not inheritance rights discriminate against widows,807,North Macedonia,MKD,21.7007909,41.60048068,Europe and Northern America,G,Global,2019,2020,The law guarantees the same inheritance rights,C,True
V.3q,b0e21aa2,Whether or not inheritance rights discriminate against women and girls,cfd91785,Whether or not inheritance rights discriminate against widows,818,Egypt,EGY,29.77468534,26.57438204,Northern Africa and Western Asia,G,Global,2019,2020,The law does not guarantee the same inheritance rights,C,True
V.3q,b0e21aa2,Whether or not inheritance rights discriminate against women and girls,cfd91785,Whether or not inheritance rights discriminate against widows,826,United Kingdom of Great Britain and Northern Ireland,GBR,-2.23830539,53.27691757,Europe and Northern America,G,Global,2019,2020,The law guarantees the same inheritance rights,C,True
V.3q,b0e21aa2,Whether or not inheritance rights discriminate against women and girls,cfd91785,Whether or not inheritance rights discriminate against widows,834,United Republic of Tanzania,TZA,34.80521182,-6.265332606,Sub-Saharan Africa,G,Global,2019,2020,The law does not guarantee the same inheritance rights,C,True
V.3q,b0e21aa2,Whether or not inheritance rights discriminate against women and girls,cfd91785,Whether or not inheritance rights discriminate against widows,84,Belize,BLZ,-88.70199554,17.19965901,Latin America and the Caribbean,G,Global,2019,2020,The law guarantees the same inheritance rights,C,True
V.3q,b0e21aa2,Whether or not inheritance rights discriminate against women and girls,cfd91785,Whether or not inheritance rights discriminate against widows,840,United States of America,USA,-99.13830311,39.5277871,Europe and Northern America,G,Global,2019,2020,The law guarantees the same inheritance rights,C,True
V.3q,b0e21aa2,Whether or not inheritance rights discriminate against women and girls,cfd91785,Whether or not inheritance rights discriminate against widows,854,Burkina Faso,BFA,-1.742843829,12.27491081,Sub-Saharan Africa,G,Global,2019,2020,The law guarantees the same inheritance rights,C,True
V.3q,b0e21aa2,Whether or not inheritance rights discriminate against women and girls,cfd91785,Whether or not inheritance rights discriminate against widows,858,Uruguay,URY,-56.01387025,-32.8002838,Latin America and the Caribbean,G,Global,2019,2020,The law guarantees the same inheritance rights,C,True
V.3q,b0e21aa2,Whether or not inheritance rights discriminate against women and girls,cfd91785,Whether or not inheritance rights discriminate against widows,860,Uzbekistan,UZB,63.11944558,41.77560518,Central and Southern Asia,G,Global,2019,2020,The law guarantees the same inheritance rights,C,True
V.3q,b0e21aa2,Whether or not inheritance rights discriminate against women and girls,cfd91785,Whether or not inheritance rights discriminate against widows,862,Venezuela (Bolivarian Republic of),VEN,-66.15642084,7.121324748,Latin America and the Caribbean,G,Global,2019,2020,The law guarantees the same inheritance rights,C,True
V.3q,b0e21aa2,Whether or not inheritance rights discriminate against women and girls,cfd91785,Whether or not inheritance rights discriminate against widows,882,Samoa,WSM,-172.4430749,-13.61541469,"Oceania, exc. Australia and New Zealand",G,Global,2019,2020,The law guarantees the same inheritance rights,C,True
V.3q,b0e21aa2,Whether or not inheritance rights discriminate against women and girls,cfd91785,Whether or not inheritance rights discriminate against widows,887,Yemen,YEM,45.22389143,15.22242099,Northern Africa and Western Asia,G,Global,2019,2020,The law does not guarantee the same inheritance rights,C,True
V.3q,b0e21aa2,Whether or not inheritance rights discriminate against women and girls,cfd91785,Whether or not inheritance rights discriminate against widows,894,Zambia,ZMB,27.850329,-14.59701056,Sub-Saharan Africa,G,Global,2019,2020,The law guarantees the same inheritance rights,C,True
V.3q,b0e21aa2,Whether or not inheritance rights discriminate against women and girls,cfd91785,Whether or not inheritance rights discriminate against widows,90,Solomon Islands,SLB,160.1584117,-9.622391719,"Oceania, exc. Australia and New Zealand",G,Global,2019,2020,The law guarantees the same inheritance rights,C,True
V.3q,b0e21aa2,Whether or not inheritance rights discriminate against women and girls,cfd91785,Whether or not inheritance rights discriminate against widows,96,Brunei Darussalam,BRN,114.6288563,4.49736984,Eastern and South-Eastern Asia,G,Global,2019,2020,The law does not guarantee the same inheritance rights,C,True
