INDICATOR_LABEL	INDICATOR_ID	INDICATOR_DESC	MINSET_SERIES	MINSET_SERIES_DESC	REF_AREA	REF_AREA_DESC	ISO3	X	Y	SDG_REGION	TIME_PERIOD	SEX	SEX_DESC	OBS_VALUE	UNIT_MEASURE	UNIT_MEASURE_DESC	NATURE	NATURE_DESC	REPORTING_TYPE	REPORTING_TYPE_DESC	COMMENT_OBS	SOURCE_DETAIL	SOURCE_YEAR	sort_order	SDG_SeriesID	ILO_SeriesID	UNESCO_SeriesID	TSK_sub_dims	TSK_sub_id	TSK_sub_desc	isLatestValue
IV.2	I836a1d80	Proportion of seats held by women in national parliament and local governments	S37241f88	Proportion of elected seats held by women in deliberative bodies of local government	1	World					2019	F	Female	36.28	PT	Percent	C	Country Data	G	Global	Weighted average by number of councillors, based on data from 133 countries and areas.	UN Women	2021	7200	SG_GEN_LOCGELS			SEX	F	Female	True
IV.2	I836a1d80	Proportion of seats held by women in national parliament and local governments	S37241f88	Proportion of elected seats held by women in deliberative bodies of local government	4	Afghanistan	AFG	66.02688198	33.83160199	Central and Southern Asia	2019	F	Female	16.53	PT	Percent	C	Country Data	G	Global	Administrative data.	Compiled by UN Women	2021	7200	SG_GEN_LOCGELS			SEX	F	Female	True
IV.2	I836a1d80	Proportion of seats held by women in national parliament and local governments	S37241f88	Proportion of elected seats held by women in deliberative bodies of local government	8	Albania	ALB	20.06660928	41.13897007	Europe and Northern America	2017	F	Female	36.93	PT	Percent	C	Country Data	G	Global	Administrative data based on most recent election results at municipal level (2015) and post-election replacements.	Compiled by UNECE Statistical Division and UN Women	2021	7200	SG_GEN_LOCGELS			SEX	F	Female	False
IV.2	I836a1d80	Proportion of seats held by women in national parliament and local governments	S37241f88	Proportion of elected seats held by women in deliberative bodies of local government	8	Albania	ALB	20.06660928	41.13897007	Europe and Northern America	2019	F	Female	43.61	PT	Percent	C	Country Data	G	Global	Administrative data based on most recent election results at municipal level (2019).	Compiled by UNECE Statistical Division and UN Women	2021	7200	SG_GEN_LOCGELS			SEX	F	Female	True
IV.2	I836a1d80	Proportion of seats held by women in national parliament and local governments	S37241f88	Proportion of elected seats held by women in deliberative bodies of local government	9	Oceania					2019	F	Female	31.99	PT	Percent	C	Country Data	G	Global	Weighted average by number of councillors, based on data from 9 countries and areas.	UN Women	2021	7200	SG_GEN_LOCGELS			SEX	F	Female	True
IV.2	I836a1d80	Proportion of seats held by women in national parliament and local governments	S37241f88	Proportion of elected seats held by women in deliberative bodies of local government	12	Algeria	DZA	2.678164227	28.15940032	Northern Africa and Western Asia	2019	F	Female	17.59	PT	Percent	C	Country Data	G	Global	Administrative data.	Compiled by UNECA African Centre for Statistics and UN Women	2021	7200	SG_GEN_LOCGELS			SEX	F	Female	True
IV.2	I836a1d80	Proportion of seats held by women in national parliament and local governments	S37241f88	Proportion of elected seats held by women in deliberative bodies of local government	20	Andorra	AND	1.576257417	42.54548611	Europe and Northern America	2018	F	Female	35.8	PT	Percent	C	Country Data	G	Global	Administrative data based on most recent local elections results (2015).	Compiled by UNECE Statistical Division and UN Women	2021	7200	SG_GEN_LOCGELS			SEX	F	Female	True
IV.2	I836a1d80	Proportion of seats held by women in national parliament and local governments	S37241f88	Proportion of elected seats held by women in deliberative bodies of local government	28	Antigua and Barbuda	ATG	-61.7999755	17.07761471	Latin America and the Caribbean	2019	F	Female	66.67	PT	Percent	C	Country Data	G	Global	Administrative data based on most recent election results (2019).	Compiled by ECLAC Division for Gender Affairs and UN Women	2021	7200	SG_GEN_LOCGELS			SEX	F	Female	True
IV.2	I836a1d80	Proportion of seats held by women in national parliament and local governments	S37241f88	Proportion of elected seats held by women in deliberative bodies of local government	31	Azerbaijan	AZE	50.01064725	40.39229544	Northern Africa and Western Asia	2018	F	Female	35.0	PT	Percent	C	Country Data	G	Global	Administrative data based on most recent local elections (2014).	Compiled by UNECE Statistical Division and UN Women	2021	7200	SG_GEN_LOCGELS			SEX	F	Female	True
IV.2	I836a1d80	Proportion of seats held by women in national parliament and local governments	S37241f88	Proportion of elected seats held by women in deliberative bodies of local government	36	Australia	AUS	134.3499412	-25.57717202	Australia and New Zealand	2018	F	Female	33.92	PT	Percent	C	Country Data	G	Global	Data based on most recent election results (2016 to 2018) obtained by NSS from Local Government Associations.	Compiled by UN Women in collaboration with ESCAP Statistics Division	2021	7200	SG_GEN_LOCGELS			SEX	F	Female	True
IV.2	I836a1d80	Proportion of seats held by women in national parliament and local governments	S37241f88	Proportion of elected seats held by women in deliberative bodies of local government	40	Austria	AUT	14.14172472	47.58704857	Europe and Northern America	2019	F	Female	23.09	PT	Percent	C	Country Data	G	Global	Data as of April 2019 obtained by NSS from Local Government Association.	Compiled by UNECE Statistical Division and UN Women	2021	7200	SG_GEN_LOCGELS			SEX	F	Female	True
IV.2	I836a1d80	Proportion of seats held by women in national parliament and local governments	S37241f88	Proportion of elected seats held by women in deliberative bodies of local government	48	Bahrain	BHR	50.5490754	26.04407747	Northern Africa and Western Asia	2018	F	Female	13.33	PT	Percent	C	Country Data	G	Global	Administrative data based on most recent local election results (2018).	Compiled by ESCWA Statistics Division and UN Women	2021	7200	SG_GEN_LOCGELS			SEX	F	Female	True
IV.2	I836a1d80	Proportion of seats held by women in national parliament and local governments	S37241f88	Proportion of elected seats held by women in deliberative bodies of local government	50	Bangladesh	BGD	89.17660788	22.86961622	Central and Southern Asia	2018	F	Female	25.21	PT	Percent	C	Country Data	G	Global	Administrative data based on most recent local election results at the level of City corporations (2018), Paurashava/Municipalities (2017), Zilla Parishad/District Councils (2017), Upazila Parishad/Sub-district Councils (2014), and Union Parishad (2016).	Compiled by UN Women in collaboration with ESCAP Statistics Division	2021	7200	SG_GEN_LOCGELS			SEX	F	Female	True
IV.2	I836a1d80	Proportion of seats held by women in national parliament and local governments	S37241f88	Proportion of elected seats held by women in deliberative bodies of local government	51	Armenia	ARM	44.93839317	40.29499741	Northern Africa and Western Asia	2018	F	Female	9.04	PT	Percent	C	Country Data	G	Global	Administrative data.	Compiled by UNECE Statistical Division and UN Women	2021	7200	SG_GEN_LOCGELS			SEX	F	Female	True
IV.2	I836a1d80	Proportion of seats held by women in national parliament and local governments	S37241f88	Proportion of elected seats held by women in deliberative bodies of local government	53	Australia and New Zealand				Australia and New Zealand	2019	F	Female	34.88	PT	Percent	C	Country Data	G	Global	Weighted average by number of councillors, based on data from Australia and New Zealand.	UN Women	2021	7200	SG_GEN_LOCGELS			SEX	F	Female	True
IV.2	I836a1d80	Proportion of seats held by women in national parliament and local governments	S37241f88	Proportion of elected seats held by women in deliberative bodies of local government	56	Belgium	BEL	4.660976456	50.64104975	Europe and Northern America	2018	F	Female	39.03	PT	Percent	C	Country Data	G	Global	Data based on most recent election results (2018) from the Institute for the Equality of Women and Men.	Compiled by UNECE Statistical Division and UN Women	2021	7200	SG_GEN_LOCGELS			SEX	F	Female	True
IV.2	I836a1d80	Proportion of seats held by women in national parliament and local governments	S37241f88	Proportion of elected seats held by women in deliberative bodies of local government	62	Central and Southern Asia				Central and Southern Asia	2019	F	Female	41.32	PT	Percent	C	Country Data	G	Global	Weighted average by number of councillors, based on data from 11 countries and areas.	UN Women	2021	7200	SG_GEN_LOCGELS			SEX	F	Female	True
IV.2	I836a1d80	Proportion of seats held by women in national parliament and local governments	S37241f88	Proportion of elected seats held by women in deliberative bodies of local government	64	Bhutan	BTN	90.45098484	27.39598568	Central and Southern Asia	2018	F	Female	10.62	PT	Percent	C	Country Data	G	Global	Administrative data based on most recent election results (2016).	Compiled by UN Women in collaboration with ESCAP Statistics Division	2021	7200	SG_GEN_LOCGELS			SEX	F	Female	True
IV.2	I836a1d80	Proportion of seats held by women in national parliament and local governments	S37241f88	Proportion of elected seats held by women in deliberative bodies of local government	68	Bolivia (Plurinational State of)	BOL	-64.66224284	-16.71273412	Latin America and the Caribbean	2018	F	Female	50.47	PT	Percent	C	Country Data	G	Global	Administrative data based on most recent election results (2015).	Compiled by ECLAC Division for Gender Affairs and UN Women	2021	7200	SG_GEN_LOCGELS			SEX	F	Female	True
IV.2	I836a1d80	Proportion of seats held by women in national parliament and local governments	S37241f88	Proportion of elected seats held by women in deliberative bodies of local government	70	Bosnia and Herzegovina	BIH	17.78584332	44.16845548	Europe and Northern America	2018	F	Female	18.59	PT	Percent	C	Country Data	G	Global	Administrative data based on most recent election results (2016).	Compiled by UNECE Statistical Division and UN Women	2021	7200	SG_GEN_LOCGELS			SEX	F	Female	True
IV.2	I836a1d80	Proportion of seats held by women in national parliament and local governments	S37241f88	Proportion of elected seats held by women in deliberative bodies of local government	72	Botswana	BWA	23.81380223	-22.18810073	Sub-Saharan Africa	2018	F	Female	12.67	PT	Percent	C	Country Data	G	Global	Administrative data based on most recent election results (2014).	Compiled by UNECA African Centre for Statistics and UN Women	2021	7200	SG_GEN_LOCGELS			SEX	F	Female	True
IV.2	I836a1d80	Proportion of seats held by women in national parliament and local governments	S37241f88	Proportion of elected seats held by women in deliberative bodies of local government	76	Brazil	BRA	-53.08432878	-10.77668561	Latin America and the Caribbean	2018	F	Female	13.51	PT	Percent	C	Country Data	G	Global	Administrative data based on most recent election results (2016).	Compiled by ECLAC Division for Gender Affairs and UN Women	2021	7200	SG_GEN_LOCGELS			SEX	F	Female	True
IV.2	I836a1d80	Proportion of seats held by women in national parliament and local governments	S37241f88	Proportion of elected seats held by women in deliberative bodies of local government	84	Belize	BLZ	-88.70199554	17.19965901	Latin America and the Caribbean	2019	F	Female	30.96	PT	Percent	C	Country Data	G	Global	Administrative data based on most recent election results (2019).	Compiled by ECLAC Division for Gender Affairs and UN Women	2021	7200	SG_GEN_LOCGELS			SEX	F	Female	True
IV.2	I836a1d80	Proportion of seats held by women in national parliament and local governments	S37241f88	Proportion of elected seats held by women in deliberative bodies of local government	100	Bulgaria	BGR	25.23763153	42.75731323	Europe and Northern America	2018	F	Female	25.96	PT	Percent	C	Country Data	G	Global	Administrative data based on most recent election results (2015).	Compiled by UNECE Statistical Division and UN Women	2021	7200	SG_GEN_LOCGELS			SEX	F	Female	False
IV.2	I836a1d80	Proportion of seats held by women in national parliament and local governments	S37241f88	Proportion of elected seats held by women in deliberative bodies of local government	100	Bulgaria	BGR	25.23763153	42.75731323	Europe and Northern America	2019	F	Female	27.15	PT	Percent	C	Country Data	G	Global	Administrative data based on most recent election results (2019).	Compiled by UNECE Statistical Division and UN Women	2021	7200	SG_GEN_LOCGELS			SEX	F	Female	True
IV.2	I836a1d80	Proportion of seats held by women in national parliament and local governments	S37241f88	Proportion of elected seats held by women in deliberative bodies of local government	108	Burundi	BDI	29.89080992	-3.366387428	Sub-Saharan Africa	2018	F	Female	19.1	PT	Percent	C	Country Data	G	Global	Administrative data based on most recent election results (2015) at commune and colline levels.	Compiled by UNECA African Centre for Statistics and UN Women	2021	7200	SG_GEN_LOCGELS			SEX	F	Female	True
IV.2	I836a1d80	Proportion of seats held by women in national parliament and local governments	S37241f88	Proportion of elected seats held by women in deliberative bodies of local government	112	Belarus	BLR	28.04940161	53.54193075	Europe and Northern America	2018	F	Female	48.2	PT	Percent	C	Country Data	G	Global	Administrative data based on most recent election results (2018).	Compiled by UNECE Statistical Division and UN Women	2021	7200	SG_GEN_LOCGELS			SEX	F	Female	True
IV.2	I836a1d80	Proportion of seats held by women in national parliament and local governments	S37241f88	Proportion of elected seats held by women in deliberative bodies of local government	116	Cambodia	KHM	104.922836	12.71163737	Eastern and South-Eastern Asia	2018	F	Female	16.09	PT	Percent	C	Country Data	G	Global	Administrative data based on most recent election results (2014).	Compiled by UN Women in collaboration with ESCAP Statistics Division	2021	7200	SG_GEN_LOCGELS			SEX	F	Female	False
IV.2	I836a1d80	Proportion of seats held by women in national parliament and local governments	S37241f88	Proportion of elected seats held by women in deliberative bodies of local government	116	Cambodia	KHM	104.922836	12.71163737	Eastern and South-Eastern Asia	2019	F	Female	16.93	PT	Percent	C	Country Data	G	Global	Administrative data based on most recent election results (2019).	Compiled by UN Women	2021	7200	SG_GEN_LOCGELS			SEX	F	Female	True
IV.2	I836a1d80	Proportion of seats held by women in national parliament and local governments	S37241f88	Proportion of elected seats held by women in deliberative bodies of local government	120	Cameroon	CMR	12.7419827	5.692387031	Sub-Saharan Africa	2018	F	Female	25.33	PT	Percent	C	Country Data	G	Global	Administrative data based on most recent election results (2013) at commune level only.	Compiled by UNECA African Centre for Statistics and UN Women	2021	7200	SG_GEN_LOCGELS			SEX	F	Female	True
IV.2	I836a1d80	Proportion of seats held by women in national parliament and local governments	S37241f88	Proportion of elected seats held by women in deliberative bodies of local government	124	Canada	CAN	-101.6575058	57.72360191	Europe and Northern America	2018	F	Female	26.6	PT	Percent	C	Country Data	G	Global	Data based on most recent election results (2015) at municipal level obtained by NSO from Local Government Associations.	Compiled by UNECE Statistical Division and UN Women	2021	7200	SG_GEN_LOCGELS			SEX	F	Female	True
IV.2	I836a1d80	Proportion of seats held by women in national parliament and local governments	S37241f88	Proportion of elected seats held by women in deliberative bodies of local government	132	Cabo Verde	CPV	-23.63544151	15.07791834	Sub-Saharan Africa	2018	F	Female	28.36	PT	Percent	C	Country Data	G	Global	Administrative data based on most recent election results (2016).	Compiled by UNECA African Centre for Statistics and UN Women	2021	7200	SG_GEN_LOCGELS			SEX	F	Female	True
IV.2	I836a1d80	Proportion of seats held by women in national parliament and local governments	S37241f88	Proportion of elected seats held by women in deliberative bodies of local government	144	Sri Lanka	LKA	80.70489654	7.614693343	Central and Southern Asia	2019	F	Female	10.89	PT	Percent	C	Country Data	G	Global	Administrative data based on most recent elections (2018).	Compiled by UN Women	2021	7200	SG_GEN_LOCGELS			SEX	F	Female	True
IV.2	I836a1d80	Proportion of seats held by women in national parliament and local governments	S37241f88	Proportion of elected seats held by women in deliberative bodies of local government	152	Chile	CHL	-71.23029019	-35.2652885	Latin America and the Caribbean	2018	F	Female	24.86	PT	Percent	C	Country Data	G	Global	Administrative data based on most recent election results at regional level (2017) and municipal level (2016).	Compiled by ECLAC Division for Gender Affairs and UN Women	2021	7200	SG_GEN_LOCGELS			SEX	F	Female	True
IV.2	I836a1d80	Proportion of seats held by women in national parliament and local governments	S37241f88	Proportion of elected seats held by women in deliberative bodies of local government	170	Colombia	COL	-73.07446751	3.888209046	Latin America and the Caribbean	2018	F	Female	17.61	PT	Percent	C	Country Data	G	Global	Administrative data based on most recent election results (2015).	Compiled by ECLAC Division for Gender Affairs and UN Women	2021	7200	SG_GEN_LOCGELS			SEX	F	Female	False
IV.2	I836a1d80	Proportion of seats held by women in national parliament and local governments	S37241f88	Proportion of elected seats held by women in deliberative bodies of local government	170	Colombia	COL	-73.07446751	3.888209046	Latin America and the Caribbean	2019	F	Female	17.9	PT	Percent	C	Country Data	G	Global	Administrative data based on most recent election results (2019).	Compiled by ECLAC Division for Gender Affairs and UN Women	2021	7200	SG_GEN_LOCGELS			SEX	F	Female	True
IV.2	I836a1d80	Proportion of seats held by women in national parliament and local governments	S37241f88	Proportion of elected seats held by women in deliberative bodies of local government	174	Comoros	COM	43.34234565	-11.66121732	Sub-Saharan Africa	2018	F	Female	28.04	PT	Percent	C	Country Data	G	Global	Administrative data based on most recent election results (2015).	Compiled by UNECA African Centre for Statistics and UN Women	2021	7200	SG_GEN_LOCGELS			SEX	F	Female	True
IV.2	I836a1d80	Proportion of seats held by women in national parliament and local governments	S37241f88	Proportion of elected seats held by women in deliberative bodies of local government	188	Costa Rica	CRI	-84.19712782	9.970998683	Latin America and the Caribbean	2018	F	Female	45.64	PT	Percent	C	Country Data	G	Global	Administrative data based on most recent election results (2016).	Compiled by ECLAC Division for Gender Affairs and UN Women	2021	7200	SG_GEN_LOCGELS			SEX	F	Female	True
IV.2	I836a1d80	Proportion of seats held by women in national parliament and local governments	S37241f88	Proportion of elected seats held by women in deliberative bodies of local government	191	Croatia	HRV	17.95874553	45.45172212	Europe and Northern America	2018	F	Female	26.39	PT	Percent	C	Country Data	G	Global	Administrative data based on most recent election results (2017).	Compiled by UNECE Statistical Division and UN Women	2021	7200	SG_GEN_LOCGELS			SEX	F	Female	True
IV.2	I836a1d80	Proportion of seats held by women in national parliament and local governments	S37241f88	Proportion of elected seats held by women in deliberative bodies of local government	192	Cuba	CUB	-79.54460144	22.10030366	Latin America and the Caribbean	2019	F	Female	34.87	PT	Percent	C	Country Data	G	Global	Administrative data based on most recent election results (2017-2018).	Compiled by ECLAC Division for Gender Affairs and UN Women	2021	7200	SG_GEN_LOCGELS			SEX	F	Female	True
IV.2	I836a1d80	Proportion of seats held by women in national parliament and local governments	S37241f88	Proportion of elected seats held by women in deliberative bodies of local government	199	Least Developed Countries (LDCs)					2019	F	Female	30.2	PT	Percent	C	Country Data	G	Global	Weighted average by number of councillors, based on data from 25 countries and areas.	UN Women	2021	7200	SG_GEN_LOCGELS			SEX	F	Female	True
IV.2	I836a1d80	Proportion of seats held by women in national parliament and local governments	S37241f88	Proportion of elected seats held by women in deliberative bodies of local government	202	Sub-Saharan Africa				Sub-Saharan Africa	2019	F	Female	29.29	PT	Percent	C	Country Data	G	Global	Weighted average by number of councillors, based on data from 29 countries and areas.	UN Women	2021	7200	SG_GEN_LOCGELS			SEX	F	Female	True
IV.2	I836a1d80	Proportion of seats held by women in national parliament and local governments	S37241f88	Proportion of elected seats held by women in deliberative bodies of local government	203	Czechia	CZE	15.33151382	49.73913871	Europe and Northern America	2017	F	Female	27.06	PT	Percent	C	Country Data	G	Global	Administrative data based on most recent election results at the level of regions (2016), municipalities (2014) and city districts (2014).	Compiled by UNECE Statistical Division and UN Women	2021	7200	SG_GEN_LOCGELS			SEX	F	Female	True
IV.2	I836a1d80	Proportion of seats held by women in national parliament and local governments	S37241f88	Proportion of elected seats held by women in deliberative bodies of local government	204	Benin	BEN	2.339933594	9.65401646	Sub-Saharan Africa	2018	F	Female	4.65	PT	Percent	C	Country Data	G	Global	Administrative data based on most recent election results (2015).	Compiled by UNECA African Centre for Statistics and UN Women	2021	7200	SG_GEN_LOCGELS			SEX	F	Female	True
IV.2	I836a1d80	Proportion of seats held by women in national parliament and local governments	S37241f88	Proportion of elected seats held by women in deliberative bodies of local government	208	Denmark	DNK	9.326571283	56.03829721	Europe and Northern America	2018	F	Female	33.33	PT	Percent	C	Country Data	G	Global	Administrative data based on most recent election results (2017).	Compiled by UNECE Statistical Division and UN Women	2021	7200	SG_GEN_LOCGELS			SEX	F	Female	True
IV.2	I836a1d80	Proportion of seats held by women in national parliament and local governments	S37241f88	Proportion of elected seats held by women in deliberative bodies of local government	214	Dominican Republic	DOM	-70.49847576	18.89832088	Latin America and the Caribbean	2018	F	Female	28.34	PT	Percent	C	Country Data	G	Global	Administrative data based on most recent election results (2016).	Compiled by ECLAC Division for Gender Affairs and UN Women	2021	7200	SG_GEN_LOCGELS			SEX	F	Female	True
IV.2	I836a1d80	Proportion of seats held by women in national parliament and local governments	S37241f88	Proportion of elected seats held by women in deliberative bodies of local government	218	Ecuador	ECU	-78.37005241	-1.447785891	Latin America and the Caribbean	2018	F	Female	25.66	PT	Percent	C	Country Data	G	Global	Administrative data based on most recent election results (2014).	Compiled by ECLAC Division for Gender Affairs and UN Women	2021	7200	SG_GEN_LOCGELS			SEX	F	Female	False
IV.2	I836a1d80	Proportion of seats held by women in national parliament and local governments	S37241f88	Proportion of elected seats held by women in deliberative bodies of local government	218	Ecuador	ECU	-78.37005241	-1.447785891	Latin America and the Caribbean	2019	F	Female	27.17	PT	Percent	C	Country Data	G	Global	Administrative data based on most recent election results (2019).	Compiled by ECLAC Division for Gender Affairs and UN Women	2021	7200	SG_GEN_LOCGELS			SEX	F	Female	True
IV.2	I836a1d80	Proportion of seats held by women in national parliament and local governments	S37241f88	Proportion of elected seats held by women in deliberative bodies of local government	222	El Salvador	SLV	-88.86862995	13.73603564	Latin America and the Caribbean	2018	F	Female	32.44	PT	Percent	C	Country Data	G	Global	Administrative data based on most recent election results (2018).	Compiled by ECLAC Division for Gender Affairs and UN Women	2021	7200	SG_GEN_LOCGELS			SEX	F	Female	True
IV.2	I836a1d80	Proportion of seats held by women in national parliament and local governments	S37241f88	Proportion of elected seats held by women in deliberative bodies of local government	226	Equatorial Guinea	GNQ	10.46535826	1.565792376	Sub-Saharan Africa	2018	F	Female	26.85	PT	Percent	C	Country Data	G	Global	Administrative data based on most recent local elections (2017) provided by Ministry of Interior and Local Cooperation.	Compiled by UNECA African Centre for Statistics and UN Women	2021	7200	SG_GEN_LOCGELS			SEX	F	Female	True
IV.2	I836a1d80	Proportion of seats held by women in national parliament and local governments	S37241f88	Proportion of elected seats held by women in deliberative bodies of local government	233	Estonia	EST	25.84093481	58.68487172	Europe and Northern America	2017	F	Female	28.63	PT	Percent	C	Country Data	G	Global	Administrative data.	Compiled by UNECE Statistical Division and UN Women	2021	7200	SG_GEN_LOCGELS			SEX	F	Female	True
IV.2	I836a1d80	Proportion of seats held by women in national parliament and local governments	S37241f88	Proportion of elected seats held by women in deliberative bodies of local government	246	Finland	FIN	23.308447	61.91586738	Europe and Northern America	2018	F	Female	39.05	PT	Percent	C	Country Data	G	Global	Administrative data based on most recent election results (2017).	Compiled by UNECE Statistical Division and UN Women	2021	7200	SG_GEN_LOCGELS			SEX	F	Female	True
IV.2	I836a1d80	Proportion of seats held by women in national parliament and local governments	S37241f88	Proportion of elected seats held by women in deliberative bodies of local government	250	France	FRA	2.457288129	46.62660861	Europe and Northern America	2018	F	Female	40.4	PT	Percent	C	Country Data	G	Global	Administrative data based on most recent election results at the level of communes (2014), departments (2015) and regions (2015). Data also cover the territories of Guadeloupe, Martinique, Guyane, La Réunion and Mayotte.	Compiled by UNECE Statistical Division and UN Women	2021	7200	SG_GEN_LOCGELS			SEX	F	Female	True
IV.2	I836a1d80	Proportion of seats held by women in national parliament and local governments	S37241f88	Proportion of elected seats held by women in deliberative bodies of local government	262	Djibouti	DJI	42.18274707	11.56004161	Sub-Saharan Africa	2018	F	Female	28.87	PT	Percent	C	Country Data	G	Global	Administrative data based on most recent election results (2017).	Compiled by UNECA African Centre for Statistics and UN Women	2021	7200	SG_GEN_LOCGELS			SEX	F	Female	True
IV.2	I836a1d80	Proportion of seats held by women in national parliament and local governments	S37241f88	Proportion of elected seats held by women in deliberative bodies of local government	268	Georgia	GEO	43.3713615	42.04813028	Northern Africa and Western Asia	2018	F	Female	13.46	PT	Percent	C	Country Data	G	Global	Administrative data based on most recent election results (2017).	Compiled by UNECE Statistical Division and UN Women	2021	7200	SG_GEN_LOCGELS			SEX	F	Female	True
IV.2	I836a1d80	Proportion of seats held by women in national parliament and local governments	S37241f88	Proportion of elected seats held by women in deliberative bodies of local government	275	State of Palestine	PSE	35.25694122	31.94347933	Northern Africa and Western Asia	2018	F	Female	21.17	PT	Percent	C	Country Data	G	Global	Administrative data based on most recent election results (2017 and 2018) for local councils in West Bank.	Compiled by ESCWA Statistics Division and UN Women	2021	7200	SG_GEN_LOCGELS			SEX	F	Female	True
IV.2	I836a1d80	Proportion of seats held by women in national parliament and local governments	S37241f88	Proportion of elected seats held by women in deliberative bodies of local government	276	Germany	DEU	10.3806066	51.08862743	Europe and Northern America	2018	F	Female	27.01	PT	Percent	C	Country Data	G	Global	Administrative data based on most recent election results (around year 2017).	Compiled by UNECE Statistical Division and UN Women	2021	7200	SG_GEN_LOCGELS			SEX	F	Female	False
IV.2	I836a1d80	Proportion of seats held by women in national parliament and local governments	S37241f88	Proportion of elected seats held by women in deliberative bodies of local government	276	Germany	DEU	10.3806066	51.08862743	Europe and Northern America	2019	F	Female	27.52	PT	Percent	C	Country Data	G	Global	Administrative data based on most recent election results. Data do not cover the Land Schleswig-Holstein.	Compiled by UNECE Statistical Division and UN Women	2021	7200	SG_GEN_LOCGELS			SEX	F	Female	True
IV.2	I836a1d80	Proportion of seats held by women in national parliament and local governments	S37241f88	Proportion of elected seats held by women in deliberative bodies of local government	288	Ghana	GHA	-1.205623522	7.964825185	Sub-Saharan Africa	2018	F	Female	4.65	PT	Percent	C	Country Data	G	Global	Administrative data based on most recent election results (2015). Data cover 99 per cent of the 216 local councils in the country.	Compiled by UNECA African Centre for Statistics and UN Women	2021	7200	SG_GEN_LOCGELS			SEX	F	Female	False
IV.2	I836a1d80	Proportion of seats held by women in national parliament and local governments	S37241f88	Proportion of elected seats held by women in deliberative bodies of local government	288	Ghana	GHA	-1.205623522	7.964825185	Sub-Saharan Africa	2019	F	Female	3.8	PT	Percent	C	Country Data	G	Global	Administrative data based on most recent election results (2019).	Compiled by UNECA African Centre for Statistics and UN Women	2021	7200	SG_GEN_LOCGELS			SEX	F	Female	True
IV.2	I836a1d80	Proportion of seats held by women in national parliament and local governments	S37241f88	Proportion of elected seats held by women in deliberative bodies of local government	316	Guam	GUM	144.7029305	13.35485404	Oceania, exc. Australia and New Zealand	2018	F	Female	15.38	PT	Percent	C	Country Data	G	Global	Administrative data based on most recent election results (2016).	Compiled by UN Women in collaboration with ESCAP Statistics Division	2021	7200	SG_GEN_LOCGELS			SEX	F	Female	True
IV.2	I836a1d80	Proportion of seats held by women in national parliament and local governments	S37241f88	Proportion of elected seats held by women in deliberative bodies of local government	320	Guatemala	GTM	-91.2312746	15.00273719	Latin America and the Caribbean	2018	F	Female	10.59	PT	Percent	C	Country Data	G	Global	Administrative data based on most recent election results (2015).	Compiled by ECLAC Division for Gender Affairs and UN Women	2021	7200	SG_GEN_LOCGELS			SEX	F	Female	True
IV.2	I836a1d80	Proportion of seats held by women in national parliament and local governments	S37241f88	Proportion of elected seats held by women in deliberative bodies of local government	324	Guinea	GIN	-11.28173419	11.00210343	Sub-Saharan Africa	2018	F	Female	15.43	PT	Percent	C	Country Data	G	Global	Administrative data based on most recent local elections (2018). Partial data for 139 out of 342 local government units.	Compiled by UNECA African Centre for Statistics and UN Women	2021	7200	SG_GEN_LOCGELS			SEX	F	Female	True
IV.2	I836a1d80	Proportion of seats held by women in national parliament and local governments	S37241f88	Proportion of elected seats held by women in deliberative bodies of local government	340	Honduras	HND	-86.59974381	14.82243161	Latin America and the Caribbean	2019	F	Female	27.9	PT	Percent	C	Country Data	G	Global	Administrative data based on most recent local elections (2018).	Compiled by ECLAC Division for Gender Affairs and UN Women	2021	7200	SG_GEN_LOCGELS			SEX	F	Female	True
IV.2	I836a1d80	Proportion of seats held by women in national parliament and local governments	S37241f88	Proportion of elected seats held by women in deliberative bodies of local government	348	Hungary	HUN	19.41221519	47.1651448	Europe and Northern America	2018	F	Female	28.5	PT	Percent	C	Country Data	G	Global	Administrative data based on most recent election results (2014) provided by the Electoral Management Body of the country.	Compiled by UNECE Statistical Division and UN Women	2021	7200	SG_GEN_LOCGELS			SEX	F	Female	False
IV.2	I836a1d80	Proportion of seats held by women in national parliament and local governments	S37241f88	Proportion of elected seats held by women in deliberative bodies of local government	348	Hungary	HUN	19.41221519	47.1651448	Europe and Northern America	2019	F	Female	30.51	PT	Percent	C	Country Data	G	Global	Administrative data based on most recent election results (2019) provided by the Electoral Management Body of the country.	Compiled by UNECE Statistical Division and UN Women	2021	7200	SG_GEN_LOCGELS			SEX	F	Female	True
IV.2	I836a1d80	Proportion of seats held by women in national parliament and local governments	S37241f88	Proportion of elected seats held by women in deliberative bodies of local government	352	Iceland	ISL	-19.02116966	64.79134763	Europe and Northern America	2018	F	Female	47.01	PT	Percent	C	Country Data	G	Global	Administrative data based on most recent election results (2018).	Compiled by UNECE Statistical Division and UN Women	2021	7200	SG_GEN_LOCGELS			SEX	F	Female	True
IV.2	I836a1d80	Proportion of seats held by women in national parliament and local governments	S37241f88	Proportion of elected seats held by women in deliberative bodies of local government	356	India	IND	79.3608464	22.34642074	Central and Southern Asia	2018	F	Female	44.37	PT	Percent	C	Country Data	G	Global	Administrative data based on most recent election results at the level of Gram Panchayat, Panchayat Samait, and Zila Parishad (2013-2017). Partial data corresponding to rural areas only .	Compiled by UN Women in collaboration with ESCAP Statistics Division	2021	7200	SG_GEN_LOCGELS			SEX	F	Female	True
IV.2	I836a1d80	Proportion of seats held by women in national parliament and local governments	S37241f88	Proportion of elected seats held by women in deliberative bodies of local government	360	Indonesia	IDN	113.9174	-0.994582204	Eastern and South-Eastern Asia	2018	F	Female	14.37	PT	Percent	C	Country Data	G	Global	Administrative data based on most recent election results (2017).	Compiled by UN Women in collaboration with ESCAP Statistics Division	2021	7200	SG_GEN_LOCGELS			SEX	F	Female	True
IV.2	I836a1d80	Proportion of seats held by women in national parliament and local governments	S37241f88	Proportion of elected seats held by women in deliberative bodies of local government	364	Iran (Islamic Republic of)	IRN	54.19766348	32.74370885	Central and Southern Asia	2018	F	Female	3.2	PT	Percent	C	Country Data	G	Global	Administrative data based on most recent election results at city and village levels (2017).	Compiled by UN Women in collaboration with ESCAP Statistics Division	2021	7200	SG_GEN_LOCGELS			SEX	F	Female	True
IV.2	I836a1d80	Proportion of seats held by women in national parliament and local governments	S37241f88	Proportion of elected seats held by women in deliberative bodies of local government	368	Iraq	IRQ	43.76606267	33.05013795	Northern Africa and Western Asia	2018	F	Female	25.69	PT	Percent	C	Country Data	G	Global	Administrative data based on most recent election results at governorate level (2013).	Compiled by ESCWA Statistics Division and UN Women	2021	7200	SG_GEN_LOCGELS			SEX	F	Female	True
IV.2	I836a1d80	Proportion of seats held by women in national parliament and local governments	S37241f88	Proportion of elected seats held by women in deliberative bodies of local government	372	Ireland	IRL	-7.121425272	53.25274054	Europe and Northern America	2018	F	Female	20.13	PT	Percent	C	Country Data	G	Global	Administrative data based on most recent election results (2014).	Compiled by UNECE Statistical Division and UN Women	2021	7200	SG_GEN_LOCGELS			SEX	F	Female	False
IV.2	I836a1d80	Proportion of seats held by women in national parliament and local governments	S37241f88	Proportion of elected seats held by women in deliberative bodies of local government	372	Ireland	IRL	-7.121425272	53.25274054	Europe and Northern America	2019	F	Female	23.92	PT	Percent	C	Country Data	G	Global	Administrative data based on most recent election results (2019).	Compiled by UNECE Statistical Division and UN Women	2021	7200	SG_GEN_LOCGELS			SEX	F	Female	True
IV.2	I836a1d80	Proportion of seats held by women in national parliament and local governments	S37241f88	Proportion of elected seats held by women in deliberative bodies of local government	376	Israel	ISR	34.62277992	31.06164552	Northern Africa and Western Asia	2018	F	Female	17.13	PT	Percent	C	Country Data	G	Global	Administrative data based on most recent election results (2018).	Compiled by UNECE Statistical Division and UN Women	2021	7200	SG_GEN_LOCGELS			SEX	F	Female	True
IV.2	I836a1d80	Proportion of seats held by women in national parliament and local governments	S37241f88	Proportion of elected seats held by women in deliberative bodies of local government	380	Italy	ITA	12.57022427	42.79917282	Europe and Northern America	2018	F	Female	30.36	PT	Percent	C	Country Data	G	Global	Administrative data on municipalities from the Ministry of Interior.	Compiled by UNECE Statistical Division and UN Women	2021	7200	SG_GEN_LOCGELS			SEX	F	Female	False
IV.2	I836a1d80	Proportion of seats held by women in national parliament and local governments	S37241f88	Proportion of elected seats held by women in deliberative bodies of local government	380	Italy	ITA	12.57022427	42.79917282	Europe and Northern America	2019	F	Female	31.78	PT	Percent	C	Country Data	G	Global	Administrative data on municipalities from the Ministry of Interior.	Compiled by UNECE Statistical Division and UN Women	2021	7200	SG_GEN_LOCGELS			SEX	F	Female	True
IV.2	I836a1d80	Proportion of seats held by women in national parliament and local governments	S37241f88	Proportion of elected seats held by women in deliberative bodies of local government	384	Côte d'Ivoire	CIV	-5.552690016	7.62211586	Sub-Saharan Africa	2018	F	Female	14.95	PT	Percent	C	Country Data	G	Global	Administrative data based on most recent election results (2018).	Compiled by UNECA African Centre for Statistics and UN Women	2021	7200	SG_GEN_LOCGELS			SEX	F	Female	True
IV.2	I836a1d80	Proportion of seats held by women in national parliament and local governments	S37241f88	Proportion of elected seats held by women in deliberative bodies of local government	388	Jamaica	JAM	-77.31068409	18.15616857	Latin America and the Caribbean	2018	F	Female	18.42	PT	Percent	C	Country Data	G	Global	Administrative data based on most recent election results (2016).	Compiled by ECLAC Division for Gender Affairs and UN Women	2021	7200	SG_GEN_LOCGELS			SEX	F	Female	True
IV.2	I836a1d80	Proportion of seats held by women in national parliament and local governments	S37241f88	Proportion of elected seats held by women in deliberative bodies of local government	392	Japan	JPN	139.2716103	36.6554539	Eastern and South-Eastern Asia	2017	F	Female	12.87	PT	Percent	C	Country Data	G	Global	Administrative data as of 31st December 2017	Compiled by UN Women in collaboration with ESCAP Statistics Division	2021	7200	SG_GEN_LOCGELS			SEX	F	Female	True
IV.2	I836a1d80	Proportion of seats held by women in national parliament and local governments	S37241f88	Proportion of elected seats held by women in deliberative bodies of local government	398	Kazakhstan	KAZ	66.65359159	48.01963494	Central and Southern Asia	2018	F	Female	22.19	PT	Percent	C	Country Data	G	Global	Administrative data.	Compiled by UNECE Statistical Division and UN Women	2021	7200	SG_GEN_LOCGELS			SEX	F	Female	True
IV.2	I836a1d80	Proportion of seats held by women in national parliament and local governments	S37241f88	Proportion of elected seats held by women in deliberative bodies of local government	400	Jordan	JOR	37.13024774	30.65365973	Northern Africa and Western Asia	2018	F	Female	31.85	PT	Percent	C	Country Data	G	Global	Administrative data based on most recent election results (2017).	Compiled by ESCWA Statistics Division and UN Women	2021	7200	SG_GEN_LOCGELS			SEX	F	Female	True
IV.2	I836a1d80	Proportion of seats held by women in national parliament and local governments	S37241f88	Proportion of elected seats held by women in deliberative bodies of local government	404	Kenya	KEN	37.86096816	0.534797278	Sub-Saharan Africa	2018	F	Female	33.54	PT	Percent	C	Country Data	G	Global	Administrative data based on most recent election results (2017).	Compiled by UNECA African Centre for Statistics and UN Women	2021	7200	SG_GEN_LOCGELS			SEX	F	Female	True
IV.2	I836a1d80	Proportion of seats held by women in national parliament and local governments	S37241f88	Proportion of elected seats held by women in deliberative bodies of local government	410	Republic of Korea	KOR	127.8610254	36.45201023	Eastern and South-Eastern Asia	2018	F	Female	18.59	PT	Percent	C	Country Data	G	Global	Administrative data based on most recent election results (2018). The 5 members of elected educational councils are excluded, as per the methodology of the indicator.	Compiled by UN Women in collaboration with ESCAP Statistics Division	2021	7200	SG_GEN_LOCGELS			SEX	F	Female	True
IV.2	I836a1d80	Proportion of seats held by women in national parliament and local governments	S37241f88	Proportion of elected seats held by women in deliberative bodies of local government	418	Lao People's Democratic Republic	LAO	101.9901968	20.27482773	Eastern and South-Eastern Asia	2018	F	Female	32.22	PT	Percent	C	Country Data	G	Global	Administrative data based on most recent election results (2016).	Compiled by UN Women in collaboration with ESCAP Statistics Division	2021	7200	SG_GEN_LOCGELS			SEX	F	Female	True
IV.2	I836a1d80	Proportion of seats held by women in national parliament and local governments	S37241f88	Proportion of elected seats held by women in deliberative bodies of local government	419	Latin America and the Caribbean				Latin America and the Caribbean	2019	F	Female	24.5	PT	Percent	C	Country Data	G	Global	Weighted average by number of councillors, based on data from 20 countries and areas.	UN Women	2021	7200	SG_GEN_LOCGELS			SEX	F	Female	True
IV.2	I836a1d80	Proportion of seats held by women in national parliament and local governments	S37241f88	Proportion of elected seats held by women in deliberative bodies of local government	422	Lebanon	LBN	35.89391711	33.92152458	Northern Africa and Western Asia	2018	F	Female	3.97	PT	Percent	C	Country Data	G	Global	Administrative data based on most recent local elections (2016) provided by the Ministry of Interior.	Compiled by ESCWA Statistics Division and UN Women	2021	7200	SG_GEN_LOCGELS			SEX	F	Female	True
IV.2	I836a1d80	Proportion of seats held by women in national parliament and local governments	S37241f88	Proportion of elected seats held by women in deliberative bodies of local government	426	Lesotho	LSO	28.25362195	-29.58041814	Sub-Saharan Africa	2019	F	Female	39.02	PT	Percent	C	Country Data	G	Global	Administrative data based on most recent election results (2017).	Compiled by UNECA African Centre for Statistics and UN Women	2021	7200	SG_GEN_LOCGELS			SEX	F	Female	True
IV.2	I836a1d80	Proportion of seats held by women in national parliament and local governments	S37241f88	Proportion of elected seats held by women in deliberative bodies of local government	428	Latvia	LVA	26.42461876	56.64196636	Europe and Northern America	2018	F	Female	34.01	PT	Percent	C	Country Data	G	Global	Administrative data based on most recent election results (2017).	Compiled by UNECE Statistical Division and UN Women	2021	7200	SG_GEN_LOCGELS			SEX	F	Female	True
IV.2	I836a1d80	Proportion of seats held by women in national parliament and local governments	S37241f88	Proportion of elected seats held by women in deliberative bodies of local government	432	Landlocked developing countries (LLDCs)					2019	F	Female	30.73	PT	Percent	C	Country Data	G	Global	Weighted average by number of councillors, based on data from 23 countries and areas.	UN Women	2021	7200	SG_GEN_LOCGELS			SEX	F	Female	True
IV.2	I836a1d80	Proportion of seats held by women in national parliament and local governments	S37241f88	Proportion of elected seats held by women in deliberative bodies of local government	438	Liechtenstein	LIE	9.552985019	47.14167005	Europe and Northern America	2018	F	Female	16.52	PT	Percent	C	Country Data	G	Global	Administrative data based on most recent election results (2015).	Compiled by UNECE Statistical Division and UN Women	2021	7200	SG_GEN_LOCGELS			SEX	F	Female	False
IV.2	I836a1d80	Proportion of seats held by women in national parliament and local governments	S37241f88	Proportion of elected seats held by women in deliberative bodies of local government	438	Liechtenstein	LIE	9.552985019	47.14167005	Europe and Northern America	2019	F	Female	39.13	PT	Percent	C	Country Data	G	Global	Administrative data based on most recent election results (2019)	Compiled by UNECE Statistical Division and UN Women	2021	7200	SG_GEN_LOCGELS			SEX	F	Female	True
IV.2	I836a1d80	Proportion of seats held by women in national parliament and local governments	S37241f88	Proportion of elected seats held by women in deliberative bodies of local government	440	Lithuania	LTU	23.90517807	55.33680309	Europe and Northern America	2018	F	Female	24.64	PT	Percent	C	Country Data	G	Global	Administrative data based on most recent election results (2015).	Compiled by UNECE Statistical Division and UN Women	2021	7200	SG_GEN_LOCGELS			SEX	F	Female	False
IV.2	I836a1d80	Proportion of seats held by women in national parliament and local governments	S37241f88	Proportion of elected seats held by women in deliberative bodies of local government	440	Lithuania	LTU	23.90517807	55.33680309	Europe and Northern America	2019	F	Female	29.36	PT	Percent	C	Country Data	G	Global	Administrative data based on most recent election results (2019).	Compiled by UNECE Statistical Division and UN Women	2021	7200	SG_GEN_LOCGELS			SEX	F	Female	True
IV.2	I836a1d80	Proportion of seats held by women in national parliament and local governments	S37241f88	Proportion of elected seats held by women in deliberative bodies of local government	442	Luxembourg	LUX	6.092656563	49.77679538	Europe and Northern America	2018	F	Female	25.11	PT	Percent	C	Country Data	G	Global	Administrative data based on most recent elections results (2017).	Compiled by UNECE Statistical Division and UN Women	2021	7200	SG_GEN_LOCGELS			SEX	F	Female	True
IV.2	I836a1d80	Proportion of seats held by women in national parliament and local governments	S37241f88	Proportion of elected seats held by women in deliberative bodies of local government	446	China, Macao Special Administrative Region	MAC	113.5665388	22.1237259	Eastern and South-Eastern Asia	2018	F	Female	23.08	PT	Percent	C	Country Data	G	Global	Administrative data based on most recent election results (2017).	Compiled by UN Women in collaboration with ESCAP Statistics Division	2021	7200	SG_GEN_LOCGELS			SEX	F	Female	True
IV.2	I836a1d80	Proportion of seats held by women in national parliament and local governments	S37241f88	Proportion of elected seats held by women in deliberative bodies of local government	454	Malawi	MWI	33.4884625	-13.40819859	Sub-Saharan Africa	2018	F	Female	12.33	PT	Percent	C	Country Data	G	Global	Administrative data based on most recent election results (2014).	Compiled by UNECA African Centre for Statistics and UN Women	2021	7200	SG_GEN_LOCGELS			SEX	F	Female	False
IV.2	I836a1d80	Proportion of seats held by women in national parliament and local governments	S37241f88	Proportion of elected seats held by women in deliberative bodies of local government	454	Malawi	MWI	33.4884625	-13.40819859	Sub-Saharan Africa	2019	F	Female	14.57	PT	Percent	C	Country Data	G	Global	Administrative data based on most recent election results (2019).	Compiled by UNECA African Centre for Statistics and UN Women	2021	7200	SG_GEN_LOCGELS			SEX	F	Female	True
IV.2	I836a1d80	Proportion of seats held by women in national parliament and local governments	S37241f88	Proportion of elected seats held by women in deliberative bodies of local government	462	Maldives	MDV	73.09672546	-0.614385021	Central and Southern Asia	2018	F	Female	6.13	PT	Percent	C	Country Data	G	Global	Administrative data based on most recent election results (2017).	Compiled by UN Women in collaboration with ESCAP Statistics Division	2021	7200	SG_GEN_LOCGELS			SEX	F	Female	True
IV.2	I836a1d80	Proportion of seats held by women in national parliament and local governments	S37241f88	Proportion of elected seats held by women in deliberative bodies of local government	466	Mali	MLI	-3.522016039	17.35311254	Sub-Saharan Africa	2018	F	Female	25.25	PT	Percent	C	Country Data	G	Global	Administrative data based on most recent election results at the levels of communes (2016), regions (2009), and the city of Bamako (2009). Data on regions and Bamako based on information obtained by NSO from local government associations.	Compiled by UNECA African Centre for Statistics and UN Women	2021	7200	SG_GEN_LOCGELS			SEX	F	Female	True
IV.2	I836a1d80	Proportion of seats held by women in national parliament and local governments	S37241f88	Proportion of elected seats held by women in deliberative bodies of local government	470	Malta	MLT	14.44617519	35.89194275	Europe and Northern America	2017	F	Female	21.93	PT	Percent	C	Country Data	G	Global	Administrative data.	Compiled by UNECE Statistical Division and UN Women	2021	7200	SG_GEN_LOCGELS			SEX	F	Female	False
IV.2	I836a1d80	Proportion of seats held by women in national parliament and local governments	S37241f88	Proportion of elected seats held by women in deliberative bodies of local government	470	Malta	MLT	14.44617519	35.89194275	Europe and Northern America	2018	F	Female	22.03	PT	Percent	C	Country Data	G	Global	Administrative data.	Compiled by UNECE Statistical Division and UN Women	2021	7200	SG_GEN_LOCGELS			SEX	F	Female	False
IV.2	I836a1d80	Proportion of seats held by women in national parliament and local governments	S37241f88	Proportion of elected seats held by women in deliberative bodies of local government	470	Malta	MLT	14.44617519	35.89194275	Europe and Northern America	2019	F	Female	26.29	PT	Percent	C	Country Data	G	Global	Administrative data.	Compiled by UNECE Statistical Division and UN Women	2021	7200	SG_GEN_LOCGELS			SEX	F	Female	True
IV.2	I836a1d80	Proportion of seats held by women in national parliament and local governments	S37241f88	Proportion of elected seats held by women in deliberative bodies of local government	478	Mauritania	MRT	-10.33187259	20.26089546	Sub-Saharan Africa	2018	F	Female	31.37	PT	Percent	C	Country Data	G	Global	Administrative data based on most recent election results (2018).	Compiled by ESCWA Statistics Division and UN Women	2021	7200	SG_GEN_LOCGELS			SEX	F	Female	True
IV.2	I836a1d80	Proportion of seats held by women in national parliament and local governments	S37241f88	Proportion of elected seats held by women in deliberative bodies of local government	480	Mauritius	MUS	57.568022	-20.28581998	Sub-Saharan Africa	2018	F	Female	26.17	PT	Percent	C	Country Data	G	Global	Administrative data based on most recent election results at the level of villages (2012), municipalities (2015), and Rodriguez Regional Assembly (2016).	Compiled by UNECE Statistical Division and UN Women	2021	7200	SG_GEN_LOCGELS			SEX	F	Female	True
IV.2	I836a1d80	Proportion of seats held by women in national parliament and local governments	S37241f88	Proportion of elected seats held by women in deliberative bodies of local government	484	Mexico	MEX	-102.5148166	23.93378032	Latin America and the Caribbean	2016	F	Female	37.44	PT	Percent	C	Country Data	G	Global	Data based on census of local governments (December 2016).	Compiled by ECLAC Division for Gender Affairs and UN Women	2021	7200	SG_GEN_LOCGELS			SEX	F	Female	False
IV.2	I836a1d80	Proportion of seats held by women in national parliament and local governments	S37241f88	Proportion of elected seats held by women in deliberative bodies of local government	484	Mexico	MEX	-102.5148166	23.93378032	Latin America and the Caribbean	2018	F	Female	45.01	PT	Percent	C	Country Data	G	Global	Data based on census of local governments (December 2018).	Compiled by ECLAC Division for Gender Affairs and UN Women	2021	7200	SG_GEN_LOCGELS			SEX	F	Female	True
IV.2	I836a1d80	Proportion of seats held by women in national parliament and local governments	S37241f88	Proportion of elected seats held by women in deliberative bodies of local government	496	Mongolia	MNG	103.0728057	46.83892054	Eastern and South-Eastern Asia	2018	F	Female	26.69	PT	Percent	C	Country Data	G	Global	Administrative data based on most recent election results (2016).	Compiled by UN Women in collaboration with ESCAP Statistics Division	2021	7200	SG_GEN_LOCGELS			SEX	F	Female	True
IV.2	I836a1d80	Proportion of seats held by women in national parliament and local governments	S37241f88	Proportion of elected seats held by women in deliberative bodies of local government	498	Republic of Moldova	MDA	28.4650624	47.20236795	Europe and Northern America	2018	F	Female	28.94	PT	Percent	C	Country Data	G	Global	Administrative data based on most recent election results (2015). Data exclude the territory of Transnistria and municipality of Bender.	Compiled by UNECE Statistical Division and UN Women	2021	7200	SG_GEN_LOCGELS			SEX	F	Female	False
IV.2	I836a1d80	Proportion of seats held by women in national parliament and local governments	S37241f88	Proportion of elected seats held by women in deliberative bodies of local government	498	Republic of Moldova	MDA	28.4650624	47.20236795	Europe and Northern America	2019	F	Female	35.6	PT	Percent	C	Country Data	G	Global	Administrative data based on most recent election results (2019). Data exclude the territory of Transnistria and municipality of Bender.	Compiled by UNECE Statistical Division and UN Women	2021	7200	SG_GEN_LOCGELS			SEX	F	Female	True
IV.2	I836a1d80	Proportion of seats held by women in national parliament and local governments	S37241f88	Proportion of elected seats held by women in deliberative bodies of local government	499	Montenegro	MNE	19.25214024	42.78717043	Europe and Northern America	2017	F	Female	27.77	PT	Percent	C	Country Data	G	Global	Data on municipal councillors provided by NSO based on information from local government association. Municipality Tuzi not covered.	Compiled by UNECE Statistical Division and UN Women	2021	7200	SG_GEN_LOCGELS			SEX	F	Female	True
IV.2	I836a1d80	Proportion of seats held by women in national parliament and local governments	S37241f88	Proportion of elected seats held by women in deliberative bodies of local government	504	Morocco	MAR	-6.281942841	31.8440131	Northern Africa and Western Asia	2018	F	Female	20.87	PT	Percent	C	Country Data	G	Global	Administrative data based on most recent election results (2015).	Compiled by ESCWA Statistics Division and UN Women	2021	7200	SG_GEN_LOCGELS			SEX	F	Female	True
IV.2	I836a1d80	Proportion of seats held by women in national parliament and local governments	S37241f88	Proportion of elected seats held by women in deliberative bodies of local government	512	Oman	OMN	57.87743482	21.98805614	Northern Africa and Western Asia	2018	F	Female	3.47	PT	Percent	C	Country Data	G	Global	Administrative data based on most recent election results (2016).	Compiled by ESCWA Statistics Division and UN Women	2021	7200	SG_GEN_LOCGELS			SEX	F	Female	True
IV.2	I836a1d80	Proportion of seats held by women in national parliament and local governments	S37241f88	Proportion of elected seats held by women in deliberative bodies of local government	513	Europe and Northern America				Europe and Northern America	2019	F	Female	35.06	PT	Percent	C	Country Data	G	Global	Weighted average by number of councillors, based on data from 37 countries and areas.	UN Women	2021	7200	SG_GEN_LOCGELS			SEX	F	Female	True
IV.2	I836a1d80	Proportion of seats held by women in national parliament and local governments	S37241f88	Proportion of elected seats held by women in deliberative bodies of local government	516	Namibia	NAM	17.21907885	-22.13817068	Sub-Saharan Africa	2018	F	Female	45.09	PT	Percent	C	Country Data	G	Global	Administrative data based on most recent election results (2015).	Compiled by UNECA African Centre for Statistics and UN Women	2021	7200	SG_GEN_LOCGELS			SEX	F	Female	True
IV.2	I836a1d80	Proportion of seats held by women in national parliament and local governments	S37241f88	Proportion of elected seats held by women in deliberative bodies of local government	524	Nepal	NPL	83.94678863	28.25866332	Central and Southern Asia	2018	F	Female	40.96	PT	Percent	C	Country Data	G	Global	Administrative data based on most recent election results (2017).	Compiled by UN Women in collaboration with ESCAP Statistics Division	2021	7200	SG_GEN_LOCGELS			SEX	F	Female	True
IV.2	I836a1d80	Proportion of seats held by women in national parliament and local governments	S37241f88	Proportion of elected seats held by women in deliberative bodies of local government	528	Netherlands	NLD	5.331480568	51.86728884	Europe and Northern America	2018	F	Female	28.53	PT	Percent	C	Country Data	G	Global	Administrative data.	Compiled by UNECE Statistical Division and UN Women	2021	7200	SG_GEN_LOCGELS			SEX	F	Female	False
IV.2	I836a1d80	Proportion of seats held by women in national parliament and local governments	S37241f88	Proportion of elected seats held by women in deliberative bodies of local government	528	Netherlands	NLD	5.331480568	51.86728884	Europe and Northern America	2019	F	Female	31.79	PT	Percent	C	Country Data	G	Global	Administrative data.	Compiled by UNECE Statistical Division and UN Women	2021	7200	SG_GEN_LOCGELS			SEX	F	Female	True
IV.2	I836a1d80	Proportion of seats held by women in national parliament and local governments	S37241f88	Proportion of elected seats held by women in deliberative bodies of local government	540	New Caledonia	NCL	165.5067368	-21.41742531	Oceania, exc. Australia and New Zealand	2018	F	Female	45.82	PT	Percent	C	Country Data	G	Global	Administrative data based on most recent election results (2014).	Compiled by UN Women in collaboration with ESCAP Statistics Division	2021	7200	SG_GEN_LOCGELS			SEX	F	Female	True
IV.2	I836a1d80	Proportion of seats held by women in national parliament and local governments	S37241f88	Proportion of elected seats held by women in deliberative bodies of local government	543	Oceania (exc. Australia and New Zealand)				Oceania, exc. Australia and New Zealand	2019	F	Female	22.79	PT	Percent	C	Country Data	G	Global	Weighted average by number of councillors, based on data from 7 countries and areas.	UN Women	2021	7200	SG_GEN_LOCGELS			SEX	F	Female	True
IV.2	I836a1d80	Proportion of seats held by women in national parliament and local governments	S37241f88	Proportion of elected seats held by women in deliberative bodies of local government	548	Vanuatu	VUT	167.0679779	-15.34445547	Oceania, exc. Australia and New Zealand	2018	F	Female	9.45	PT	Percent	C	Country Data	G	Global	Administrative data based on most recent election results at the level of regions (2017) and municipalites (2015 to 2018).	Compiled by UN Women	2021	7200	SG_GEN_LOCGELS			SEX	F	Female	True
IV.2	I836a1d80	Proportion of seats held by women in national parliament and local governments	S37241f88	Proportion of elected seats held by women in deliberative bodies of local government	554	New Zealand	NZL	170.4755673	-43.98721568	Australia and New Zealand	2018	F	Female	34.48	PT	Percent	C	Country Data	G	Global	Administrative data based on most recent election results (2016).	Compiled by UN Women in collaboration with ESCAP Statistics Division	2021	7200	SG_GEN_LOCGELS			SEX	F	Female	False
IV.2	I836a1d80	Proportion of seats held by women in national parliament and local governments	S37241f88	Proportion of elected seats held by women in deliberative bodies of local government	554	New Zealand	NZL	170.4755673	-43.98721568	Australia and New Zealand	2019	F	Female	39.41	PT	Percent	C	Country Data	G	Global	Administrative data based on most recent election results (2019).	Compiled by UN Women	2021	7200	SG_GEN_LOCGELS			SEX	F	Female	True
IV.2	I836a1d80	Proportion of seats held by women in national parliament and local governments	S37241f88	Proportion of elected seats held by women in deliberative bodies of local government	562	Niger	NER	9.400167877	17.42143036	Sub-Saharan Africa	2011	F	Female	15.8	PT	Percent	C	Country Data	G	Global	Administrative data based on election results (2011).	Compiled by UNECA African Centre for Statistics and UN Women	2021	7200	SG_GEN_LOCGELS			SEX	F	Female	True
IV.2	I836a1d80	Proportion of seats held by women in national parliament and local governments	S37241f88	Proportion of elected seats held by women in deliberative bodies of local government	566	Nigeria	NGA	8.097363256	9.585789025	Sub-Saharan Africa	2018	F	Female	9.78	PT	Percent	C	Country Data	G	Global	Administrative data based on most recent election results (2015). Partial data covering selected states.	Compiled by UNECA African Centre for Statistics and UN Women	2021	7200	SG_GEN_LOCGELS			SEX	F	Female	True
IV.2	I836a1d80	Proportion of seats held by women in national parliament and local governments	S37241f88	Proportion of elected seats held by women in deliberative bodies of local government	578	Norway	NOR	11.47846389	61.34311134	Europe and Northern America	2018	F	Female	39.36	PT	Percent	C	Country Data	G	Global	Administrative data based on most recent election results (2015).	Compiled by UNECE Statistical Division and UN Women	2021	7200	SG_GEN_LOCGELS			SEX	F	Female	False
IV.2	I836a1d80	Proportion of seats held by women in national parliament and local governments	S37241f88	Proportion of elected seats held by women in deliberative bodies of local government	578	Norway	NOR	11.47846389	61.34311134	Europe and Northern America	2019	F	Female	40.84	PT	Percent	C	Country Data	G	Global	Administrative data based on most recent election results (2019).	Compiled by UNECE Statistical Division and UN Women	2021	7200	SG_GEN_LOCGELS			SEX	F	Female	True
IV.2	I836a1d80	Proportion of seats held by women in national parliament and local governments	S37241f88	Proportion of elected seats held by women in deliberative bodies of local government	580	Northern Mariana Islands	MNP	145.7582114	15.19099517	Oceania, exc. Australia and New Zealand	2018	F	Female	40.0	PT	Percent	C	Country Data	G	Global	Administrative data based on most recent election results (2018).	Compiled by UN Women in collaboration with ESCAP Statistics Division	2021	7200	SG_GEN_LOCGELS			SEX	F	Female	True
IV.2	I836a1d80	Proportion of seats held by women in national parliament and local governments	S37241f88	Proportion of elected seats held by women in deliberative bodies of local government	583	Micronesia (Federated States of)	FSM	158.225216	6.880670092	Oceania, exc. Australia and New Zealand	2019	F	Female	1.48	PT	Percent	C	Country Data	G	Global	Administrative data based on most recent election results (2016-2019).	Compiled by UN Women	2021	7200	SG_GEN_LOCGELS			SEX	F	Female	True
IV.2	I836a1d80	Proportion of seats held by women in national parliament and local governments	S37241f88	Proportion of elected seats held by women in deliberative bodies of local government	584	Marshall Islands	MHL	171.0839119	7.110213497	Oceania, exc. Australia and New Zealand	2018	F	Female	17.04	PT	Percent	C	Country Data	G	Global	Administrative data based on most recent election results (2015).	Compiled by UN Women in collaboration with ESCAP Statistics Division	2021	7200	SG_GEN_LOCGELS			SEX	F	Female	False
IV.2	I836a1d80	Proportion of seats held by women in national parliament and local governments	S37241f88	Proportion of elected seats held by women in deliberative bodies of local government	584	Marshall Islands	MHL	171.0839119	7.110213497	Oceania, exc. Australia and New Zealand	2019	F	Female	15.92	PT	Percent	C	Country Data	G	Global	Administrative data based on most recent election results (2019).	Compiled by UN Women	2021	7200	SG_GEN_LOCGELS			SEX	F	Female	True
IV.2	I836a1d80	Proportion of seats held by women in national parliament and local governments	S37241f88	Proportion of elected seats held by women in deliberative bodies of local government	586	Pakistan	PAK	68.80479684	29.36491634	Central and Southern Asia	2018	F	Female	16.85	PT	Percent	C	Country Data	G	Global	Administrative data based on most recent election results (2013-2015, depending on the area of the country).	Compiled by UN Women in collaboration with ESCAP Statistics Division	2021	7200	SG_GEN_LOCGELS			SEX	F	Female	True
IV.2	I836a1d80	Proportion of seats held by women in national parliament and local governments	S37241f88	Proportion of elected seats held by women in deliberative bodies of local government	591	Panama	PAN	-81.26616623	8.450965746	Latin America and the Caribbean	2018	F	Female	10.38	PT	Percent	C	Country Data	G	Global	Administrative data based on most recent election results (2014).	Compiled by ECLAC Division for Gender Affairs and UN Women	2021	7200	SG_GEN_LOCGELS			SEX	F	Female	False
IV.2	I836a1d80	Proportion of seats held by women in national parliament and local governments	S37241f88	Proportion of elected seats held by women in deliberative bodies of local government	591	Panama	PAN	-81.26616623	8.450965746	Latin America and the Caribbean	2019	F	Female	9.01	PT	Percent	C	Country Data	G	Global	Administrative data based on most recent election results (2019).	Compiled by ECLAC Division for Gender Affairs and UN Women	2021	7200	SG_GEN_LOCGELS			SEX	F	Female	True
IV.2	I836a1d80	Proportion of seats held by women in national parliament and local governments	S37241f88	Proportion of elected seats held by women in deliberative bodies of local government	600	Paraguay	PRY	-60.54854225	-21.70216237	Latin America and the Caribbean	2018	F	Female	20.82	PT	Percent	C	Country Data	G	Global	Administrative data based on most recent election results at the level of municipalities (2015) and departments (2018).	Compiled by ECLAC Division for Gender Affairs and UN Women	2021	7200	SG_GEN_LOCGELS			SEX	F	Female	True
IV.2	I836a1d80	Proportion of seats held by women in national parliament and local governments	S37241f88	Proportion of elected seats held by women in deliberative bodies of local government	604	Peru	PER	-71.82093277	-13.58939705	Latin America and the Caribbean	2018	F	Female	26.17	PT	Percent	C	Country Data	G	Global	Administrative data based on most recent election results (2018).	Compiled by ECLAC Division for Gender Affairs and UN Women	2021	7200	SG_GEN_LOCGELS			SEX	F	Female	True
IV.2	I836a1d80	Proportion of seats held by women in national parliament and local governments	S37241f88	Proportion of elected seats held by women in deliberative bodies of local government	608	Philippines	PHL	120.8601418	14.16591706	Eastern and South-Eastern Asia	2018	F	Female	29.01	PT	Percent	C	Country Data	G	Global	Administrative data based on most recent election results at the level of Sangguniang Panlalawigan (2016), Sangguniang Bayan (2016), Sangguniang Panlungsod (2016), and Sangguniang Barangay (2018).	Compiled by UN Women in collaboration with ESCAP Statistics Division	2021	7200	SG_GEN_LOCGELS			SEX	F	Female	False
IV.2	I836a1d80	Proportion of seats held by women in national parliament and local governments	S37241f88	Proportion of elected seats held by women in deliberative bodies of local government	608	Philippines	PHL	120.8601418	14.16591706	Eastern and South-Eastern Asia	2019	F	Female	29.08	PT	Percent	C	Country Data	G	Global	Administrative data based on most recent election results at the level of Sangguniang Panlalawigan (2019), Sangguniang Bayan (2019), Sangguniang Panlungsod (2019), and Sangguniang Barangay (2018).	Compiled by UN Women	2021	7200	SG_GEN_LOCGELS			SEX	F	Female	True
IV.2	I836a1d80	Proportion of seats held by women in national parliament and local governments	S37241f88	Proportion of elected seats held by women in deliberative bodies of local government	616	Poland	POL	19.40660158	52.1226733	Europe and Northern America	2017	F	Female	26.93	PT	Percent	C	Country Data	G	Global	Data based on censuses/surveys.	Compiled by UNECE Statistical Division and UN Women	2021	7200	SG_GEN_LOCGELS			SEX	F	Female	True
IV.2	I836a1d80	Proportion of seats held by women in national parliament and local governments	S37241f88	Proportion of elected seats held by women in deliberative bodies of local government	626	Timor-Leste	TLS	125.9451052	-8.797497247	Eastern and South-Eastern Asia	2018	F	Female	3.95	PT	Percent	C	Country Data	G	Global	Administrative data based on 2016 election results provided by the Ministry of State Administration.	Compiled by UN Women in collaboration with ESCAP Statistics Division	2021	7200	SG_GEN_LOCGELS			SEX	F	Female	True
IV.2	I836a1d80	Proportion of seats held by women in national parliament and local governments	S37241f88	Proportion of elected seats held by women in deliberative bodies of local government	642	Romania	ROU	24.98481009	45.83893563	Europe and Northern America	2018	F	Female	12.51	PT	Percent	C	Country Data	G	Global	Administrative data based on most recent election results (2016).	Compiled by UNECE Statistical Division and UN Women	2021	7200	SG_GEN_LOCGELS			SEX	F	Female	True
IV.2	I836a1d80	Proportion of seats held by women in national parliament and local governments	S37241f88	Proportion of elected seats held by women in deliberative bodies of local government	646	Rwanda	RWA	29.92310194	-1.999842114	Sub-Saharan Africa	2019	F	Female	43.62	PT	Percent	C	Country Data	G	Global	Administrative data based on most recent election results (2016).	Compiled by UNECA African Centre for Statistics and UN Women	2021	7200	SG_GEN_LOCGELS			SEX	F	Female	True
IV.2	I836a1d80	Proportion of seats held by women in national parliament and local governments	S37241f88	Proportion of elected seats held by women in deliberative bodies of local government	682	Saudi Arabia	SAU	44.54763347	24.12594211	Northern Africa and Western Asia	2018	F	Female	1.14	PT	Percent	C	Country Data	G	Global	Administrative data. Data cover elected positions, which represent 67% of total positions in municipal councils.	Compiled by ESCWA Statistics Division and UN Women	2021	7200	SG_GEN_LOCGELS			SEX	F	Female	True
IV.2	I836a1d80	Proportion of seats held by women in national parliament and local governments	S37241f88	Proportion of elected seats held by women in deliberative bodies of local government	686	Senegal	SEN	-14.46636926	14.35920905	Sub-Saharan Africa	2018	F	Female	47.56	PT	Percent	C	Country Data	G	Global	Data based on most recent election results (2014) obtained by NSO from Local Government Associations.	Compiled by UNECA African Centre for Statistics and UN Women	2021	7200	SG_GEN_LOCGELS			SEX	F	Female	True
IV.2	I836a1d80	Proportion of seats held by women in national parliament and local governments	S37241f88	Proportion of elected seats held by women in deliberative bodies of local government	688	Serbia	SRB	20.805876	44.03145697	Europe and Northern America	2018	F	Female	31.21	PT	Percent	C	Country Data	G	Global	Administrative data based on most recent election results (up to 2016).	Compiled by UNECE Statistical Division and UN Women	2021	7200	SG_GEN_LOCGELS			SEX	F	Female	True
IV.2	I836a1d80	Proportion of seats held by women in national parliament and local governments	S37241f88	Proportion of elected seats held by women in deliberative bodies of local government	694	Sierra Leone	SLE	-11.78306584	8.568604164	Sub-Saharan Africa	2018	F	Female	18.2	PT	Percent	C	Country Data	G	Global	Administrative data based on most recent election results (2018).	Compiled by UNECA African Centre for Statistics and UN Women	2021	7200	SG_GEN_LOCGELS			SEX	F	Female	True
IV.2	I836a1d80	Proportion of seats held by women in national parliament and local governments	S37241f88	Proportion of elected seats held by women in deliberative bodies of local government	703	Slovakia	SVK	19.48495604	48.70741446	Europe and Northern America	2018	F	Female	25.91	PT	Percent	C	Country Data	G	Global	Administrative data based on most recent election results (2018).	Compiled by UNECE Statistical Division and UN Women	2021	7200	SG_GEN_LOCGELS			SEX	F	Female	True
IV.2	I836a1d80	Proportion of seats held by women in national parliament and local governments	S37241f88	Proportion of elected seats held by women in deliberative bodies of local government	704	Viet Nam	VNM	105.802499	10.09643079	Eastern and South-Eastern Asia	2018	F	Female	26.79	PT	Percent	C	Country Data	G	Global	Administrative data based on most recent election results (2016).	Compiled by UN Women in collaboration with ESCAP Statistics Division	2021	7200	SG_GEN_LOCGELS			SEX	F	Female	True
IV.2	I836a1d80	Proportion of seats held by women in national parliament and local governments	S37241f88	Proportion of elected seats held by women in deliberative bodies of local government	705	Slovenia	SVN	14.82209486	46.11958061	Europe and Northern America	2018	F	Female	33.65	PT	Percent	C	Country Data	G	Global	Administrative data collected by Ministry of Public Administration, reflecting 2018 local elections results.	Compiled by UNECE Statistical Division and UN Women	2021	7200	SG_GEN_LOCGELS			SEX	F	Female	True
IV.2	I836a1d80	Proportion of seats held by women in national parliament and local governments	S37241f88	Proportion of elected seats held by women in deliberative bodies of local government	710	South Africa	ZAF	24.67184355	-29.99957544	Sub-Saharan Africa	2018	F	Female	40.73	PT	Percent	C	Country Data	G	Global	Data based on most recent election results (2016).	Compiled by UNECA African Centre for Statistics and UN Women	2021	7200	SG_GEN_LOCGELS			SEX	F	Female	True
IV.2	I836a1d80	Proportion of seats held by women in national parliament and local governments	S37241f88	Proportion of elected seats held by women in deliberative bodies of local government	716	Zimbabwe	ZWE	29.86909584	-19.00075492	Sub-Saharan Africa	2018	F	Female	11.98	PT	Percent	C	Country Data	G	Global	Administrative data based on most recent election results (2018). Data cover only election results for contested seats (98% of all positions).	Compiled by UNECA African Centre for Statistics and UN Women	2021	7200	SG_GEN_LOCGELS			SEX	F	Female	True
IV.2	I836a1d80	Proportion of seats held by women in national parliament and local governments	S37241f88	Proportion of elected seats held by women in deliberative bodies of local government	722	Small island developing States (SIDS)					2019	F	Female	28.79	PT	Percent	C	Country Data	G	Global	Weighted average by number of councillors, based on data from 18 countries and areas.	UN Women	2021	7200	SG_GEN_LOCGELS			SEX	F	Female	True
IV.2	I836a1d80	Proportion of seats held by women in national parliament and local governments	S37241f88	Proportion of elected seats held by women in deliberative bodies of local government	724	Spain	ESP	-3.554078296	40.39211472	Europe and Northern America	2018	F	Female	33.78	PT	Percent	C	Country Data	G	Global	Administrative data based on most recent election results at the level of municipalities (2015) and provinces (2017).	Compiled by UNECE Statistical Division and UN Women	2021	7200	SG_GEN_LOCGELS			SEX	F	Female	False
IV.2	I836a1d80	Proportion of seats held by women in national parliament and local governments	S37241f88	Proportion of elected seats held by women in deliberative bodies of local government	724	Spain	ESP	-3.554078296	40.39211472	Europe and Northern America	2019	F	Female	38.49	PT	Percent	C	Country Data	G	Global	Administrative data based on most recent election results at the level of municipalities (2019) and provinces (2017). Data exclude 13 municipal councillors with no information by sex.	Compiled by UNECE Statistical Division and UN Women	2021	7200	SG_GEN_LOCGELS			SEX	F	Female	True
IV.2	I836a1d80	Proportion of seats held by women in national parliament and local governments	S37241f88	Proportion of elected seats held by women in deliberative bodies of local government	740	Suriname	SUR	-55.90626394	4.132603197	Latin America and the Caribbean	2017	F	Female	35.59	PT	Percent	C	Country Data	G	Global	Administrative data.	Compiled by ECLAC Division for Gender Affairs and UN Women	2021	7200	SG_GEN_LOCGELS			SEX	F	Female	True
IV.2	I836a1d80	Proportion of seats held by women in national parliament and local governments	S37241f88	Proportion of elected seats held by women in deliberative bodies of local government	747	Northern Africa and Western Asia				Northern Africa and Western Asia	2019	F	Female	17.73	PT	Percent	C	Country Data	G	Global	Weighted average by number of councillors, based on data from 16 countries and areas.	UN Women	2021	7200	SG_GEN_LOCGELS			SEX	F	Female	True
IV.2	I836a1d80	Proportion of seats held by women in national parliament and local governments	S37241f88	Proportion of elected seats held by women in deliberative bodies of local government	748	Eswatini	SWZ	31.50149288	-26.56471011	Sub-Saharan Africa	2019	F	Female	14.21	PT	Percent	C	Country Data	G	Global	Administrative data based on most recent local election results (2018).	Compiled by UNECA African Centre for Statistics and UN Women	2021	7200	SG_GEN_LOCGELS			SEX	F	Female	True
IV.2	I836a1d80	Proportion of seats held by women in national parliament and local governments	S37241f88	Proportion of elected seats held by women in deliberative bodies of local government	752	Sweden	SWE	14.3775338	60.60103109	Europe and Northern America	2018	F	Female	43.84	PT	Percent	C	Country Data	G	Global	Administrative data based on most recent election results (2018).	Compiled by UNECE Statistical Division and UN Women	2021	7200	SG_GEN_LOCGELS			SEX	F	Female	True
IV.2	I836a1d80	Proportion of seats held by women in national parliament and local governments	S37241f88	Proportion of elected seats held by women in deliberative bodies of local government	753	Eastern and South-Eastern Asia				Eastern and South-Eastern Asia	2019	F	Female	25.3	PT	Percent	C	Country Data	G	Global	Weighted average by number of councillors, based on data from 11 countries and areas.	UN Women	2021	7200	SG_GEN_LOCGELS			SEX	F	Female	True
IV.2	I836a1d80	Proportion of seats held by women in national parliament and local governments	S37241f88	Proportion of elected seats held by women in deliberative bodies of local government	756	Switzerland	CHE	8.223158	46.96617097	Europe and Northern America	2018	F	Female	31.3	PT	Percent	C	Country Data	G	Global	Data based on most recent municipal elections (2018) provided by NSO based on Union of Swiss cities information.	Compiled by UNECE Statistical Division and UN Women	2021	7200	SG_GEN_LOCGELS			SEX	F	Female	True
IV.2	I836a1d80	Proportion of seats held by women in national parliament and local governments	S37241f88	Proportion of elected seats held by women in deliberative bodies of local government	760	Syrian Arab Republic	SYR	38.50466565	35.01676176	Northern Africa and Western Asia	2018	F	Female	7.09	PT	Percent	C	Country Data	G	Global	Administrative data based on most recent election results at municipal level (2018).	Compiled by ESCWA Statistics Division and UN Women	2021	7200	SG_GEN_LOCGELS			SEX	F	Female	True
IV.2	I836a1d80	Proportion of seats held by women in national parliament and local governments	S37241f88	Proportion of elected seats held by women in deliberative bodies of local government	764	Thailand	THA	101.0202951	15.13089239	Eastern and South-Eastern Asia	2018	F	Female	17.35	PT	Percent	C	Country Data	G	Global	Administrative data. Information on all local government tiers refers to 2018, except for Bangkok (2010) and Pattaya (2019).	Compiled by UN Women in collaboration with ESCAP Statistics Division	2021	7200	SG_GEN_LOCGELS			SEX	F	Female	True
IV.2	I836a1d80	Proportion of seats held by women in national parliament and local governments	S37241f88	Proportion of elected seats held by women in deliberative bodies of local government	788	Tunisia	TUN	9.572737411	34.11439971	Northern Africa and Western Asia	2018	F	Female	48.49	PT	Percent	C	Country Data	G	Global	Administrative data based on most recent election results at municipal level (2018).	Compiled by ESCWA Statistics Division and UN Women	2021	7200	SG_GEN_LOCGELS			SEX	F	Female	True
IV.2	I836a1d80	Proportion of seats held by women in national parliament and local governments	S37241f88	Proportion of elected seats held by women in deliberative bodies of local government	792	Turkey	TUR	35.42890329	38.9899684	Northern Africa and Western Asia	2018	F	Female	9.95	PT	Percent	C	Country Data	G	Global	Administrative data based on most recent election results (2014) at the level of metropolitan municipalities, municipalities and provinces.	Compiled by UNECE Statistical Division and UN Women	2021	7200	SG_GEN_LOCGELS			SEX	F	Female	False
IV.2	I836a1d80	Proportion of seats held by women in national parliament and local governments	S37241f88	Proportion of elected seats held by women in deliberative bodies of local government	792	Turkey	TUR	35.42890329	38.9899684	Northern Africa and Western Asia	2019	F	Female	10.14	PT	Percent	C	Country Data	G	Global	Administrative data based on most recent election results (2019) at the level of metropolitan municipalities, municipalities and provinces.	Compiled by UNECE Statistical Division and UN Women	2021	7200	SG_GEN_LOCGELS			SEX	F	Female	True
IV.2	I836a1d80	Proportion of seats held by women in national parliament and local governments	S37241f88	Proportion of elected seats held by women in deliberative bodies of local government	795	Turkmenistan	TKM	58.9787665	40.0912346	Central and Southern Asia	2019	F	Female	21.93	PT	Percent	C	Country Data	G	Global	Administrative data based on most recent election results (2018) at the level of deliberative bodies of local self-government (Gengeshes).	Compiled by UNECE Statistical Division and UN Women	2021	7200	SG_GEN_LOCGELS			SEX	F	Female	True
IV.2	I836a1d80	Proportion of seats held by women in national parliament and local governments	S37241f88	Proportion of elected seats held by women in deliberative bodies of local government	798	Tuvalu	TUV	178.6679611	-7.460048071	Oceania, exc. Australia and New Zealand	2019	F	Female	10.42	PT	Percent	C	Country Data	G	Global	Administrative data.	Compiled by UN Women	2021	7200	SG_GEN_LOCGELS			SEX	F	Female	True
IV.2	I836a1d80	Proportion of seats held by women in national parliament and local governments	S37241f88	Proportion of elected seats held by women in deliberative bodies of local government	800	Uganda	UGA	32.39100438	1.279557331	Sub-Saharan Africa	2018	F	Female	45.69	PT	Percent	C	Country Data	G	Global	Administrative data based on most recent election results (2016).	Compiled by UNECA African Centre for Statistics and UN Women	2021	7200	SG_GEN_LOCGELS			SEX	F	Female	True
IV.2	I836a1d80	Proportion of seats held by women in national parliament and local governments	S37241f88	Proportion of elected seats held by women in deliberative bodies of local government	826	United Kingdom of Great Britain and Northern Ireland	GBR	-2.23830539	53.27691757	Europe and Northern America	2019	F	Female	34.25	PT	Percent	C	Country Data	G	Global	Based on public sector database maintained by Oscar Research Ltd, as at 6th of January, 2020.	Compiled by UNECE Statistical Division and UN Women	2021	7200	SG_GEN_LOCGELS			SEX	F	Female	True
IV.2	I836a1d80	Proportion of seats held by women in national parliament and local governments	S37241f88	Proportion of elected seats held by women in deliberative bodies of local government	834	United Republic of Tanzania	TZA	34.80521182	-6.265332606	Sub-Saharan Africa	2018	F	Female	30.06	PT	Percent	C	Country Data	G	Global	Administrative data based on most recent election results (2015).	Compiled by UNECA African Centre for Statistics and UN Women	2021	7200	SG_GEN_LOCGELS			SEX	F	Female	True
IV.2	I836a1d80	Proportion of seats held by women in national parliament and local governments	S37241f88	Proportion of elected seats held by women in deliberative bodies of local government	854	Burkina Faso	BFA	-1.742843829	12.27491081	Sub-Saharan Africa	2018	F	Female	12.68	PT	Percent	C	Country Data	G	Global	Administrative data based on most recent election results (2016) at municipal level.	Compiled by UNECA African Centre for Statistics and UN Women	2021	7200	SG_GEN_LOCGELS			SEX	F	Female	True
IV.2	I836a1d80	Proportion of seats held by women in national parliament and local governments	S37241f88	Proportion of elected seats held by women in deliberative bodies of local government	858	Uruguay	URY	-56.01387025	-32.8002838	Latin America and the Caribbean	2018	F	Female	26.13	PT	Percent	C	Country Data	G	Global	Administrative data based on most recent election results (2015).	Compiled by ECLAC Division for Gender Affairs and UN Women	2021	7200	SG_GEN_LOCGELS			SEX	F	Female	True
IV.2	I836a1d80	Proportion of seats held by women in national parliament and local governments	S37241f88	Proportion of elected seats held by women in deliberative bodies of local government	887	Yemen	YEM	45.22389143	15.22242099	Northern Africa and Western Asia	2006	F	Female	0.52	PT	Percent	C	Country Data	G	Global	Administrative data based on most recent election results (2006).	Compiled by ESCWA Statistics Division and UN Women	2021	7200	SG_GEN_LOCGELS			SEX	F	Female	True
IV.2	I836a1d80	Proportion of seats held by women in national parliament and local governments	S37241f88	Proportion of elected seats held by women in deliberative bodies of local government	894	Zambia	ZMB	27.850329	-14.59701056	Sub-Saharan Africa	2019	F	Female	7.14	PT	Percent	C	Country Data	G	Global	Administrative data based on most recent elections (2016) and sub-sequent by-elections provided by the Electoral Management Body of the country.	Compiled by UNECA African Centre for Statistics and UN Women	2021	7200	SG_GEN_LOCGELS			SEX	F	Female	True
