INDICATOR_LABEL	INDICATOR_ID	INDICATOR_DESC	MINSET_SERIES	MINSET_SERIES_DESC	REF_AREA	REF_AREA_DESC	ISO3	X	Y	SDG_REGION	TIME_PERIOD	TIME_DETAIL	SEX	SEX_DESC	AGE	AGE_DESC	OBS_VALUE	UNIT_MEASURE	UNIT_MEASURE_DESC	NATURE	NATURE_DESC	REPORTING_TYPE	REPORTING_TYPE_DESC	COMMENT_OBS	SOURCE_DETAIL	SOURCE_YEAR	sort_order	SDG_SeriesID	ILO_SeriesID	UNESCO_SeriesID	TSK_sub_dims	TSK_sub_id	TSK_sub_desc	isLatestValue
IV.6	Iece33744	Proportion of women aged 15-49 years who make their own informed decisions regarding sexual relations, contraceptive use and reproductive health care	Sf8af2bef	Proportion of women who make their own informed decisions regarding reproductive health care (% of women aged 15-49 years)	716	Zimbabwe	ZWE	29.86909584	-19.00075492	Sub-Saharan Africa	2006	2005-2006	F	Female	Y15T49	15 to 49 years old	83.5	PT	Percent	C	Country Data	G	Global	Based on women aged 15-49 years married or in union who are currently using any contraceptives.	DHS 2005-2006.	2021	7900	SH_FPL_INFMRH			SEX__AGE	F__Y15T49	Female, 15 to 49 years old	False
IV.6	Iece33744	Proportion of women aged 15-49 years who make their own informed decisions regarding sexual relations, contraceptive use and reproductive health care	Sf8af2bef	Proportion of women who make their own informed decisions regarding reproductive health care (% of women aged 15-49 years)	716	Zimbabwe	ZWE	29.86909584	-19.00075492	Sub-Saharan Africa	2011	2010-2011	F	Female	Y15T49	15 to 49 years old	84.5	PT	Percent	C	Country Data	G	Global	Based on women aged 15-49 years married or in union who are currently using any contraceptives.	DHS 2010-2011.	2021	7900	SH_FPL_INFMRH			SEX__AGE	F__Y15T49	Female, 15 to 49 years old	False
IV.6	Iece33744	Proportion of women aged 15-49 years who make their own informed decisions regarding sexual relations, contraceptive use and reproductive health care	Sf8af2bef	Proportion of women who make their own informed decisions regarding reproductive health care (% of women aged 15-49 years)	716	Zimbabwe	ZWE	29.86909584	-19.00075492	Sub-Saharan Africa	2015	2015	F	Female	Y15T49	15 to 49 years old	86.6	PT	Percent	C	Country Data	G	Global	Based on women aged 15-49 years married or in union who are currently using any contraceptives.	DHS 2015.	2021	7900	SH_FPL_INFMRH			SEX__AGE	F__Y15T49	Female, 15 to 49 years old	True
IV.6	Iece33744	Proportion of women aged 15-49 years who make their own informed decisions regarding sexual relations, contraceptive use and reproductive health care	Sf8af2bef	Proportion of women who make their own informed decisions regarding reproductive health care (% of women aged 15-49 years)	204	Benin	BEN	2.339933594	9.65401646	Sub-Saharan Africa	2006	2006	F	Female	Y15T49	15 to 49 years old	55.3	PT	Percent	C	Country Data	G	Global	Based on women aged 15-49 years married or in union who are currently using any contraceptives.	DHS 2006.	2021	7900	SH_FPL_INFMRH			SEX__AGE	F__Y15T49	Female, 15 to 49 years old	False
IV.6	Iece33744	Proportion of women aged 15-49 years who make their own informed decisions regarding sexual relations, contraceptive use and reproductive health care	Sf8af2bef	Proportion of women who make their own informed decisions regarding reproductive health care (% of women aged 15-49 years)	204	Benin	BEN	2.339933594	9.65401646	Sub-Saharan Africa	2012	2011-2012	F	Female	Y15T49	15 to 49 years old	66.9	PT	Percent	C	Country Data	G	Global	Based on women aged 15-49 years married or in union who are currently using any contraceptives.	DHS 2011-2012.	2021	7900	SH_FPL_INFMRH			SEX__AGE	F__Y15T49	Female, 15 to 49 years old	False
IV.6	Iece33744	Proportion of women aged 15-49 years who make their own informed decisions regarding sexual relations, contraceptive use and reproductive health care	Sf8af2bef	Proportion of women who make their own informed decisions regarding reproductive health care (% of women aged 15-49 years)	204	Benin	BEN	2.339933594	9.65401646	Sub-Saharan Africa	2018	2017-2018	F	Female	Y15T49	15 to 49 years old	55.4	PT	Percent	C	Country Data	G	Global	Based on women aged 15-49 years married or in union who are currently using any contraceptives.	DHS 2017-2018.	2021	7900	SH_FPL_INFMRH			SEX__AGE	F__Y15T49	Female, 15 to 49 years old	True
IV.6	Iece33744	Proportion of women aged 15-49 years who make their own informed decisions regarding sexual relations, contraceptive use and reproductive health care	Sf8af2bef	Proportion of women who make their own informed decisions regarding reproductive health care (% of women aged 15-49 years)	332	Haiti	HTI	-72.33640958	18.40426539	Latin America and the Caribbean	2006	2006	F	Female	Y15T49	15 to 49 years old	64.2	PT	Percent	C	Country Data	G	Global	Based on women aged 15-49 years married or in union who are currently using any contraceptives.	DHS 2006.	2021	7900	SH_FPL_INFMRH			SEX__AGE	F__Y15T49	Female, 15 to 49 years old	False
IV.6	Iece33744	Proportion of women aged 15-49 years who make their own informed decisions regarding sexual relations, contraceptive use and reproductive health care	Sf8af2bef	Proportion of women who make their own informed decisions regarding reproductive health care (% of women aged 15-49 years)	332	Haiti	HTI	-72.33640958	18.40426539	Latin America and the Caribbean	2012	2012	F	Female	Y15T49	15 to 49 years old	70.7	PT	Percent	C	Country Data	G	Global	Based on women aged 15-49 years married or in union who are currently using any contraceptives.	DHS 2012.	2021	7900	SH_FPL_INFMRH			SEX__AGE	F__Y15T49	Female, 15 to 49 years old	False
IV.6	Iece33744	Proportion of women aged 15-49 years who make their own informed decisions regarding sexual relations, contraceptive use and reproductive health care	Sf8af2bef	Proportion of women who make their own informed decisions regarding reproductive health care (% of women aged 15-49 years)	332	Haiti	HTI	-72.33640958	18.40426539	Latin America and the Caribbean	2017	2016-2017	F	Female	Y15T49	15 to 49 years old	78.1	PT	Percent	C	Country Data	G	Global	Based on women aged 15-49 years married or in union who are currently using any contraceptives.	DHS 2016-2017.	2021	7900	SH_FPL_INFMRH			SEX__AGE	F__Y15T49	Female, 15 to 49 years old	True
IV.6	Iece33744	Proportion of women aged 15-49 years who make their own informed decisions regarding sexual relations, contraceptive use and reproductive health care	Sf8af2bef	Proportion of women who make their own informed decisions regarding reproductive health care (% of women aged 15-49 years)	466	Mali	MLI	-3.522016039	17.35311254	Sub-Saharan Africa	2006	2006	F	Female	Y15T49	15 to 49 years old	22.3	PT	Percent	C	Country Data	G	Global	Based on women aged 15-49 years married or in union who are currently using any contraceptives.	DHS 2006.	2021	7900	SH_FPL_INFMRH			SEX__AGE	F__Y15T49	Female, 15 to 49 years old	False
IV.6	Iece33744	Proportion of women aged 15-49 years who make their own informed decisions regarding sexual relations, contraceptive use and reproductive health care	Sf8af2bef	Proportion of women who make their own informed decisions regarding reproductive health care (% of women aged 15-49 years)	466	Mali	MLI	-3.522016039	17.35311254	Sub-Saharan Africa	2013	2012-2013	F	Female	Y15T49	15 to 49 years old	18.0	PT	Percent	C	Country Data	G	Global	Based on women aged 15-49 years married or in union who are currently using any contraceptives.	DHS 2012-2013.	2021	7900	SH_FPL_INFMRH			SEX__AGE	F__Y15T49	Female, 15 to 49 years old	False
IV.6	Iece33744	Proportion of women aged 15-49 years who make their own informed decisions regarding sexual relations, contraceptive use and reproductive health care	Sf8af2bef	Proportion of women who make their own informed decisions regarding reproductive health care (% of women aged 15-49 years)	466	Mali	MLI	-3.522016039	17.35311254	Sub-Saharan Africa	2018	2018	F	Female	Y15T49	15 to 49 years old	22.0	PT	Percent	C	Country Data	G	Global	Based on women aged 15-49 years married or in union who are currently using any contraceptives.	DHS 2018.	2021	7900	SH_FPL_INFMRH			SEX__AGE	F__Y15T49	Female, 15 to 49 years old	True
IV.6	Iece33744	Proportion of women aged 15-49 years who make their own informed decisions regarding sexual relations, contraceptive use and reproductive health care	Sf8af2bef	Proportion of women who make their own informed decisions regarding reproductive health care (% of women aged 15-49 years)	562	Niger	NER	9.400167877	17.42143036	Sub-Saharan Africa	2006	2006	F	Female	Y15T49	15 to 49 years old	29.7	PT	Percent	C	Country Data	G	Global	Based on women aged 15-49 years married or in union who are currently using any contraceptives.	DHS 2006.	2021	7900	SH_FPL_INFMRH			SEX__AGE	F__Y15T49	Female, 15 to 49 years old	False
IV.6	Iece33744	Proportion of women aged 15-49 years who make their own informed decisions regarding sexual relations, contraceptive use and reproductive health care	Sf8af2bef	Proportion of women who make their own informed decisions regarding reproductive health care (% of women aged 15-49 years)	562	Niger	NER	9.400167877	17.42143036	Sub-Saharan Africa	2012	2012	F	Female	Y15T49	15 to 49 years old	20.6	PT	Percent	C	Country Data	G	Global	Based on women aged 15-49 years married or in union who are currently using any contraceptives.	DHS 2012.	2021	7900	SH_FPL_INFMRH			SEX__AGE	F__Y15T49	Female, 15 to 49 years old	True
IV.6	Iece33744	Proportion of women aged 15-49 years who make their own informed decisions regarding sexual relations, contraceptive use and reproductive health care	Sf8af2bef	Proportion of women who make their own informed decisions regarding reproductive health care (% of women aged 15-49 years)	800	Uganda	UGA	32.39100438	1.279557331	Sub-Saharan Africa	2006	2006	F	Female	Y15T49	15 to 49 years old	62.8	PT	Percent	C	Country Data	G	Global	Based on women aged 15-49 years married or in union who are currently using any contraceptives.	DHS 2006.	2021	7900	SH_FPL_INFMRH			SEX__AGE	F__Y15T49	Female, 15 to 49 years old	False
IV.6	Iece33744	Proportion of women aged 15-49 years who make their own informed decisions regarding sexual relations, contraceptive use and reproductive health care	Sf8af2bef	Proportion of women who make their own informed decisions regarding reproductive health care (% of women aged 15-49 years)	800	Uganda	UGA	32.39100438	1.279557331	Sub-Saharan Africa	2011	2011	F	Female	Y15T49	15 to 49 years old	61.7	PT	Percent	C	Country Data	G	Global	Based on women aged 15-49 years married or in union who are currently using any contraceptives.	DHS 2011.	2021	7900	SH_FPL_INFMRH			SEX__AGE	F__Y15T49	Female, 15 to 49 years old	False
IV.6	Iece33744	Proportion of women aged 15-49 years who make their own informed decisions regarding sexual relations, contraceptive use and reproductive health care	Sf8af2bef	Proportion of women who make their own informed decisions regarding reproductive health care (% of women aged 15-49 years)	800	Uganda	UGA	32.39100438	1.279557331	Sub-Saharan Africa	2016	2016	F	Female	Y15T49	15 to 49 years old	75.4	PT	Percent	C	Country Data	G	Global	Based on women aged 15-49 years married or in union who are currently using any contraceptives.	DHS 2016.	2021	7900	SH_FPL_INFMRH			SEX__AGE	F__Y15T49	Female, 15 to 49 years old	True
IV.6	Iece33744	Proportion of women aged 15-49 years who make their own informed decisions regarding sexual relations, contraceptive use and reproductive health care	Sf8af2bef	Proportion of women who make their own informed decisions regarding reproductive health care (% of women aged 15-49 years)	516	Namibia	NAM	17.21907885	-22.13817068	Sub-Saharan Africa	2007	2006-2007	F	Female	Y15T49	15 to 49 years old	87.8	PT	Percent	C	Country Data	G	Global	Based on women aged 15-49 years married or in union who are currently using any contraceptives.	DHS 2006-2007.	2021	7900	SH_FPL_INFMRH			SEX__AGE	F__Y15T49	Female, 15 to 49 years old	False
IV.6	Iece33744	Proportion of women aged 15-49 years who make their own informed decisions regarding sexual relations, contraceptive use and reproductive health care	Sf8af2bef	Proportion of women who make their own informed decisions regarding reproductive health care (% of women aged 15-49 years)	516	Namibia	NAM	17.21907885	-22.13817068	Sub-Saharan Africa	2013	2013	F	Female	Y15T49	15 to 49 years old	90.6	PT	Percent	C	Country Data	G	Global	Based on women aged 15-49 years married or in union who are currently using any contraceptives.	DHS 2013.	2021	7900	SH_FPL_INFMRH			SEX__AGE	F__Y15T49	Female, 15 to 49 years old	True
IV.6	Iece33744	Proportion of women aged 15-49 years who make their own informed decisions regarding sexual relations, contraceptive use and reproductive health care	Sf8af2bef	Proportion of women who make their own informed decisions regarding reproductive health care (% of women aged 15-49 years)	748	Eswatini	SWZ	31.50149288	-26.56471011	Sub-Saharan Africa	2007	2006-2007	F	Female	Y15T49	15 to 49 years old	71.7	PT	Percent	C	Country Data	G	Global	Based on women aged 15-49 years married or in union who are currently using any contraceptives.	DHS 2006-2007.	2021	7900	SH_FPL_INFMRH			SEX__AGE	F__Y15T49	Female, 15 to 49 years old	True
IV.6	Iece33744	Proportion of women aged 15-49 years who make their own informed decisions regarding sexual relations, contraceptive use and reproductive health care	Sf8af2bef	Proportion of women who make their own informed decisions regarding reproductive health care (% of women aged 15-49 years)	180	Democratic Republic of the Congo	COD	23.65496507	-2.877154732	Sub-Saharan Africa	2007	2007	F	Female	Y15T49	15 to 49 years old	44.4	PT	Percent	C	Country Data	G	Global	Based on women aged 15-49 years married or in union who are currently using any contraceptives.	DHS 2007.	2021	7900	SH_FPL_INFMRH			SEX__AGE	F__Y15T49	Female, 15 to 49 years old	False
IV.6	Iece33744	Proportion of women aged 15-49 years who make their own informed decisions regarding sexual relations, contraceptive use and reproductive health care	Sf8af2bef	Proportion of women who make their own informed decisions regarding reproductive health care (% of women aged 15-49 years)	180	Democratic Republic of the Congo	COD	23.65496507	-2.877154732	Sub-Saharan Africa	2014	2013-2014	F	Female	Y15T49	15 to 49 years old	47.0	PT	Percent	C	Country Data	G	Global	Based on women aged 15-49 years married or in union who are currently using any contraceptives.	DHS 2013-2014.	2021	7900	SH_FPL_INFMRH			SEX__AGE	F__Y15T49	Female, 15 to 49 years old	True
IV.6	Iece33744	Proportion of women aged 15-49 years who make their own informed decisions regarding sexual relations, contraceptive use and reproductive health care	Sf8af2bef	Proportion of women who make their own informed decisions regarding reproductive health care (% of women aged 15-49 years)	214	Dominican Republic	DOM	-70.49847576	18.89832088	Latin America and the Caribbean	2007	2007	F	Female	Y15T49	15 to 49 years old	88.2	PT	Percent	C	Country Data	G	Global	Based on women aged 15-49 years married or in union who are currently using any contraceptives.	DHS 2007.	2021	7900	SH_FPL_INFMRH			SEX__AGE	F__Y15T49	Female, 15 to 49 years old	True
IV.6	Iece33744	Proportion of women aged 15-49 years who make their own informed decisions regarding sexual relations, contraceptive use and reproductive health care	Sf8af2bef	Proportion of women who make their own informed decisions regarding reproductive health care (% of women aged 15-49 years)	804	Ukraine	UKR	31.40270802	49.00735945	Europe and Northern America	2007	2007	F	Female	Y15T49	15 to 49 years old	97.5	PT	Percent	C	Country Data	G	Global	Based on women aged 15-49 years married or in union who are currently using any contraceptives.	DHS 2007.	2021	7900	SH_FPL_INFMRH			SEX__AGE	F__Y15T49	Female, 15 to 49 years old	True
IV.6	Iece33744	Proportion of women aged 15-49 years who make their own informed decisions regarding sexual relations, contraceptive use and reproductive health care	Sf8af2bef	Proportion of women who make their own informed decisions regarding reproductive health care (% of women aged 15-49 years)	894	Zambia	ZMB	27.850329	-14.59701056	Sub-Saharan Africa	2007	2007	F	Female	Y15T49	15 to 49 years old	66.5	PT	Percent	C	Country Data	G	Global	Based on women aged 15-49 years married or in union who are currently using any contraceptives.	DHS 2007.	2021	7900	SH_FPL_INFMRH			SEX__AGE	F__Y15T49	Female, 15 to 49 years old	False
IV.6	Iece33744	Proportion of women aged 15-49 years who make their own informed decisions regarding sexual relations, contraceptive use and reproductive health care	Sf8af2bef	Proportion of women who make their own informed decisions regarding reproductive health care (% of women aged 15-49 years)	894	Zambia	ZMB	27.850329	-14.59701056	Sub-Saharan Africa	2014	2013-2014	F	Female	Y15T49	15 to 49 years old	75.8	PT	Percent	C	Country Data	G	Global	Based on women aged 15-49 years married or in union who are currently using any contraceptives.	DHS 2013-2014.	2021	7900	SH_FPL_INFMRH			SEX__AGE	F__Y15T49	Female, 15 to 49 years old	False
IV.6	Iece33744	Proportion of women aged 15-49 years who make their own informed decisions regarding sexual relations, contraceptive use and reproductive health care	Sf8af2bef	Proportion of women who make their own informed decisions regarding reproductive health care (% of women aged 15-49 years)	894	Zambia	ZMB	27.850329	-14.59701056	Sub-Saharan Africa	2018	2018	F	Female	Y15T49	15 to 49 years old	81.6	PT	Percent	C	Country Data	G	Global	Based on women aged 15-49 years married or in union who are currently using any contraceptives.	DHS 2018.	2021	7900	SH_FPL_INFMRH			SEX__AGE	F__Y15T49	Female, 15 to 49 years old	True
IV.6	Iece33744	Proportion of women aged 15-49 years who make their own informed decisions regarding sexual relations, contraceptive use and reproductive health care	Sf8af2bef	Proportion of women who make their own informed decisions regarding reproductive health care (% of women aged 15-49 years)	288	Ghana	GHA	-1.205623522	7.964825185	Sub-Saharan Africa	2008	2008	F	Female	Y15T49	15 to 49 years old	69.9	PT	Percent	C	Country Data	G	Global	Based on women aged 15-49 years married or in union who are currently using any contraceptives.	DHS 2008.	2021	7900	SH_FPL_INFMRH			SEX__AGE	F__Y15T49	Female, 15 to 49 years old	False
IV.6	Iece33744	Proportion of women aged 15-49 years who make their own informed decisions regarding sexual relations, contraceptive use and reproductive health care	Sf8af2bef	Proportion of women who make their own informed decisions regarding reproductive health care (% of women aged 15-49 years)	288	Ghana	GHA	-1.205623522	7.964825185	Sub-Saharan Africa	2014	2014	F	Female	Y15T49	15 to 49 years old	82.1	PT	Percent	C	Country Data	G	Global	Based on women aged 15-49 years married or in union who are currently using any contraceptives.	DHS 2014.	2021	7900	SH_FPL_INFMRH			SEX__AGE	F__Y15T49	Female, 15 to 49 years old	True
IV.6	Iece33744	Proportion of women aged 15-49 years who make their own informed decisions regarding sexual relations, contraceptive use and reproductive health care	Sf8af2bef	Proportion of women who make their own informed decisions regarding reproductive health care (% of women aged 15-49 years)	566	Nigeria	NGA	8.097363256	9.585789025	Sub-Saharan Africa	2008	2008	F	Female	Y15T49	15 to 49 years old	66.9	PT	Percent	C	Country Data	G	Global	Based on women aged 15-49 years married or in union who are currently using any contraceptives.	DHS 2008.	2021	7900	SH_FPL_INFMRH			SEX__AGE	F__Y15T49	Female, 15 to 49 years old	False
IV.6	Iece33744	Proportion of women aged 15-49 years who make their own informed decisions regarding sexual relations, contraceptive use and reproductive health care	Sf8af2bef	Proportion of women who make their own informed decisions regarding reproductive health care (% of women aged 15-49 years)	566	Nigeria	NGA	8.097363256	9.585789025	Sub-Saharan Africa	2013	2013	F	Female	Y15T49	15 to 49 years old	69.0	PT	Percent	C	Country Data	G	Global	Based on women aged 15-49 years married or in union who are currently using any contraceptives.	DHS 2013.	2021	7900	SH_FPL_INFMRH			SEX__AGE	F__Y15T49	Female, 15 to 49 years old	False
IV.6	Iece33744	Proportion of women aged 15-49 years who make their own informed decisions regarding sexual relations, contraceptive use and reproductive health care	Sf8af2bef	Proportion of women who make their own informed decisions regarding reproductive health care (% of women aged 15-49 years)	566	Nigeria	NGA	8.097363256	9.585789025	Sub-Saharan Africa	2018	2018	F	Female	Y15T49	15 to 49 years old	68.2	PT	Percent	C	Country Data	G	Global	Based on women aged 15-49 years married or in union who are currently using any contraceptives.	DHS 2018.	2021	7900	SH_FPL_INFMRH			SEX__AGE	F__Y15T49	Female, 15 to 49 years old	True
IV.6	Iece33744	Proportion of women aged 15-49 years who make their own informed decisions regarding sexual relations, contraceptive use and reproductive health care	Sf8af2bef	Proportion of women who make their own informed decisions regarding reproductive health care (% of women aged 15-49 years)	678	Sao Tome and Principe	STP	6.609772265	0.241554875	Sub-Saharan Africa	2008	2008	F	Female	Y15T49	15 to 49 years old	69.4	PT	Percent	C	Country Data	G	Global	Based on women aged 15-49 years married or in union who are currently using any contraceptives.	DHS 2008.	2021	7900	SH_FPL_INFMRH			SEX__AGE	F__Y15T49	Female, 15 to 49 years old	True
IV.6	Iece33744	Proportion of women aged 15-49 years who make their own informed decisions regarding sexual relations, contraceptive use and reproductive health care	Sf8af2bef	Proportion of women who make their own informed decisions regarding reproductive health care (% of women aged 15-49 years)	8	Albania	ALB	20.06660928	41.13897007	Europe and Northern America	2009	2008-2009	F	Female	Y15T49	15 to 49 years old	86.6	PT	Percent	C	Country Data	G	Global	Based on women aged 15-49 years married or in union who are currently using any contraceptives.	DHS 2008-2009.	2021	7900	SH_FPL_INFMRH			SEX__AGE	F__Y15T49	Female, 15 to 49 years old	False
IV.6	Iece33744	Proportion of women aged 15-49 years who make their own informed decisions regarding sexual relations, contraceptive use and reproductive health care	Sf8af2bef	Proportion of women who make their own informed decisions regarding reproductive health care (% of women aged 15-49 years)	8	Albania	ALB	20.06660928	41.13897007	Europe and Northern America	2018	2017-2018	F	Female	Y15T49	15 to 49 years old	93.3	PT	Percent	C	Country Data	G	Global	Based on women aged 15-49 years married or in union who are currently using any contraceptives.	DHS 2017-2018.	2021	7900	SH_FPL_INFMRH			SEX__AGE	F__Y15T49	Female, 15 to 49 years old	True
IV.6	Iece33744	Proportion of women aged 15-49 years who make their own informed decisions regarding sexual relations, contraceptive use and reproductive health care	Sf8af2bef	Proportion of women who make their own informed decisions regarding reproductive health care (% of women aged 15-49 years)	450	Madagascar	MDG	46.6982339	-19.38514785	Sub-Saharan Africa	2009	2008-2009	F	Female	Y15T49	15 to 49 years old	90.2	PT	Percent	C	Country Data	G	Global	Based on women aged 15-49 years married or in union who are currently using any contraceptives.	DHS 2008-2009.	2021	7900	SH_FPL_INFMRH			SEX__AGE	F__Y15T49	Female, 15 to 49 years old	True
IV.6	Iece33744	Proportion of women aged 15-49 years who make their own informed decisions regarding sexual relations, contraceptive use and reproductive health care	Sf8af2bef	Proportion of women who make their own informed decisions regarding reproductive health care (% of women aged 15-49 years)	328	Guyana	GUY	-58.97322037	4.788012784	Latin America and the Caribbean	2009	2009	F	Female	Y15T49	15 to 49 years old	91.8	PT	Percent	C	Country Data	G	Global	Based on women aged 15-49 years married or in union who are currently using any contraceptives.	DHS 2009.	2021	7900	SH_FPL_INFMRH			SEX__AGE	F__Y15T49	Female, 15 to 49 years old	True
IV.6	Iece33744	Proportion of women aged 15-49 years who make their own informed decisions regarding sexual relations, contraceptive use and reproductive health care	Sf8af2bef	Proportion of women who make their own informed decisions regarding reproductive health care (% of women aged 15-49 years)	426	Lesotho	LSO	28.25362195	-29.58041814	Sub-Saharan Africa	2009	2009	F	Female	Y15T49	15 to 49 years old	86.6	PT	Percent	C	Country Data	G	Global	Based on women aged 15-49 years married or in union who are currently using any contraceptives.	DHS 2009.	2021	7900	SH_FPL_INFMRH			SEX__AGE	F__Y15T49	Female, 15 to 49 years old	False
IV.6	Iece33744	Proportion of women aged 15-49 years who make their own informed decisions regarding sexual relations, contraceptive use and reproductive health care	Sf8af2bef	Proportion of women who make their own informed decisions regarding reproductive health care (% of women aged 15-49 years)	426	Lesotho	LSO	28.25362195	-29.58041814	Sub-Saharan Africa	2014	2014	F	Female	Y15T49	15 to 49 years old	90.5	PT	Percent	C	Country Data	G	Global	Based on women aged 15-49 years married or in union who are currently using any contraceptives.	DHS 2014.	2021	7900	SH_FPL_INFMRH			SEX__AGE	F__Y15T49	Female, 15 to 49 years old	True
IV.6	Iece33744	Proportion of women aged 15-49 years who make their own informed decisions regarding sexual relations, contraceptive use and reproductive health care	Sf8af2bef	Proportion of women who make their own informed decisions regarding reproductive health care (% of women aged 15-49 years)	51	Armenia	ARM	44.93839317	40.29499741	Northern Africa and Western Asia	2010	2010	F	Female	Y15T49	15 to 49 years old	95.1	PT	Percent	C	Country Data	G	Global	Based on women aged 15-49 years married or in union who are currently using any contraceptives.	DHS 2010.	2021	7900	SH_FPL_INFMRH			SEX__AGE	F__Y15T49	Female, 15 to 49 years old	False
IV.6	Iece33744	Proportion of women aged 15-49 years who make their own informed decisions regarding sexual relations, contraceptive use and reproductive health care	Sf8af2bef	Proportion of women who make their own informed decisions regarding reproductive health care (% of women aged 15-49 years)	51	Armenia	ARM	44.93839317	40.29499741	Northern Africa and Western Asia	2016	2015-2016	F	Female	Y15T49	15 to 49 years old	96.6	PT	Percent	C	Country Data	G	Global	Based on women aged 15-49 years married or in union who are currently using any contraceptives.	DHS 2015-2016.	2021	7900	SH_FPL_INFMRH			SEX__AGE	F__Y15T49	Female, 15 to 49 years old	True
IV.6	Iece33744	Proportion of women aged 15-49 years who make their own informed decisions regarding sexual relations, contraceptive use and reproductive health care	Sf8af2bef	Proportion of women who make their own informed decisions regarding reproductive health care (% of women aged 15-49 years)	108	Burundi	BDI	29.89080992	-3.366387428	Sub-Saharan Africa	2010	2010	F	Female	Y15T49	15 to 49 years old	80.3	PT	Percent	C	Country Data	G	Global	Based on women aged 15-49 years married or in union who are currently using any contraceptives.	DHS 2010.	2021	7900	SH_FPL_INFMRH			SEX__AGE	F__Y15T49	Female, 15 to 49 years old	False
IV.6	Iece33744	Proportion of women aged 15-49 years who make their own informed decisions regarding sexual relations, contraceptive use and reproductive health care	Sf8af2bef	Proportion of women who make their own informed decisions regarding reproductive health care (% of women aged 15-49 years)	108	Burundi	BDI	29.89080992	-3.366387428	Sub-Saharan Africa	2017	2016-2017	F	Female	Y15T49	15 to 49 years old	72.0	PT	Percent	C	Country Data	G	Global	Based on women aged 15-49 years married or in union who are currently using any contraceptives.	DHS 2016-2017.	2021	7900	SH_FPL_INFMRH			SEX__AGE	F__Y15T49	Female, 15 to 49 years old	True
IV.6	Iece33744	Proportion of women aged 15-49 years who make their own informed decisions regarding sexual relations, contraceptive use and reproductive health care	Sf8af2bef	Proportion of women who make their own informed decisions regarding reproductive health care (% of women aged 15-49 years)	116	Cambodia	KHM	104.922836	12.71163737	Eastern and South-Eastern Asia	2010	2010	F	Female	Y15T49	15 to 49 years old	90.6	PT	Percent	C	Country Data	G	Global	Based on women aged 15-49 years married or in union who are currently using any contraceptives.	DHS 2010.	2021	7900	SH_FPL_INFMRH			SEX__AGE	F__Y15T49	Female, 15 to 49 years old	False
IV.6	Iece33744	Proportion of women aged 15-49 years who make their own informed decisions regarding sexual relations, contraceptive use and reproductive health care	Sf8af2bef	Proportion of women who make their own informed decisions regarding reproductive health care (% of women aged 15-49 years)	116	Cambodia	KHM	104.922836	12.71163737	Eastern and South-Eastern Asia	2014	2014	F	Female	Y15T49	15 to 49 years old	91.3	PT	Percent	C	Country Data	G	Global	Based on women aged 15-49 years married or in union who are currently using any contraceptives.	DHS 2014.	2021	7900	SH_FPL_INFMRH			SEX__AGE	F__Y15T49	Female, 15 to 49 years old	True
IV.6	Iece33744	Proportion of women aged 15-49 years who make their own informed decisions regarding sexual relations, contraceptive use and reproductive health care	Sf8af2bef	Proportion of women who make their own informed decisions regarding reproductive health care (% of women aged 15-49 years)	454	Malawi	MWI	33.4884625	-13.40819859	Sub-Saharan Africa	2010	2010	F	Female	Y15T49	15 to 49 years old	59.4	PT	Percent	C	Country Data	G	Global	Based on women aged 15-49 years married or in union who are currently using any contraceptives.	DHS 2010.	2021	7900	SH_FPL_INFMRH			SEX__AGE	F__Y15T49	Female, 15 to 49 years old	False
IV.6	Iece33744	Proportion of women aged 15-49 years who make their own informed decisions regarding sexual relations, contraceptive use and reproductive health care	Sf8af2bef	Proportion of women who make their own informed decisions regarding reproductive health care (% of women aged 15-49 years)	454	Malawi	MWI	33.4884625	-13.40819859	Sub-Saharan Africa	2016	2015-2016	F	Female	Y15T49	15 to 49 years old	69.6	PT	Percent	C	Country Data	G	Global	Based on women aged 15-49 years married or in union who are currently using any contraceptives.	DHS 2015-2016.	2021	7900	SH_FPL_INFMRH			SEX__AGE	F__Y15T49	Female, 15 to 49 years old	True
IV.6	Iece33744	Proportion of women aged 15-49 years who make their own informed decisions regarding sexual relations, contraceptive use and reproductive health care	Sf8af2bef	Proportion of women who make their own informed decisions regarding reproductive health care (% of women aged 15-49 years)	646	Rwanda	RWA	29.92310194	-1.999842114	Sub-Saharan Africa	2010	2010	F	Female	Y15T49	15 to 49 years old	74.5	PT	Percent	C	Country Data	G	Global	Based on women aged 15-49 years married or in union who are currently using any contraceptives.	DHS 2010.	2021	7900	SH_FPL_INFMRH			SEX__AGE	F__Y15T49	Female, 15 to 49 years old	False
IV.6	Iece33744	Proportion of women aged 15-49 years who make their own informed decisions regarding sexual relations, contraceptive use and reproductive health care	Sf8af2bef	Proportion of women who make their own informed decisions regarding reproductive health care (% of women aged 15-49 years)	646	Rwanda	RWA	29.92310194	-1.999842114	Sub-Saharan Africa	2015	2014-2015	F	Female	Y15T49	15 to 49 years old	84.2	PT	Percent	C	Country Data	G	Global	Based on women aged 15-49 years married or in union who are currently using any contraceptives.	DHS 2014-2015.	2021	7900	SH_FPL_INFMRH			SEX__AGE	F__Y15T49	Female, 15 to 49 years old	True
IV.6	Iece33744	Proportion of women aged 15-49 years who make their own informed decisions regarding sexual relations, contraceptive use and reproductive health care	Sf8af2bef	Proportion of women who make their own informed decisions regarding reproductive health care (% of women aged 15-49 years)	834	United Republic of Tanzania	TZA	34.80521182	-6.265332606	Sub-Saharan Africa	2010	2010	F	Female	Y15T49	15 to 49 years old	66.4	PT	Percent	C	Country Data	G	Global	Based on women aged 15-49 years married or in union who are currently using any contraceptives.	DHS 2010.	2021	7900	SH_FPL_INFMRH			SEX__AGE	F__Y15T49	Female, 15 to 49 years old	True
IV.6	Iece33744	Proportion of women aged 15-49 years who make their own informed decisions regarding sexual relations, contraceptive use and reproductive health care	Sf8af2bef	Proportion of women who make their own informed decisions regarding reproductive health care (% of women aged 15-49 years)	854	Burkina Faso	BFA	-1.742843829	12.27491081	Sub-Saharan Africa	2010	2010	F	Female	Y15T49	15 to 49 years old	31.5	PT	Percent	C	Country Data	G	Global	Based on women aged 15-49 years married or in union who are currently using any contraceptives.	DHS 2010.	2021	7900	SH_FPL_INFMRH			SEX__AGE	F__Y15T49	Female, 15 to 49 years old	True
IV.6	Iece33744	Proportion of women aged 15-49 years who make their own informed decisions regarding sexual relations, contraceptive use and reproductive health care	Sf8af2bef	Proportion of women who make their own informed decisions regarding reproductive health care (% of women aged 15-49 years)	120	Cameroon	CMR	12.7419827	5.692387031	Sub-Saharan Africa	2011	2011	F	Female	Y15T49	15 to 49 years old	47.8	PT	Percent	C	Country Data	G	Global	Based on women aged 15-49 years married or in union who are currently using any contraceptives.	DHS 2011.	2021	7900	SH_FPL_INFMRH			SEX__AGE	F__Y15T49	Female, 15 to 49 years old	False
IV.6	Iece33744	Proportion of women aged 15-49 years who make their own informed decisions regarding sexual relations, contraceptive use and reproductive health care	Sf8af2bef	Proportion of women who make their own informed decisions regarding reproductive health care (% of women aged 15-49 years)	120	Cameroon	CMR	12.7419827	5.692387031	Sub-Saharan Africa	2018	2018	F	Female	Y15T49	15 to 49 years old	65.5	PT	Percent	C	Country Data	G	Global	Based on women aged 15-49 years married or in union who are currently using any contraceptives.	DHS 2018.	2021	7900	SH_FPL_INFMRH			SEX__AGE	F__Y15T49	Female, 15 to 49 years old	True
IV.6	Iece33744	Proportion of women aged 15-49 years who make their own informed decisions regarding sexual relations, contraceptive use and reproductive health care	Sf8af2bef	Proportion of women who make their own informed decisions regarding reproductive health care (% of women aged 15-49 years)	231	Ethiopia	ETH	39.63505296	8.631223181	Sub-Saharan Africa	2011	2011	F	Female	Y15T49	15 to 49 years old	82.5	PT	Percent	C	Country Data	G	Global	Based on women aged 15-49 years married or in union who are currently using any contraceptives.	DHS 2011.	2021	7900	SH_FPL_INFMRH			SEX__AGE	F__Y15T49	Female, 15 to 49 years old	False
IV.6	Iece33744	Proportion of women aged 15-49 years who make their own informed decisions regarding sexual relations, contraceptive use and reproductive health care	Sf8af2bef	Proportion of women who make their own informed decisions regarding reproductive health care (% of women aged 15-49 years)	231	Ethiopia	ETH	39.63505296	8.631223181	Sub-Saharan Africa	2016	2016	F	Female	Y15T49	15 to 49 years old	84.8	PT	Percent	C	Country Data	G	Global	Based on women aged 15-49 years married or in union who are currently using any contraceptives.	DHS 2016.	2021	7900	SH_FPL_INFMRH			SEX__AGE	F__Y15T49	Female, 15 to 49 years old	True
IV.6	Iece33744	Proportion of women aged 15-49 years who make their own informed decisions regarding sexual relations, contraceptive use and reproductive health care	Sf8af2bef	Proportion of women who make their own informed decisions regarding reproductive health care (% of women aged 15-49 years)	508	Mozambique	MOZ	38.18479941	-14.27963886	Sub-Saharan Africa	2011	2011	F	Female	Y15T49	15 to 49 years old	77.3	PT	Percent	C	Country Data	G	Global	Based on women aged 15-49 years married or in union who are currently using any contraceptives.	DHS 2011.	2021	7900	SH_FPL_INFMRH			SEX__AGE	F__Y15T49	Female, 15 to 49 years old	True
IV.6	Iece33744	Proportion of women aged 15-49 years who make their own informed decisions regarding sexual relations, contraceptive use and reproductive health care	Sf8af2bef	Proportion of women who make their own informed decisions regarding reproductive health care (% of women aged 15-49 years)	524	Nepal	NPL	83.94678863	28.25866332	Central and Southern Asia	2011	2011	F	Female	Y15T49	15 to 49 years old	69.8	PT	Percent	C	Country Data	G	Global	Based on women aged 15-49 years married or in union who are currently using any contraceptives.	DHS 2011.	2021	7900	SH_FPL_INFMRH			SEX__AGE	F__Y15T49	Female, 15 to 49 years old	False
IV.6	Iece33744	Proportion of women aged 15-49 years who make their own informed decisions regarding sexual relations, contraceptive use and reproductive health care	Sf8af2bef	Proportion of women who make their own informed decisions regarding reproductive health care (% of women aged 15-49 years)	524	Nepal	NPL	83.94678863	28.25866332	Central and Southern Asia	2016	2016	F	Female	Y15T49	15 to 49 years old	59.1	PT	Percent	C	Country Data	G	Global	Based on women aged 15-49 years married or in union who are currently using any contraceptives.	DHS 2016.	2021	7900	SH_FPL_INFMRH			SEX__AGE	F__Y15T49	Female, 15 to 49 years old	True
IV.6	Iece33744	Proportion of women aged 15-49 years who make their own informed decisions regarding sexual relations, contraceptive use and reproductive health care	Sf8af2bef	Proportion of women who make their own informed decisions regarding reproductive health care (% of women aged 15-49 years)	686	Senegal	SEN	-14.46636926	14.35920905	Sub-Saharan Africa	2011	2011	F	Female	Y15T49	15 to 49 years old	37.2	PT	Percent	C	Country Data	G	Global	Based on women aged 15-49 years married or in union who are currently using any contraceptives.	DHS 2011.	2021	7900	SH_FPL_INFMRH			SEX__AGE	F__Y15T49	Female, 15 to 49 years old	False
IV.6	Iece33744	Proportion of women aged 15-49 years who make their own informed decisions regarding sexual relations, contraceptive use and reproductive health care	Sf8af2bef	Proportion of women who make their own informed decisions regarding reproductive health care (% of women aged 15-49 years)	686	Senegal	SEN	-14.46636926	14.35920905	Sub-Saharan Africa	2015	2015	F	Female	Y15T49	15 to 49 years old	24.0	PT	Percent	C	Country Data	G	Global	Based on women aged 15-49 years married or in union who are currently using any contraceptives.	DHS Continuous 2015.	2021	7900	SH_FPL_INFMRH			SEX__AGE	F__Y15T49	Female, 15 to 49 years old	False
IV.6	Iece33744	Proportion of women aged 15-49 years who make their own informed decisions regarding sexual relations, contraceptive use and reproductive health care	Sf8af2bef	Proportion of women who make their own informed decisions regarding reproductive health care (% of women aged 15-49 years)	686	Senegal	SEN	-14.46636926	14.35920905	Sub-Saharan Africa	2016	2016	F	Female	Y15T49	15 to 49 years old	18.6	PT	Percent	C	Country Data	G	Global	Based on women aged 15-49 years married or in union who are currently using any contraceptives.	DHS Continuous 2016.	2021	7900	SH_FPL_INFMRH			SEX__AGE	F__Y15T49	Female, 15 to 49 years old	False
IV.6	Iece33744	Proportion of women aged 15-49 years who make their own informed decisions regarding sexual relations, contraceptive use and reproductive health care	Sf8af2bef	Proportion of women who make their own informed decisions regarding reproductive health care (% of women aged 15-49 years)	686	Senegal	SEN	-14.46636926	14.35920905	Sub-Saharan Africa	2017	2017	F	Female	Y15T49	15 to 49 years old	30.7	PT	Percent	C	Country Data	G	Global	Based on women aged 15-49 years married or in union who are currently using any contraceptives.	DHS Continuous 2017.	2021	7900	SH_FPL_INFMRH			SEX__AGE	F__Y15T49	Female, 15 to 49 years old	True
IV.6	Iece33744	Proportion of women aged 15-49 years who make their own informed decisions regarding sexual relations, contraceptive use and reproductive health care	Sf8af2bef	Proportion of women who make their own informed decisions regarding reproductive health care (% of women aged 15-49 years)	178	Congo	COG	15.22052612	-0.840544119	Sub-Saharan Africa	2012	2011-2012	F	Female	Y15T49	15 to 49 years old	40.6	PT	Percent	C	Country Data	G	Global	Based on women aged 15-49 years married or in union who are currently using any contraceptives.	DHS 2011-2012.	2021	7900	SH_FPL_INFMRH			SEX__AGE	F__Y15T49	Female, 15 to 49 years old	True
IV.6	Iece33744	Proportion of women aged 15-49 years who make their own informed decisions regarding sexual relations, contraceptive use and reproductive health care	Sf8af2bef	Proportion of women who make their own informed decisions regarding reproductive health care (% of women aged 15-49 years)	340	Honduras	HND	-86.59974381	14.82243161	Latin America and the Caribbean	2012	2011-2012	F	Female	Y15T49	15 to 49 years old	83.7	PT	Percent	C	Country Data	G	Global	Based on women aged 15-49 years married or in union who are currently using any contraceptives.	DHS 2011-2012.	2021	7900	SH_FPL_INFMRH			SEX__AGE	F__Y15T49	Female, 15 to 49 years old	True
IV.6	Iece33744	Proportion of women aged 15-49 years who make their own informed decisions regarding sexual relations, contraceptive use and reproductive health care	Sf8af2bef	Proportion of women who make their own informed decisions regarding reproductive health care (% of women aged 15-49 years)	384	CÃ´te d'Ivoire	CIV	-5.552690016	7.62211586	Sub-Saharan Africa	2012	2011-2012	F	Female	Y15T49	15 to 49 years old	42.9	PT	Percent	C	Country Data	G	Global	Based on women aged 15-49 years married or in union who are currently using any contraceptives.	DHS 2011-2012.	2021	7900	SH_FPL_INFMRH			SEX__AGE	F__Y15T49	Female, 15 to 49 years old	True
IV.6	Iece33744	Proportion of women aged 15-49 years who make their own informed decisions regarding sexual relations, contraceptive use and reproductive health care	Sf8af2bef	Proportion of women who make their own informed decisions regarding reproductive health care (% of women aged 15-49 years)	174	Comoros	COM	43.34234565	-11.66121732	Sub-Saharan Africa	2012	2012	F	Female	Y15T49	15 to 49 years old	47.0	PT	Percent	C	Country Data	G	Global	Based on women aged 15-49 years married or in union who are currently using any contraceptives.	DHS 2012.	2021	7900	SH_FPL_INFMRH			SEX__AGE	F__Y15T49	Female, 15 to 49 years old	True
IV.6	Iece33744	Proportion of women aged 15-49 years who make their own informed decisions regarding sexual relations, contraceptive use and reproductive health care	Sf8af2bef	Proportion of women who make their own informed decisions regarding reproductive health care (% of women aged 15-49 years)	266	Gabon	GAB	11.78727747	-0.60687619	Sub-Saharan Africa	2012	2012	F	Female	Y15T49	15 to 49 years old	60.2	PT	Percent	C	Country Data	G	Global	Based on women aged 15-49 years married or in union who are currently using any contraceptives.	DHS 2012.	2021	7900	SH_FPL_INFMRH			SEX__AGE	F__Y15T49	Female, 15 to 49 years old	True
IV.6	Iece33744	Proportion of women aged 15-49 years who make their own informed decisions regarding sexual relations, contraceptive use and reproductive health care	Sf8af2bef	Proportion of women who make their own informed decisions regarding reproductive health care (% of women aged 15-49 years)	324	Guinea	GIN	-11.28173419	11.00210343	Sub-Saharan Africa	2012	2012	F	Female	Y15T49	15 to 49 years old	45.9	PT	Percent	C	Country Data	G	Global	Based on women aged 15-49 years married or in union who are currently using any contraceptives.	DHS 2012.	2021	7900	SH_FPL_INFMRH			SEX__AGE	F__Y15T49	Female, 15 to 49 years old	False
IV.6	Iece33744	Proportion of women aged 15-49 years who make their own informed decisions regarding sexual relations, contraceptive use and reproductive health care	Sf8af2bef	Proportion of women who make their own informed decisions regarding reproductive health care (% of women aged 15-49 years)	324	Guinea	GIN	-11.28173419	11.00210343	Sub-Saharan Africa	2018	2018	F	Female	Y15T49	15 to 49 years old	60.5	PT	Percent	C	Country Data	G	Global	Based on women aged 15-49 years married or in union who are currently using any contraceptives.	DHS 2018.	2021	7900	SH_FPL_INFMRH			SEX__AGE	F__Y15T49	Female, 15 to 49 years old	True
IV.6	Iece33744	Proportion of women aged 15-49 years who make their own informed decisions regarding sexual relations, contraceptive use and reproductive health care	Sf8af2bef	Proportion of women who make their own informed decisions regarding reproductive health care (% of women aged 15-49 years)	400	Jordan	JOR	37.13024774	30.65365973	Northern Africa and Western Asia	2012	2012	F	Female	Y15T49	15 to 49 years old	90.0	PT	Percent	C	Country Data	G	Global	Based on women aged 15-49 years married or in union who are currently using any contraceptives.	DHS 2012.	2021	7900	SH_FPL_INFMRH			SEX__AGE	F__Y15T49	Female, 15 to 49 years old	False
IV.6	Iece33744	Proportion of women aged 15-49 years who make their own informed decisions regarding sexual relations, contraceptive use and reproductive health care	Sf8af2bef	Proportion of women who make their own informed decisions regarding reproductive health care (% of women aged 15-49 years)	400	Jordan	JOR	37.13024774	30.65365973	Northern Africa and Western Asia	2018	2017-2018	F	Female	Y15T49	15 to 49 years old	93.8	PT	Percent	C	Country Data	G	Global	Based on women aged 15-49 years married or in union who are currently using any contraceptives.	DHS 2017-2018.	2021	7900	SH_FPL_INFMRH			SEX__AGE	F__Y15T49	Female, 15 to 49 years old	True
IV.6	Iece33744	Proportion of women aged 15-49 years who make their own informed decisions regarding sexual relations, contraceptive use and reproductive health care	Sf8af2bef	Proportion of women who make their own informed decisions regarding reproductive health care (% of women aged 15-49 years)	417	Kyrgyzstan	KGZ	74.52324839	41.46204516	Central and Southern Asia	2012	2012	F	Female	Y15T49	15 to 49 years old	93.7	PT	Percent	C	Country Data	G	Global	Based on women aged 15-49 years married or in union who are currently using any contraceptives.	DHS 2012.	2021	7900	SH_FPL_INFMRH			SEX__AGE	F__Y15T49	Female, 15 to 49 years old	True
IV.6	Iece33744	Proportion of women aged 15-49 years who make their own informed decisions regarding sexual relations, contraceptive use and reproductive health care	Sf8af2bef	Proportion of women who make their own informed decisions regarding reproductive health care (% of women aged 15-49 years)	762	Tajikistan	TJK	69.294998	38.43069666	Central and Southern Asia	2012	2012	F	Female	Y15T49	15 to 49 years old	60.2	PT	Percent	C	Country Data	G	Global	Based on women aged 15-49 years married or in union who are currently using any contraceptives.	DHS 2012.	2021	7900	SH_FPL_INFMRH			SEX__AGE	F__Y15T49	Female, 15 to 49 years old	False
IV.6	Iece33744	Proportion of women aged 15-49 years who make their own informed decisions regarding sexual relations, contraceptive use and reproductive health care	Sf8af2bef	Proportion of women who make their own informed decisions regarding reproductive health care (% of women aged 15-49 years)	762	Tajikistan	TJK	69.294998	38.43069666	Central and Southern Asia	2017	2017	F	Female	Y15T49	15 to 49 years old	53.9	PT	Percent	C	Country Data	G	Global	Based on women aged 15-49 years married or in union who are currently using any contraceptives.	DHS 2017.	2021	7900	SH_FPL_INFMRH			SEX__AGE	F__Y15T49	Female, 15 to 49 years old	True
IV.6	Iece33744	Proportion of women aged 15-49 years who make their own informed decisions regarding sexual relations, contraceptive use and reproductive health care	Sf8af2bef	Proportion of women who make their own informed decisions regarding reproductive health care (% of women aged 15-49 years)	270	Gambia	GMB	-15.39944785	13.45295927	Sub-Saharan Africa	2013	2013	F	Female	Y15T49	15 to 49 years old	71.3	PT	Percent	C	Country Data	G	Global	Based on women aged 15-49 years married or in union who are currently using any contraceptives.	DHS 2013.	2021	7900	SH_FPL_INFMRH			SEX__AGE	F__Y15T49	Female, 15 to 49 years old	True
IV.6	Iece33744	Proportion of women aged 15-49 years who make their own informed decisions regarding sexual relations, contraceptive use and reproductive health care	Sf8af2bef	Proportion of women who make their own informed decisions regarding reproductive health care (% of women aged 15-49 years)	430	Liberia	LBR	-9.311879038	6.448381009	Sub-Saharan Africa	2013	2013	F	Female	Y15T49	15 to 49 years old	82.6	PT	Percent	C	Country Data	G	Global	Based on women aged 15-49 years married or in union who are currently using any contraceptives.	DHS 2013.	2021	7900	SH_FPL_INFMRH			SEX__AGE	F__Y15T49	Female, 15 to 49 years old	True
IV.6	Iece33744	Proportion of women aged 15-49 years who make their own informed decisions regarding sexual relations, contraceptive use and reproductive health care	Sf8af2bef	Proportion of women who make their own informed decisions regarding reproductive health care (% of women aged 15-49 years)	694	Sierra Leone	SLE	-11.78306584	8.568604164	Sub-Saharan Africa	2013	2013	F	Female	Y15T49	15 to 49 years old	60.1	PT	Percent	C	Country Data	G	Global	Based on women aged 15-49 years married or in union who are currently using any contraceptives.	DHS 2013.	2021	7900	SH_FPL_INFMRH			SEX__AGE	F__Y15T49	Female, 15 to 49 years old	False
IV.6	Iece33744	Proportion of women aged 15-49 years who make their own informed decisions regarding sexual relations, contraceptive use and reproductive health care	Sf8af2bef	Proportion of women who make their own informed decisions regarding reproductive health care (% of women aged 15-49 years)	694	Sierra Leone	SLE	-11.78306584	8.568604164	Sub-Saharan Africa	2019	2019	F	Female	Y15T49	15 to 49 years old	51.0	PT	Percent	C	Country Data	G	Global	Based on women aged 15-49 years married or in union who are currently using any contraceptives.	DHS 2019.	2021	7900	SH_FPL_INFMRH			SEX__AGE	F__Y15T49	Female, 15 to 49 years old	True
IV.6	Iece33744	Proportion of women aged 15-49 years who make their own informed decisions regarding sexual relations, contraceptive use and reproductive health care	Sf8af2bef	Proportion of women who make their own informed decisions regarding reproductive health care (% of women aged 15-49 years)	768	Togo	TGO	0.97835765	8.532096072	Sub-Saharan Africa	2014	2013-2014	F	Female	Y15T49	15 to 49 years old	46.7	PT	Percent	C	Country Data	G	Global	Based on women aged 15-49 years married or in union who are currently using any contraceptives.	DHS 2013-2014.	2021	7900	SH_FPL_INFMRH			SEX__AGE	F__Y15T49	Female, 15 to 49 years old	True
IV.6	Iece33744	Proportion of women aged 15-49 years who make their own informed decisions regarding sexual relations, contraceptive use and reproductive health care	Sf8af2bef	Proportion of women who make their own informed decisions regarding reproductive health care (% of women aged 15-49 years)	404	Kenya	KEN	37.86096816	0.534797278	Sub-Saharan Africa	2014	2014	F	Female	Y15T49	15 to 49 years old	80.5	PT	Percent	C	Country Data	G	Global	Based on women aged 15-49 years married or in union who are currently using any contraceptives.	DHS 2014.	2021	7900	SH_FPL_INFMRH			SEX__AGE	F__Y15T49	Female, 15 to 49 years old	True
IV.6	Iece33744	Proportion of women aged 15-49 years who make their own informed decisions regarding sexual relations, contraceptive use and reproductive health care	Sf8af2bef	Proportion of women who make their own informed decisions regarding reproductive health care (% of women aged 15-49 years)	148	Chad	TCD	18.66618401	15.36279341	Sub-Saharan Africa	2015	2014-2015	F	Female	Y15T49	15 to 49 years old	47.2	PT	Percent	C	Country Data	G	Global	Based on women aged 15-49 years married or in union who are currently using any contraceptives.	DHS 2014-2015.	2021	7900	SH_FPL_INFMRH			SEX__AGE	F__Y15T49	Female, 15 to 49 years old	True
IV.6	Iece33744	Proportion of women aged 15-49 years who make their own informed decisions regarding sexual relations, contraceptive use and reproductive health care	Sf8af2bef	Proportion of women who make their own informed decisions regarding reproductive health care (% of women aged 15-49 years)	320	Guatemala	GTM	-91.2312746	15.00273719	Latin America and the Caribbean	2015	2014-2015	F	Female	Y15T49	15 to 49 years old	76.7	PT	Percent	C	Country Data	G	Global	Based on women aged 15-49 years married or in union who are currently using any contraceptives.	DHS 2014-2015.	2021	7900	SH_FPL_INFMRH			SEX__AGE	F__Y15T49	Female, 15 to 49 years old	True
IV.6	Iece33744	Proportion of women aged 15-49 years who make their own informed decisions regarding sexual relations, contraceptive use and reproductive health care	Sf8af2bef	Proportion of women who make their own informed decisions regarding reproductive health care (% of women aged 15-49 years)	24	Angola	AGO	17.57817062	-12.33724746	Sub-Saharan Africa	2016	2015-2016	F	Female	Y15T49	15 to 49 years old	77.3	PT	Percent	C	Country Data	G	Global	Based on women aged 15-49 years married or in union who are currently using any contraceptives.	DHS 2015-2016.	2021	7900	SH_FPL_INFMRH			SEX__AGE	F__Y15T49	Female, 15 to 49 years old	True
IV.6	Iece33744	Proportion of women aged 15-49 years who make their own informed decisions regarding sexual relations, contraceptive use and reproductive health care	Sf8af2bef	Proportion of women who make their own informed decisions regarding reproductive health care (% of women aged 15-49 years)	104	Myanmar	MMR	96.51752295	21.19332882	Eastern and South-Eastern Asia	2016	2015-2016	F	Female	Y15T49	15 to 49 years old	84.9	PT	Percent	C	Country Data	G	Global	Based on women aged 15-49 years married or in union who are currently using any contraceptives.	DHS 2015-2016.	2021	7900	SH_FPL_INFMRH			SEX__AGE	F__Y15T49	Female, 15 to 49 years old	True
IV.6	Iece33744	Proportion of women aged 15-49 years who make their own informed decisions regarding sexual relations, contraceptive use and reproductive health care	Sf8af2bef	Proportion of women who make their own informed decisions regarding reproductive health care (% of women aged 15-49 years)	626	Timor-Leste	TLS	125.9451052	-8.797497247	Eastern and South-Eastern Asia	2016	2016	F	Female	Y15T49	15 to 49 years old	94.1	PT	Percent	C	Country Data	G	Global	Based on women aged 15-49 years married or in union who are currently using any contraceptives.	DHS 2016.	2021	7900	SH_FPL_INFMRH			SEX__AGE	F__Y15T49	Female, 15 to 49 years old	True
IV.6	Iece33744	Proportion of women aged 15-49 years who make their own informed decisions regarding sexual relations, contraceptive use and reproductive health care	Sf8af2bef	Proportion of women who make their own informed decisions regarding reproductive health care (% of women aged 15-49 years)	710	South Africa	ZAF	24.67184355	-29.99957544	Sub-Saharan Africa	2016	2016	F	Female	Y15T49	15 to 49 years old	94.8	PT	Percent	C	Country Data	G	Global	Based on women aged 15-49 years married or in union who are currently using any contraceptives.	DHS 2016.	2021	7900	SH_FPL_INFMRH			SEX__AGE	F__Y15T49	Female, 15 to 49 years old	True
IV.6	Iece33744	Proportion of women aged 15-49 years who make their own informed decisions regarding sexual relations, contraceptive use and reproductive health care	Sf8af2bef	Proportion of women who make their own informed decisions regarding reproductive health care (% of women aged 15-49 years)	462	Maldives	MDV	73.09672546	-0.614385021	Central and Southern Asia	2017	2016-2017	F	Female	Y15T49	15 to 49 years old	88.1	PT	Percent	C	Country Data	G	Global	Based on women aged 15-49 years married or in union who are currently using any contraceptives.	DHS 2016-2017.	2021	7900	SH_FPL_INFMRH			SEX__AGE	F__Y15T49	Female, 15 to 49 years old	True
IV.6	Iece33744	Proportion of women aged 15-49 years who make their own informed decisions regarding sexual relations, contraceptive use and reproductive health care	Sf8af2bef	Proportion of women who make their own informed decisions regarding reproductive health care (% of women aged 15-49 years)	598	Papua New Guinea	PNG	145.8587761	-6.756057077	Oceania, exc. Australia and New Zealand	2018	2016-2018	F	Female	Y15T49	15 to 49 years old	86.0	PT	Percent	C	Country Data	G	Global	Based on women aged 15-49 years married or in union who are currently using any contraceptives.	DHS 2016-2018.	2021	7900	SH_FPL_INFMRH			SEX__AGE	F__Y15T49	Female, 15 to 49 years old	True
IV.6	Iece33744	Proportion of women aged 15-49 years who make their own informed decisions regarding sexual relations, contraceptive use and reproductive health care	Sf8af2bef	Proportion of women who make their own informed decisions regarding reproductive health care (% of women aged 15-49 years)	608	Philippines	PHL	120.8601418	14.16591706	Eastern and South-Eastern Asia	2017	2017	F	Female	Y15T49	15 to 49 years old	96.6	PT	Percent	C	Country Data	G	Global	Based on women aged 15-49 years married or in union who are currently using any contraceptives.	DHS 2017.	2021	7900	SH_FPL_INFMRH			SEX__AGE	F__Y15T49	Female, 15 to 49 years old	True
IV.6	Iece33744	Proportion of women aged 15-49 years who make their own informed decisions regarding sexual relations, contraceptive use and reproductive health care	Sf8af2bef	Proportion of women who make their own informed decisions regarding reproductive health care (% of women aged 15-49 years)	50	Bangladesh	BGD	89.17660788	22.86961622	Central and Southern Asia	2018	2017-2018	F	Female	Y15T49	15 to 49 years old	77.7	PT	Percent	C	Country Data	G	Global	Based on women aged 15-49 years married or in union who are currently using any contraceptives.	DHS 2017-2018.	2021	7900	SH_FPL_INFMRH			SEX__AGE	F__Y15T49	Female, 15 to 49 years old	True
IV.6	Iece33744	Proportion of women aged 15-49 years who make their own informed decisions regarding sexual relations, contraceptive use and reproductive health care	Sf8af2bef	Proportion of women who make their own informed decisions regarding reproductive health care (% of women aged 15-49 years)	586	Pakistan	PAK	68.80479684	29.36491634	Central and Southern Asia	2018	2017-2018	F	Female	Y15T49	15 to 49 years old	58.0	PT	Percent	C	Country Data	G	Global	Based on women aged 15-49 years married or in union who are currently using any contraceptives.	DHS 2017-2018.	2021	7900	SH_FPL_INFMRH			SEX__AGE	F__Y15T49	Female, 15 to 49 years old	True
IV.6	Iece33744	Proportion of women aged 15-49 years who make their own informed decisions regarding sexual relations, contraceptive use and reproductive health care	Sf8af2bef	Proportion of women who make their own informed decisions regarding reproductive health care (% of women aged 15-49 years)	591	Panama	PAN	-81.26616623	8.450965746	Latin America and the Caribbean	2014	2014	F	Female	Y15T49	15 to 49 years old	94.1	PT	Percent	C	Country Data	G	Global	Based on women aged 15-49 years married or in union who are currently using any contraceptives.	ENASSER 2014.	2021	7900	SH_FPL_INFMRH			SEX__AGE	F__Y15T49	Female, 15 to 49 years old	True
IV.6	Iece33744	Proportion of women aged 15-49 years who make their own informed decisions regarding sexual relations, contraceptive use and reproductive health care	Sf8af2bef	Proportion of women who make their own informed decisions regarding reproductive health care (% of women aged 15-49 years)	218	Ecuador	ECU	-78.37005241	-1.447785891	Latin America and the Caribbean	2018	2018	F	Female	Y15T49	15 to 49 years old	99.5	PT	Percent	C	Country Data	G	Global	Based on women aged 15-49 years married or in union who are currently using any contraceptives.	ENSANUT 2018.	2021	7900	SH_FPL_INFMRH			SEX__AGE	F__Y15T49	Female, 15 to 49 years old	True
IV.6	Iece33744	Proportion of women aged 15-49 years who make their own informed decisions regarding sexual relations, contraceptive use and reproductive health care	Sf8af2bef	Proportion of women who make their own informed decisions regarding reproductive health care (% of women aged 15-49 years)	498	Republic of Moldova	MDA	28.4650624	47.20236795	Europe and Northern America	2020	2020	F	Female	Y15T49	15 to 49 years old	95.6	PT	Percent	C	Country Data	G	Global	Based on women aged 15-49 years married or in union who are currently using any contraceptives.	Generations and Gender Survey 2020.	2021	7900	SH_FPL_INFMRH			SEX__AGE	F__Y15T49	Female, 15 to 49 years old	True
IV.6	Iece33744	Proportion of women aged 15-49 years who make their own informed decisions regarding sexual relations, contraceptive use and reproductive health care	Sf8af2bef	Proportion of women who make their own informed decisions regarding reproductive health care (% of women aged 15-49 years)	268	Georgia	GEO	43.3713615	42.04813028	Northern Africa and Western Asia	2018	2018	F	Female	Y15T49	15 to 49 years old	95.4	PT	Percent	C	Country Data	G	Global	Based on women aged 15-49 years married or in union who are currently using any contraceptives.	MICS 2018.	2021	7900	SH_FPL_INFMRH			SEX__AGE	F__Y15T49	Female, 15 to 49 years old	True
IV.6	Iece33744	Proportion of women aged 15-49 years who make their own informed decisions regarding sexual relations, contraceptive use and reproductive health care	Sf8af2bef	Proportion of women who make their own informed decisions regarding reproductive health care (% of women aged 15-49 years)	807	North Macedonia	MKD	21.7007909	41.60048068	Europe and Northern America	2019	2018-2019	F	Female	Y15T49	15 to 49 years old	98.7	PT	Percent	C	Country Data	G	Global	Based on women aged 15-49 years married or in union who are currently using any contraceptives.	MICS 2018-2019.	2021	7900	SH_FPL_INFMRH			SEX__AGE	F__Y15T49	Female, 15 to 49 years old	True
IV.6	Iece33744	Proportion of women aged 15-49 years who make their own informed decisions regarding sexual relations, contraceptive use and reproductive health care	Sf8af2bef	Proportion of women who make their own informed decisions regarding reproductive health care (% of women aged 15-49 years)	688	Serbia	SRB	20.805876	44.03145697	Europe and Northern America	2019	2019	F	Female	Y15T49	15 to 49 years old	99.7	PT	Percent	C	Country Data	G	Global	Based on women aged 15-49 years married or in union who are currently using any contraceptives.	MICS 2019.	2021	7900	SH_FPL_INFMRH			SEX__AGE	F__Y15T49	Female, 15 to 49 years old	True
IV.6	Iece33744	Proportion of women aged 15-49 years who make their own informed decisions regarding sexual relations, contraceptive use and reproductive health care	Sf8af2bef	Proportion of women who make their own informed decisions regarding reproductive health care (% of women aged 15-49 years)	795	Turkmenistan	TKM	58.9787665	40.0912346	Central and Southern Asia	2019	2019	F	Female	Y15T49	15 to 49 years old	85.4	PT	Percent	C	Country Data	G	Global	Based on women aged 15-49 years married or in union who are currently using any contraceptives.	MICS 2019.	2021	7900	SH_FPL_INFMRH			SEX__AGE	F__Y15T49	Female, 15 to 49 years old	True
IV.6	Iece33744	Proportion of women aged 15-49 years who make their own informed decisions regarding sexual relations, contraceptive use and reproductive health care	Sf8af2bef	Proportion of women who make their own informed decisions regarding reproductive health care (% of women aged 15-49 years)	496	Mongolia	MNG	103.0728057	46.83892054	Eastern and South-Eastern Asia	2018	2018	F	Female	Y15T49	15 to 49 years old	85.0	PT	Percent	C	Country Data	G	Global	Based on women aged 15-49 years married or in union who ever used any contraceptives.	Mongolia Social Indicator Sample Survey (MICS) 2018.	2021	7900	SH_FPL_INFMRH			SEX__AGE	F__Y15T49	Female, 15 to 49 years old	True
IV.6	Iece33744	Proportion of women aged 15-49 years who make their own informed decisions regarding sexual relations, contraceptive use and reproductive health care	Sf8af2bef	Proportion of women who make their own informed decisions regarding reproductive health care (% of women aged 15-49 years)	1	World					2021	2021	F	Female	Y15T49	15 to 49 years old	76.1	PT	Percent	G	Global monitoring data	G	Global	64 countries, 16 per cent population coverage	Global SDG Indicators Database. Data extracted on 30 July 2021.	2021	7900	SH_FPL_INFMRH			SEX__AGE	F__Y15T49	Female, 15 to 49 years old	True
IV.6	Iece33744	Proportion of women aged 15-49 years who make their own informed decisions regarding sexual relations, contraceptive use and reproductive health care	Sf8af2bef	Proportion of women who make their own informed decisions regarding reproductive health care (% of women aged 15-49 years)	9	Oceania					2021	2021	F	Female	Y15T49	15 to 49 years old	86.0	PT	Percent	G	Global monitoring data	G	Global	1 country, 17 per cent population coverage	Global SDG Indicators Database. Data extracted on 30 July 2021.	2021	7900	SH_FPL_INFMRH			SEX__AGE	F__Y15T49	Female, 15 to 49 years old	True
IV.6	Iece33744	Proportion of women aged 15-49 years who make their own informed decisions regarding sexual relations, contraceptive use and reproductive health care	Sf8af2bef	Proportion of women who make their own informed decisions regarding reproductive health care (% of women aged 15-49 years)	30	Eastern Asia				Eastern and South-Eastern Asia	2021	2021	F	Female	Y15T49	15 to 49 years old	85.0	PT	Percent	G	Global monitoring data	G	Global	1 country, 0.1 per cent population coverage	Global SDG Indicators Database. Data extracted on 30 July 2021.	2021	7900	SH_FPL_INFMRH			SEX__AGE	F__Y15T49	Female, 15 to 49 years old	True
IV.6	Iece33744	Proportion of women aged 15-49 years who make their own informed decisions regarding sexual relations, contraceptive use and reproductive health care	Sf8af2bef	Proportion of women who make their own informed decisions regarding reproductive health care (% of women aged 15-49 years)	34	Southern Asia				Central and Southern Asia	2021	2021	F	Female	Y15T49	15 to 49 years old	69.7	PT	Percent	G	Global monitoring data	G	Global	4 countries, 20 per cent population coverage	Global SDG Indicators Database. Data extracted on 30 July 2021.	2021	7900	SH_FPL_INFMRH			SEX__AGE	F__Y15T49	Female, 15 to 49 years old	True
IV.6	Iece33744	Proportion of women aged 15-49 years who make their own informed decisions regarding sexual relations, contraceptive use and reproductive health care	Sf8af2bef	Proportion of women who make their own informed decisions regarding reproductive health care (% of women aged 15-49 years)	35	South-Eastern Asia				Eastern and South-Eastern Asia	2021	2021	F	Female	Y15T49	15 to 49 years old	92.5	PT	Percent	G	Global monitoring data	G	Global	4 countries, 22 per cent population coverage	Global SDG Indicators Database. Data extracted on 30 July 2021.	2021	7900	SH_FPL_INFMRH			SEX__AGE	F__Y15T49	Female, 15 to 49 years old	True
IV.6	Iece33744	Proportion of women aged 15-49 years who make their own informed decisions regarding sexual relations, contraceptive use and reproductive health care	Sf8af2bef	Proportion of women who make their own informed decisions regarding reproductive health care (% of women aged 15-49 years)	62	Central and Southern Asia				Central and Southern Asia	2021	2021	F	Female	Y15T49	15 to 49 years old	69.9	PT	Percent	G	Global monitoring data	G	Global	7 countries, 20 per cent population coverage	Global SDG Indicators Database. Data extracted on 30 July 2021.	2021	7900	SH_FPL_INFMRH			SEX__AGE	F__Y15T49	Female, 15 to 49 years old	True
IV.6	Iece33744	Proportion of women aged 15-49 years who make their own informed decisions regarding sexual relations, contraceptive use and reproductive health care	Sf8af2bef	Proportion of women who make their own informed decisions regarding reproductive health care (% of women aged 15-49 years)	143	Central Asia				Central and Southern Asia	2021	2021	F	Female	Y15T49	15 to 49 years old	76.7	PT	Percent	G	Global monitoring data	G	Global	3 countries, 21 per cent population coverage	Global SDG Indicators Database. Data extracted on 30 July 2021.	2021	7900	SH_FPL_INFMRH			SEX__AGE	F__Y15T49	Female, 15 to 49 years old	True
IV.6	Iece33744	Proportion of women aged 15-49 years who make their own informed decisions regarding sexual relations, contraceptive use and reproductive health care	Sf8af2bef	Proportion of women who make their own informed decisions regarding reproductive health care (% of women aged 15-49 years)	145	Western Asia				Northern Africa and Western Asia	2021	2021	F	Female	Y15T49	15 to 49 years old	94.7	PT	Percent	G	Global monitoring data	G	Global	3 countries, 5 per cent population coverage	Global SDG Indicators Database. Data extracted on 30 July 2021.	2021	7900	SH_FPL_INFMRH			SEX__AGE	F__Y15T49	Female, 15 to 49 years old	True
IV.6	Iece33744	Proportion of women aged 15-49 years who make their own informed decisions regarding sexual relations, contraceptive use and reproductive health care	Sf8af2bef	Proportion of women who make their own informed decisions regarding reproductive health care (% of women aged 15-49 years)	150	Europe				Europe and Northern America	2021	2021	F	Female	Y15T49	15 to 49 years old	97.5	PT	Percent	G	Global monitoring data	G	Global	5 countries, 9 per cent population coverage	Global SDG Indicators Database. Data extracted on 30 July 2021.	2021	7900	SH_FPL_INFMRH			SEX__AGE	F__Y15T49	Female, 15 to 49 years old	True
IV.6	Iece33744	Proportion of women aged 15-49 years who make their own informed decisions regarding sexual relations, contraceptive use and reproductive health care	Sf8af2bef	Proportion of women who make their own informed decisions regarding reproductive health care (% of women aged 15-49 years)	199	Least Developed Countries (LDCs)					2021	2021	F	Female	Y15T49	15 to 49 years old	73.4	PT	Percent	G	Global monitoring data	G	Global	31 countries, 91 per cent population coverage	Global SDG Indicators Database. Data extracted on 30 July 2021.	2021	7900	SH_FPL_INFMRH			SEX__AGE	F__Y15T49	Female, 15 to 49 years old	True
IV.6	Iece33744	Proportion of women aged 15-49 years who make their own informed decisions regarding sexual relations, contraceptive use and reproductive health care	Sf8af2bef	Proportion of women who make their own informed decisions regarding reproductive health care (% of women aged 15-49 years)	202	Sub-Saharan Africa				Sub-Saharan Africa	2021	2021	F	Female	Y15T49	15 to 49 years old	71.8	PT	Percent	G	Global monitoring data	G	Global	36 countries, 97 per cent population coverage	Global SDG Indicators Database. Data extracted on 30 July 2021.	2021	7900	SH_FPL_INFMRH			SEX__AGE	F__Y15T49	Female, 15 to 49 years old	True
IV.6	Iece33744	Proportion of women aged 15-49 years who make their own informed decisions regarding sexual relations, contraceptive use and reproductive health care	Sf8af2bef	Proportion of women who make their own informed decisions regarding reproductive health care (% of women aged 15-49 years)	419	Latin America and the Caribbean				Latin America and the Caribbean	2021	2021	F	Female	Y15T49	15 to 49 years old	87.4	PT	Percent	G	Global monitoring data	G	Global	7 countries, 10 per cent population coverage	Global SDG Indicators Database. Data extracted on 30 July 2021.	2021	7900	SH_FPL_INFMRH			SEX__AGE	F__Y15T49	Female, 15 to 49 years old	True
IV.6	Iece33744	Proportion of women aged 15-49 years who make their own informed decisions regarding sexual relations, contraceptive use and reproductive health care	Sf8af2bef	Proportion of women who make their own informed decisions regarding reproductive health care (% of women aged 15-49 years)	432	Landlocked developing countries (LLDCs)					2021	2021	F	Female	Y15T49	15 to 49 years old	72.2	PT	Percent	G	Global monitoring data	G	Global	21 countries, 70 per cent population coverage	Global SDG Indicators Database. Data extracted on 30 July 2021.	2021	7900	SH_FPL_INFMRH			SEX__AGE	F__Y15T49	Female, 15 to 49 years old	True
IV.6	Iece33744	Proportion of women aged 15-49 years who make their own informed decisions regarding sexual relations, contraceptive use and reproductive health care	Sf8af2bef	Proportion of women who make their own informed decisions regarding reproductive health care (% of women aged 15-49 years)	513	Europe and Northern America				Europe and Northern America	2021	2021	F	Female	Y15T49	15 to 49 years old	97.5	PT	Percent	G	Global monitoring data	G	Global	5 countries, 6 per cent population coverage	Global SDG Indicators Database. Data extracted on 30 July 2021.	2021	7900	SH_FPL_INFMRH			SEX__AGE	F__Y15T49	Female, 15 to 49 years old	True
IV.6	Iece33744	Proportion of women aged 15-49 years who make their own informed decisions regarding sexual relations, contraceptive use and reproductive health care	Sf8af2bef	Proportion of women who make their own informed decisions regarding reproductive health care (% of women aged 15-49 years)	543	Oceania (exc. Australia and New Zealand)				Oceania, exc. Australia and New Zealand	2021	2021	F	Female	Y15T49	15 to 49 years old	86.0	PT	Percent	G	Global monitoring data	G	Global	1 country, 79 per cent population coverage	Global SDG Indicators Database. Data extracted on 30 July 2021.	2021	7900	SH_FPL_INFMRH			SEX__AGE	F__Y15T49	Female, 15 to 49 years old	True
IV.6	Iece33744	Proportion of women aged 15-49 years who make their own informed decisions regarding sexual relations, contraceptive use and reproductive health care	Sf8af2bef	Proportion of women who make their own informed decisions regarding reproductive health care (% of women aged 15-49 years)	722	Small island developing States (SIDS)					2021	2021	F	Female	Y15T49	15 to 49 years old	84.6	PT	Percent	G	Global monitoring data	G	Global	8 countries, 48 per cent population coverage	Global SDG Indicators Database. Data extracted on 30 July 2021.	2021	7900	SH_FPL_INFMRH			SEX__AGE	F__Y15T49	Female, 15 to 49 years old	True
IV.6	Iece33744	Proportion of women aged 15-49 years who make their own informed decisions regarding sexual relations, contraceptive use and reproductive health care	Sf8af2bef	Proportion of women who make their own informed decisions regarding reproductive health care (% of women aged 15-49 years)	747	Northern Africa and Western Asia				Northern Africa and Western Asia	2021	2021	F	Female	Y15T49	15 to 49 years old	94.7	PT	Percent	G	Global monitoring data	G	Global	3 countries, 3 per cent population coverage	Global SDG Indicators Database. Data extracted on 30 July 2021.	2021	7900	SH_FPL_INFMRH			SEX__AGE	F__Y15T49	Female, 15 to 49 years old	True
IV.6	Iece33744	Proportion of women aged 15-49 years who make their own informed decisions regarding sexual relations, contraceptive use and reproductive health care	Sf8af2bef	Proportion of women who make their own informed decisions regarding reproductive health care (% of women aged 15-49 years)	753	Eastern and South-Eastern Asia				Eastern and South-Eastern Asia	2021	2021	F	Female	Y15T49	15 to 49 years old	92.4	PT	Percent	G	Global monitoring data	G	Global	5 countries, 6 per cent population coverage	Global SDG Indicators Database. Data extracted on 30 July 2021.	2021	7900	SH_FPL_INFMRH			SEX__AGE	F__Y15T49	Female, 15 to 49 years old	True
