INDICATOR_ID	INDICATOR_NUM	INDICATOR_DESC	MINSET_SERIES	MINSET_SERIES_DESC	REF_AREA	REF_AREA_DESC	ISO3	X	Y	SDG_REGION	TIME_PERIOD	VALUE_CATEGORY	VALUE_CATEGORY_DESC	OBS_VALUE	UNIT_MEASURE	UNIT_MEASURE_DESC	COMMENT_OBS	SOURCE_YEAR
56	3	Length of maternity leave	63	Length of maternity leave	50	Bangladesh	BGD	89.17660788	22.86961622	Central and Southern Asia	2017	13	At least 14 weeks	16	WK	Weeks	Compulsory: Employers are prohibited from knowingly employing a woman in his establishment and women are prohibited from working in any establishment during the eight weeks immediately following the day of her delivery. Entitlement: Maternity leave may commence at any time within 8 weeks of the expected day of delivery and must continue for a period of 8 weeks following the day of delivery.	2017
56	3	Length of maternity leave	63	Length of maternity leave	8	Albania	ALB	20.06660928	41.13897007	Europe and Northern America	2017	13	At least 14 weeks	52	WK	Weeks	Compulsory: Pregnant women must not work 35 days before the expected date of giving birth and 42 days after giving birth. When the woman is pregnant with more than one baby the first period becomes 60 days. After the period of 42 days following delivery the woman shall decide whether she wants to work or benefit from social security. Entitlement: 365 calendar days including a minimum of 35 days prior to and 42 days after childbirth.	2017
56	3	Length of maternity leave	63	Length of maternity leave	20	Andorra	AND	1.576257417	42.54548611	Europe and Northern America	2017	13	At least 14 weeks	16	WK	Weeks		2017
56	3	Length of maternity leave	63	Length of maternity leave	36	Australia	AUS	134.3499412	-25.57717202	Australia and New Zealand	2017	13	At least 14 weeks	52	WK	Weeks	Compulsory: Female employees may be required to take unpaid leave within 6 weeks prior to the expected birth of a child if she is certified as unfit for work or fails to provide a medical certificate when asked to do so by her employer. Entitlement: Employees who qualify for unpaid parental leave are entitled to 12 months’ leave less any period of special maternity leave taken by the mother during the pregnancy. Where the employee is a member of an employee couple the length of the employee’s entitlement will also be reduced by any extension period taken by the employee’s partner under s76 of the Fair Work Act. A birth mother’s period of parental leave is to commence up to 6 weeks before the expected date of birth and no later than the actual date of birth of the child. Parental leave is to be taken as a single continuous period of leave. The only exception to this rule is where a couple exercises the right to take up to 3 weeks of concurrent parental leave at the time of the birth. In such cases one employee may take part of his or her unpaid parental leave entitlement within 3 weeks’ of the child’s birth and recommence his or her leave when his or her partner returns to work.	2017
56	3	Length of maternity leave	63	Length of maternity leave	40	Austria	AUT	14.14172472	47.58704857	Europe and Northern America	2017	13	At least 14 weeks	16	WK	Weeks	Compulsory: Pregnant women must not work during the last eight weeks immediately prior to the presumed date of confinement (eight-week period). Employees must not be employed during a period of eight weeks following childbirth. In the case of premature births multiple births or Caesarian section births this period shall be at least twelve weeks. If the portion of the eight-week period (Section 3 Para. 1) prior to childbirth was shorter the missing time shall be added to the maternity leave period (Schutzfrist) after childbirth which must however not exceed 16 weeks. Employees must not perform work listed under Section 4 Para. 2 nos. 1 2 3 4 8 9 12 and 13 during a period of twelve weeks after childbirth. Entitlement: Pregnant women must not work during the last eight weeks immediately prior to the presumed date of confinement (eight-week period). The eight-week period (Para. 1) has to be calculated on the basis of a medical certificate. When the date of confinement occurs earlier or later than stated in the certificate the period shall be shortened or extended accordingly. Employees must not work during a period of eight weeks following childbirth. In the case of premature births multiple births or Caesarian section births this period shall be at least twelve weeks. If the portion of the eight-week period (Section 3 Para. 1) prior to childbirth was shorter the missing time shall be added to the maternity leave period (Schutzfrist) after childbirth which must however not exceed 16 weeks.	2017
56	3	Length of maternity leave	63	Length of maternity leave	56	Belgium	BEL	4.660976456	50.64104975	Europe and Northern America	2017	13	At least 14 weeks	15	WK	Weeks	Compulsory: Employment is prohibited during the seven days before the expected date of birth and the nine weeks following it. Entitlement: The duration of the maternity leave shall comprise the six weeks before (eight in the case of multiple birth) and nine weeks after the expected date of birth. If the birth occurs after the expected date the leave is extended to the actual date of the birth. Under certain conditions new mothers have the option of converting the last two weeks of maternity leave to rest days that they can take intermittently during the eight week period after they return to work. However in the case of a premature birth postnatal leave is reduced by the number of days worked within the period of seven days before the date of birth (i.e. the seven days before the birth are forfeited if the woman has not be able to take any of these days because of a premature birth and her maternity leave may not be longer than 15 weeks). Maternity leave is taken in one continuous period. However if the newborn child has to remain in the hospital for more than eight weeks after birth maternity leave may be interrupted until the child leaves the hospital to enter the household.	2017
56	3	Length of maternity leave	63	Length of maternity leave	70	Bosnia and Herzegovina	BIH	17.78584332	44.16845548	Europe and Northern America	2017	13	At least 14 weeks	52	WK	Weeks	Compulsory: Federation of Bosnia and Herzegovina: A woman may not take shorter maternity leave than 42 days following the birth of the child. Republic of Srpska: A woman may not start work before 60 days have expired after childbirth. District of Brcko: 7 days before the presumed date of confinement and 42 days after childbirth. Entitlement: Federation of Bosnia and Herzegovina/Republic of Srpska: 365 days (one year). A woman may start maternity leave 28 days prior to the expected date of birth of the child. District of Brcko: 12 consecutive months. The leave may start 28 days before the presumed date of confinement.	2017
56	3	Length of maternity leave	63	Length of maternity leave	100	Bulgaria	BGR	25.23763153	42.75731323	Europe and Northern America	2017	13	At least 14 weeks	32	WK	Weeks	Compulsory: 45 days must be used before giving birth. Entitlement: The pregnancy and childbirth leave amounts to 227 days for each child (until the child is 6 months of age).	2017
56	3	Length of maternity leave	63	Length of maternity leave	112	Belarus	BLR	28.04940161	53.54193075	Europe and Northern America	2017	13	At least 14 weeks	18	WK	Weeks	Entitlement: The duration of maternity leave shall be 70 calendar days for prenatal leave and 56 calendar days for postnatal leave.	2017
56	3	Length of maternity leave	63	Length of maternity leave	124	Canada	CAN	-101.6575058	57.72360191	Europe and Northern America	2017	13	At least 14 weeks	17	WK	Weeks	Compulsory: Ontario. Six weeks after the birth still-birth or miscarriage for employees who are not taking parental leave. Entitlement: General total duration - Federal: 17 weeks. The leave may not begin earlier than 11 weeks before the birth or end later than 17 weeks after the date of birth. Furthermore a woman is entitled to an unpaid leave of absencess until the end of the 24th week following birth. Ontario: 17 weeks. The employee shall begin her leave not earlier than 17 weeks before her expected date of delivery or than the date of giving birth whichever is earlier and not later than the expected or actual date of delivery whichever is earlier. Quebec: 18 weeks. The employee may spread the maternity leave as she wishes before or after the expected date of delivery. However the maternity leave shall not begin before the sixteenth week preceding the expected date of delivery and shall not end later than 18 weeks after the week of delivery. However where the maternity leave begins on the week of delivery that week shall not be taken into account in calculating the maximum period of 18 consecutive weeks.	2017
56	3	Length of maternity leave	63	Length of maternity leave	191	Croatia	HRV	17.95874553	45.45172212	Europe and Northern America	2017	13	At least 14 weeks	59	WK	Weeks	Compulsory: A female worker is obliged to take maternity leave in the period from 28 days before the childbirth until the child is six months of age (mandatory maternity leave). The right to mandatory maternity leave is to be exercised without interruptions. As an exception a woman may at her own request begin to work before her child is 6 months old but not before 42 days have elapsed since the childbirth. Entitlement: 45 days before the expected date of childbirth until the first birthday of the child.	2017
56	3	Length of maternity leave	63	Length of maternity leave	196	Cyprus	CYP	33.22285964	35.05659437	Northern Africa and Western Asia	2017	13	At least 14 weeks	18	WK	Weeks	Compulsory: The employee has the obligation to take 9 weeks of maternity leave starting with the second week before the expected delivery. Entitlement: 18 weeks.	2017
56	3	Length of maternity leave	63	Length of maternity leave	203	Czechia	CZE	15.33151382	49.73913871	Europe and Northern America	2017	13	At least 14 weeks	28	WK	Weeks	Compulsory: at the beginning of the sixth week before the expected childbirth (confinement). Entitlement: 28 weeks.	2017
56	3	Length of maternity leave	63	Length of maternity leave	208	Denmark	DNK	9.326571283	56.03829721	Europe and Northern America	2017	13	At least 14 weeks	18	WK	Weeks	Compulsory: Two weeks after delivery. Entitlement: 18 weeks (4 weeks before and 14 weeks after birth).	2017
56	3	Length of maternity leave	63	Length of maternity leave	233	Estonia	EST	25.84093481	58.68487172	Europe and Northern America	2017	13	At least 14 weeks	20	WK	Weeks	Entitlement: 140 calendar days (up to 70 calendar days before the estimated date of delivery as determined by a doctor).	2017
56	3	Length of maternity leave	63	Length of maternity leave	246	Finland	FIN	23.308447	61.91586738	Europe and Northern America	2017	13	At least 14 weeks	15	WK	Weeks	Compulsory: Female employees have the right to maternity leave for the period a maternity cash benefit is paid under the Health Insurance Act. The female employee can go on maternity leave 50 days before the due date at the earliest and 30 days before the due date at the latest. Women can choose by themselves when to go on maternity leave. Entitlement: 105 working days which may be taken for up to a maximum of 50 days before and a minimum of 30 days after confinement.	2017
56	3	Length of maternity leave	63	Length of maternity leave	250	France	FRA	2.457288129	46.62660861	Europe and Northern America	2017	13	At least 14 weeks	16	WK	Weeks	Compulsory: Eight weeks of the maternity leave are compulsory of which at least 6 weeks must be taken after childbirth. Entitlement: 6 weeks before and 10 weeks after the expected date of birth. At her request and if her state of health as certified by a medical practitioner allows it the woman may reduce the prenatal leave with up to 3 weeks with a corresponding increase of postnatal leave. In case of twin births prenatal leave is extended to 12 weeks and postnatal leave to 22 weeks. For other multiple births prenatal leave is extended to 24 weeks and postnatal leave to 22 weeks. The distribution of leave in the case of a twin birth may be altered by increasing the prenatal and reducing the postnatal leave with up to 4 weeks or by reducing the prenatal leave with up to 3 weeks with a corresponding increase of postnatal leave. For the third and each subsequent child (if the woman already has two or more children or if her household is in charge of two or more children) the duration is extended to 8 weeks before and 18 weeks after the expected date of birth. The 8 weeks’ period of prenatal leave may be extended by two weeks with a corresponding reduction of postnatal leave. If a woman who benefits from a reduction of her prenatal leave is granted a sick-leave during this period the reduction of her prenatal leave will be cancelled with a corresponding reduction of postnatal leave. When confinement occurs before the expected date the maternity leave entitlement is retained for the full period.	2017
56	3	Length of maternity leave	63	Length of maternity leave	276	Germany	DEU	10.3806066	51.08862743	Europe and Northern America	2017	13	At least 14 weeks	14	WK	Weeks	Compulsory: Pregnant workers may not work in the final 6 weeks before delivery unless the worker explicitly declares herself willing to work; this declaration may be revoked at any time. Entitlement: 14 weeks (6 prenatal and 8 postnatal).	2017
56	3	Length of maternity leave	63	Length of maternity leave	300	Greece	GRC	22.58307827	39.47301873	Europe and Northern America	2017	13	At least 14 weeks	17	WK	Weeks	Compulsory: 8 weeks before and 9 weeks after confinement. Entitlement: 17 weeks.	2017
56	3	Length of maternity leave	63	Length of maternity leave	348	Hungary	HUN	19.41221519	47.1651448	Europe and Northern America	2017	13	At least 14 weeks	24	WK	Weeks	Compulsory: In the absence of an agreement to the contrary maternity leave shall be allocated so as to commence four weeks prior to the expected time of birth. Entitlement: Twenty-four weeks.	2017
56	3	Length of maternity leave	63	Length of maternity leave	372	Ireland	IRL	-7.121425272	53.25274054	Europe and Northern America	2017	13	At least 14 weeks	26	WK	Weeks	Compulsory: Two weeks before and four weeks after the end of the expected week of confinement. Entitlement: 26 consecutive weeks plus 16 weeks unpaid maternity leave after confinement. Maternity leave may in general commence or end on any day selected by the female employee (but see ’compulsory leave’). In the event of the death of the mother before the end of the 24th week following the week of confinement the father has certain rights.	2017
56	3	Length of maternity leave	63	Length of maternity leave	376	Israel	ISR	34.62277992	31.06164552	Northern Africa and Western Asia	2017	13	At least 14 weeks	14	WK	Weeks	Compulsory: 3 weeks after delivery. Entitlement: For a woman entitled to full maternity allowance (see qualifying conditions): 14 weeks or 17 weeks for twins and extended by three weeks for the third and each subsequent child. For women who are entiled to partial maternity allowance: 7 weeks extended by 3 weeks for each subsequent child.	2017
56	3	Length of maternity leave	63	Length of maternity leave	380	Italy	ITA	12.57022427	42.79917282	Europe and Northern America	2017	13	At least 14 weeks	22	WK	Weeks	Compulsory: 5 months (2 months before and 3 after confinement). Entitlement: 5 months: 2 months before and 3 months after the expected date of birth or if allowed by a medical certificate 1 month before and 4 months after the expected date of birth. This 5 month period of leave is compulsory.	2017
56	3	Length of maternity leave	63	Length of maternity leave	392	Japan	JPN	139.2716103	36.6554539	Eastern and South-Eastern Asia	2017	13	At least 14 weeks	14	WK	Weeks	Compulsory: An employer must not have a woman work within 8 weeks after childbirth except where the worker asks to return after 6 weeks and provides medical certification of the work activities which will have no adverse effect on her. Entitlement: Normally women may take up to 14 weeks’ leave commencing up to 6 weeks prior to the anticipated date of birth and finishing 8 weeks after childbirth. However women carrying multiple fetuses may commence the period of maternity leave up to 14 weeks prior to the anticipated date of birth. In such cases the total maternity leave entitlement is a period of up to 22 weeks.	2017
56	3	Length of maternity leave	63	Length of maternity leave	428	Latvia	LVA	26.42461876	56.64196636	Europe and Northern America	2017	13	At least 14 weeks	16	WK	Weeks	Compulsory: Two weeks prior to to the expected birth and two weeks after childbirth as certified by a doctor’s opinion. Entitlement: 112 days (up to 56 days prior to the expected birth).	2017
56	3	Length of maternity leave	63	Length of maternity leave	440	Lithuania	LTU	23.90517807	55.33680309	Europe and Northern America	2017	13	At least 14 weeks	18	WK	Weeks	Entitlement: 126 consecutive days (70 calendar day before and 56 calendar days after childbirth).	2017
56	3	Length of maternity leave	63	Length of maternity leave	442	Luxembourg	LUX	6.092656563	49.77679538	Europe and Northern America	2017	13	At least 14 weeks	16	WK	Weeks	Compulsory: Women shall not work during the 8 weeks preceding the expected date of birth and the 8 weeks after birth. In case of premature birth the part of prenatal leave that has not been taken shall be added to the postnatal leave. If the birth occurs after the expected date the compulsory prenatal leave shall be extended until the date of birth without any reduction of the postnatal leave. Entitlement: 16 weeks.	2017
56	3	Length of maternity leave	63	Length of maternity leave	470	Malta	MLT	14.44617519	35.89194275	Europe and Northern America	2017	13	At least 14 weeks	14	WK	Weeks	Compulsory: 6 weeks to be taken after the date of confinement. Entitlement: 14 weeks. The Maternity leave shall be taken as follows: 6 weeks compulsorily immediately after the date of confinement 4 weeks before the expected date of confinement unless otherwise agreed between the employer and the employee and the remaining weeks before or after the confinement as the employee may request.	2017
56	3	Length of maternity leave	63	Length of maternity leave	492	Monaco	MCO	7.424214814	43.73532918	Europe and Northern America	2017	13	At least 14 weeks	16	WK	Weeks		2017
56	3	Length of maternity leave	63	Length of maternity leave	498	Republic of Moldova	MDA	28.4650624	47.20236795	Europe and Northern America	2017	13	At least 14 weeks	18	WK	Weeks	Entitlement: Women employees and women apprentices and also the wives in the care of the employees are granted maternity leave including prenatal leave with a duration of 70 calendar days and postnatal leave with a duration of 56 calendar days.	2017
56	3	Length of maternity leave	63	Length of maternity leave	499	Montenegro	MNE	19.25214024	42.78717043	Europe and Northern America	2017	13	At least 14 weeks	52	WK	Weeks		2017
56	3	Length of maternity leave	63	Length of maternity leave	528	Netherlands	NLD	5.331480568	51.86728884	Europe and Northern America	2017	13	At least 14 weeks	16	WK	Weeks	Compulsory: 4 weeks prenatal leave (28 days prolonged by the period that passes between the expected and the actual date of delivery) and 42 days postnatal leave. Entitlement: 16 weeks - 6 weeks before the day following the expected date of delivery as indicated on a written declaration from a doctor or midwife and 10 weeks following the delivery plus the number of days by which the prenatal leave has amounted to less than 6 weeks.	2017
56	3	Length of maternity leave	63	Length of maternity leave	554	New Zealand	NZL	170.4755673	-43.98721568	Australia and New Zealand	2017	13	At least 14 weeks	14	WK	Weeks	Compulsory: An employer may direct a pregnant employee to commence her maternity leave on such date as the employer appoints if: (a) by reason of pregnancy the employee is unable to perform her work to the safety of herself or others or is incapable of performing her work adequately; and (b) no other suitable work is available. No other provisions contemplating compulsory leave identified. Entitlement: Maternity leave must be taken in 1 continuous period not exceeding 14 weeks.	2017
56	3	Length of maternity leave	63	Length of maternity leave	578	Norway	NOR	11.47846389	61.34311134	Europe and Northern America	2017	13	At least 14 weeks	18	WK	Weeks	Compulsory: Six weeks after confinement. The mother may return to work before six weeks if she obtains a medical certificate attesting her fitness to resume work. Entitlement: Parents have the right to 12 months (52 weeks) parental leave altogether of which the mother must take 6 weeks postnatal leave and may take 12 weeks prenatal (see: parental leave).	2017
56	3	Length of maternity leave	63	Length of maternity leave	616	Poland	POL	19.40660158	52.1226733	Europe and Northern America	2017	13	At least 14 weeks	20	WK	Weeks	Entitlement: 20 weeks.	2017
56	3	Length of maternity leave	63	Length of maternity leave	620	Portugal	PRT	-7.961599811	39.68509315	Europe and Northern America	2017	13	At least 14 weeks	17	WK	Weeks	Compulsory: 6 weeks after confinement. Entitlement: Leave is minimum 120 days but can rise up to 150 days for multiple births.	2017
56	3	Length of maternity leave	63	Length of maternity leave	642	Romania	ROU	24.98481009	45.83893563	Europe and Northern America	2017	13	At least 14 weeks	18	WK	Weeks	Compulsory: 42 days. Entitlement: 126 calendar days (63 days before and 63 days after confinement).	2017
56	3	Length of maternity leave	63	Length of maternity leave	643	Russian Federation	RUS	99.01404926	61.61899849	Europe and Northern America	2017	13	At least 14 weeks	20	WK	Weeks	Entitlement: 140 days (70 days prenatal and 70 days postnatal leave).	2017
56	3	Length of maternity leave	63	Length of maternity leave	674	San Marino	SMR	12.46329038	43.93841766	Europe and Northern America	2017	13	At least 14 weeks	22	WK	Weeks	Entitlement: 5 months.	2017
56	3	Length of maternity leave	63	Length of maternity leave	688	Serbia	SRB	20.805876	44.03145697	Europe and Northern America	2017	13	At least 14 weeks	52	WK	Weeks	Entitlement: An employed woman is entitled to leave for pregnancy and childbirth as well as leave for child care the total duration of 365 days. She may start her maternity leave pursuant to advice of a competent medical authority 45 days before the delivery term at the earliest and 28 days at the latest. Maternity leave shall last until three months after the childbirth. An employed woman upon expiry of maternity leave is entitled to leave for childcare to expiry of 365 days after the outset of the maternity leave.	2017
56	3	Length of maternity leave	63	Length of maternity leave	703	Slovakia	SVK	19.48495604	48.70741446	Europe and Northern America	2017	13	At least 14 weeks	28	WK	Weeks	Compulsory: 14 weeks altogether 6 weeks of which have to be granted after birth. Entitlement: 28 weeks (in general 6 weeks prior to confinement but not earlier than 8 weeks prior). If the women draws less than 6 weeks prior to confinement for another reasons than birth occurring earlier than determined by a physician postnatal leave is granted for 22 weeks only.	2017
56	3	Length of maternity leave	63	Length of maternity leave	705	Slovenia	SVN	14.82209486	46.11958061	Europe and Northern America	2017	13	At least 14 weeks	15	WK	Weeks	Compulsory: The mother must use at least 28 days of the maternity leave before giving birth. Entitlement: 105 days. Maternity leave may begin up to 45 days prior to giving birth (based on a certificate issued by the appropriate medical authority).	2017
56	3	Length of maternity leave	63	Length of maternity leave	724	Spain	ESP	-3.554078296	40.39211472	Europe and Northern America	2017	13	At least 14 weeks	16	WK	Weeks	Compulsory: 6 weeks after birth. Entitlement: The general total duration of maternity leave is 16 consecutive weeks.	2017
56	3	Length of maternity leave	63	Length of maternity leave	752	Sweden	SWE	14.3775338	60.60103109	Europe and Northern America	2017	13	At least 14 weeks	14	WK	Weeks	Compulsory: Two of the fourteen weeks of maternity leave are compulsary. Entitlement: Fourteen weeks (seven before and seven after the expected date of birth).	2017
56	3	Length of maternity leave	63	Length of maternity leave	756	Switzerland	CHE	8.223158	46.96617097	Europe and Northern America	2017	13	At least 14 weeks	14	WK	Weeks	Compulsory: A woman is prohibited from working during eight weeks after the birth of her child. Entitlement: 14 weeks to be taken in one block. No extension provided for multiple births. Employers in principle may not reduce a woman's annual leave. However annual leave may be reduced by one-twelfth for each full month of absence if she has been prevented from doing her work for more than two months because of pregnancy. Maternity leave is regulated on a federal level however the cantonal laws can provide better conditions. This is the case in the Canton of Geneva where maternity leave is payable for 16 weeks. Female workers employed by the Swiss Confederation are entitled to 98 days up to one year of service and at least four months if the woman has completed a year of service.	2017
56	3	Length of maternity leave	63	Length of maternity leave	804	Ukraine	UKR	31.40270802	49.00735945	Europe and Northern America	2017	13	At least 14 weeks	18	WK	Weeks	Entitlement: 126 calendar days (70 days before and 56 days after childbirth).	2017
56	3	Length of maternity leave	63	Length of maternity leave	807	North Macedonia	MKD	21.7007909	41.60048068	Europe and Northern America	2017	13	At least 14 weeks	39	WK	Weeks		2017
56	3	Length of maternity leave	63	Length of maternity leave	826	United Kingdom of Great Britain and Northern Ireland	GBR	-2.23830539	53.27691757	Europe and Northern America	2017	13	At least 14 weeks	52	WK	Weeks	Compulsory: No less than two weeks after childbirth. Entitlement: Up to one year (52 consecutive weeks).	2017
56	3	Length of maternity leave	63	Length of maternity leave	831	Guernsey	GGY	-2.200712402	49.71561166	Europe and Northern America	2017	13	At least 14 weeks	18	WK	Weeks		2017
56	3	Length of maternity leave	63	Length of maternity leave	832	Jersey	JEY	-2.136773508	49.22353354	Europe and Northern America	2017	13	At least 14 weeks	18	WK	Weeks		2017
56	3	Length of maternity leave	63	Length of maternity leave	833	Isle of Man	IMN	-4.538190305	54.22880901	Europe and Northern America	2017	13	At least 14 weeks	26	WK	Weeks		2017
56	3	Length of maternity leave	63	Length of maternity leave	12	Algeria	DZA	2.678164227	28.15940032	Northern Africa and Western Asia	2017	13	At least 14 weeks	14	WK	Weeks	Compulsory: At least one week before confinement. Entitlement: The daily benefit conceeded to the female worker due for maternity leave shall be given for the period in which she has interrupted work that is up to 14 weeks. The pregnant worker has to stop working before the date of birth determined by a medical certificate. However this period cannot be inferior to one week.	2017
56	3	Length of maternity leave	63	Length of maternity leave	434	Libya	LBY	18.0295985	27.04042819	Northern Africa and Western Asia	2017	13	At least 14 weeks	14	WK	Weeks	Compulsory: 6 weeks after confinement. Entitlement: 14 weeks.	2017
56	3	Length of maternity leave	63	Length of maternity leave	504	Morocco	MAR	-6.281942841	31.8440131	Northern Africa and Western Asia	2017	13	At least 14 weeks	14	WK	Weeks	Compulsory: Pregnant workers cannot be occupied with work in the seven consecutive weeks after the birth. Entitlement: The pregnant worker whose pregancy has been previously attested by a doctor has the right to 14 weeks of maternity leave unless the labour contracts the collective agreement or internal regulations establishes more favourable conditions. The female worker has the right to suspend her labour contract for a period starting 7 weeks before the birth up to 7 weeks after it. In order to raise her child the working mother can in agreement with her employer be conceeded one year of non-paid maternity leave.	2017
56	3	Length of maternity leave	63	Length of maternity leave	120	Cameroon	CMR	12.7419827	5.692387031	Sub-Saharan Africa	2017	13	At least 14 weeks	14	WK	Weeks	Compulsory: Without prejudice to article 91 of the Labour Code a pregnant woman cannot be employed during the period of 4 weeks preceeding the birth subject to her having attested her state to her employer. This prohibition applys also for the period of 6 weeks after the birth. Entitlement: Every pregnant woman is entitled to maternity leave for a period of 14 weeks starting 4 weeks before the birth. This leave can be extended in 6 weeks in case of illness duly attested and resulting either from the birth or the pregnancy. During the period of maternity leave the employer cannot terminate the employment contract of the woman.	2017
56	3	Length of maternity leave	63	Length of maternity leave	140	Central African Republic	CAF	20.93559492	7.003720791	Sub-Saharan Africa	2017	13	At least 14 weeks	14	WK	Weeks	Compulsory: In any case no woman is authorized to work during the period of 06 weeks before the birth and 08 weeks after the birth. Entitlement: In the event of pregnancy every woman is entitled to the right to the suspend work for a period of 14 weeks being 06 weeks before the birth and 08 weeks after the birth. This period of suspension cannot be considered as cause of contract breaking.	2017
56	3	Length of maternity leave	63	Length of maternity leave	148	Chad	TCD	18.66618401	15.36279341	Sub-Saharan Africa	2017	13	At least 14 weeks	14	WK	Weeks	Compulsory: The employer cannot require a pregnant woman to work during the 4 weeks before the presumed date of birth nor during the 6 weeks after the birth. Entitlement: Without prejudice to that stated in art. 107 the woman has the right to suspend her employment contract during a period of 6 weeks before the presumed date of birth and 8 weeks after the birth.	2017
56	3	Length of maternity leave	63	Length of maternity leave	174	Comoros	COM	43.34234565	-11.66121732	Sub-Saharan Africa	2017	13	At least 14 weeks	14	WK	Weeks	Compulsory: 8 weeks: In the case of pregnancy every woman has the right to suspend work for the period of 14 consecutive weeks 8 of which have to be taken after the birth. Entitlement: In the case of pregnancy every woman has the right to suspend work for the period of 14 consecutive weeks 8 of which have to be taken after the birth. This period can be extended up to 3 weeks in case of duly attested illness resulting either from the pregnancy or the birth. This suspension cannot be considered as cause for the termination of the employment contract.	2017
56	3	Length of maternity leave	63	Length of maternity leave	178	Congo	COG	15.22052612	-0.840544119	Sub-Saharan Africa	2017	13	At least 14 weeks	15	WK	Weeks	Compulsory: When of the birth and without having this interruption of work considered a cause for the termination of the contract every woman is entitled to interrupt work for a period of 15 consecutive weeks being 9 taken after the birth. Entitlement: When of the birth and without having this interruption of work considered a cause for the termination of the contract every woman is entitled to interrupt work for a period of 15 consecutive weeks being 9 taken after the birth. This interruption can be extended to another 3 weeks in cases of attested disease resulting from the pregancy.	2017
56	3	Length of maternity leave	63	Length of maternity leave	180	Democratic Republic of the Congo	COD	23.65496507	-2.877154732	Sub-Saharan Africa	2017	13	At least 14 weeks	14	WK	Weeks	Compulsory: 8 Weeks post-natal and 6 weeks pre-natal. Entitlement: When of the birth and without having the interruption of work considered a cause for the termination of the contract every woman has the right to suspend her work for a period of 14 weeks being 8 weeks necessarily taken after the birth and 6 weeks before it.	2017
56	3	Length of maternity leave	63	Length of maternity leave	204	Benin	BEN	2.339933594	9.65401646	Sub-Saharan Africa	2017	13	At least 14 weeks	14	WK	Weeks	Compulsory: six weeks before the probable date of confinement and eight weeks after childbirth. Entitlement: 14 weeks.	2017
56	3	Length of maternity leave	63	Length of maternity leave	262	Djibouti	DJI	42.18274707	11.56004161	Sub-Saharan Africa	2017	13	At least 14 weeks	14	WK	Weeks	Compulsory: Every pregnant woman is entitled to maternity leave which must start 8 weeks before the birth and finishes 6 weeks after the birth. Entitlement: Every pregnant woman is entitled to maternity leave which must start 8 weeks before the birth and finishes 6 weeks after the birth.	2017
56	3	Length of maternity leave	63	Length of maternity leave	266	Gabon	GAB	11.78727747	-0.60687619	Sub-Saharan Africa	2017	13	At least 14 weeks	14	WK	Weeks	Compulsory: The pregnant woman is entitled because of her pregnancy to maternity leave of 14 weeks being 6 weeks before the birth and 8 weeks after the birth. Entitlement: The pregnant woman is entitled because of her pregnancy to maternity leave of 14 weeks being 6 weeks before the birth and 8 weeks after the birth.	2017
56	3	Length of maternity leave	63	Length of maternity leave	324	Guinea	GIN	-11.28173419	11.00210343	Sub-Saharan Africa	2017	13	At least 14 weeks	14	WK	Weeks	Compulsory: 6 weeks before the expected date of confinement and 8 weeks after the delivery. Entitlement: 14 weeks ( 6 weeks before and 8 weeks after confinement).	2017
56	3	Length of maternity leave	63	Length of maternity leave	384	Côte d'Ivoire	CIV	-5.552690016	7.62211586	Sub-Saharan Africa	2017	13	At least 14 weeks	14	WK	Weeks	Entitlement: In view of the state of pregnancy and without such state being a reason for dimissal every woman has the right to suspend work for a period of 14 consecutive weeks from which 8 have to be taken after the birth. This suspension can be extended up to another 3 weeks in case of illness duly medically certified arising from the pregnancy or the birth.	2017
56	3	Length of maternity leave	63	Length of maternity leave	450	Madagascar	MDG	46.6982339	-19.38514785	Sub-Saharan Africa	2017	13	At least 14 weeks	14	WK	Weeks	Compulsory: Every female worker has the right to interrupt her work for the period of 14 consecutive weeks when constated the state of pregnancy. From this period at least 08 weeks has to be taken after the birth. This interruption cannot be taken as motive for breaking a labour contract. Entitlement: Fourteen consecutive weeks including eight weeks following confinement.	2017
56	3	Length of maternity leave	63	Length of maternity leave	466	Mali	MLI	-3.522016039	17.35311254	Sub-Saharan Africa	2017	13	At least 14 weeks	14	WK	Weeks	Compulsory: Six weeks before the birth. Every pregnant woman is entitled to maternity leave for a period of 14 weeks. This leave shall start 6 weeks before the presumed date of birth. Entitlement: Every pregnant woman is entitled to maternity leave for a period of 14 weeks. This leave shall start 6 weeks before the presumed date of birth. If birth happens before the presumed date the leave shall be extended until it reaches 14 weeks.	2017
56	3	Length of maternity leave	63	Length of maternity leave	478	Mauritania	MRT	-10.33187259	20.26089546	Sub-Saharan Africa	2017	13	At least 14 weeks	14	WK	Weeks	Compulsory: 8 weeks. Entitlement: In virtue of the pregnancy every woman is entitled to maternity leave for the period of 14 consecutive week of which 8 weeks shall be taken after the birth. The duration of 8 weeks after the birth is irreducible no matter when the birth takes place. This interruption of work cannot be considered as cause for the termination of employment.	2017
56	3	Length of maternity leave	63	Length of maternity leave	562	Niger	NER	9.400167877	17.42143036	Sub-Saharan Africa	2017	13	At least 14 weeks	14	WK	Weeks	Compulsory: Six weeks after confinement. Entitlement: Fourteen consecutive weeks eight of which to be taken after the confinement.	2017
56	3	Length of maternity leave	63	Length of maternity leave	686	Senegal	SEN	-14.46636926	14.35920905	Sub-Saharan Africa	2017	13	At least 14 weeks	14	WK	Weeks	Compulsory: 14 weeks (6 weeks before and 8 weeks after the delivery).	2017
56	3	Length of maternity leave	63	Length of maternity leave	690	Seychelles	SYC	55.46561591	-4.678053059	Sub-Saharan Africa	2017	13	At least 14 weeks	14	WK	Weeks	Compulsory: Fourteen weeks twelve of which must be taken after confinement. Entitlement: Fourteen weeks of which not less than 12 weeks to be taken after confinement.	2017
56	3	Length of maternity leave	63	Length of maternity leave	706	Somalia	SOM	46.20367477	4.406485729	Sub-Saharan Africa	2017	13	At least 14 weeks	14	WK	Weeks	Compulsory: Six weeks after confinement. Entitlement: Fourteen weeks of which at least six weeks to be taken after confinement.	2017
56	3	Length of maternity leave	63	Length of maternity leave	710	South Africa	ZAF	24.67184355	-29.99957544	Sub-Saharan Africa	2017	13	At least 14 weeks	17	WK	Weeks	Compulsory: Six weeks after confinement unless a medical practitioner or midwife certifies that she is fit to return to work. Entitlement: At least four consecutive months.	2017
56	3	Length of maternity leave	63	Length of maternity leave	716	Zimbabwe	ZWE	29.86909584	-19.00075492	Sub-Saharan Africa	2017	13	At least 14 weeks	14	WK	Weeks	Compulsory: At least 21 days before confinement. Entitlement: 98 days of paid maternity leave.	2017
56	3	Length of maternity leave	63	Length of maternity leave	768	Togo	TGO	0.97835765	8.532096072	Sub-Saharan Africa	2017	13	At least 14 weeks	14	WK	Weeks	Compulsory: The worker shall take 6 weeks of maternity leave after the confinement. Entitlement: The worker is entitled to 14 weeks of maternity leave.	2017
56	3	Length of maternity leave	63	Length of maternity leave	854	Burkina Faso	BFA	-1.742843829	12.27491081	Sub-Saharan Africa	2017	13	At least 14 weeks	14	WK	Weeks	Compulsory: The employer cannot even with his/her agreement employ the woman during the first six weeks after childbirth. Entitlement: A pregnant woman has the right to suspend her work according to a medical opinion without this interruption of service being regarded as a cause of breach of contract. A pregnant woman is entitled to a maternity leave of 14 weeks starting at the earliest 8 weeks and at the latest 4 weeks before the expected date of delivery regardless of whether the child was born alive or not.	2017
56	3	Length of maternity leave	63	Length of maternity leave	76	Brazil	BRA	-53.08432878	-10.77668561	Latin America and the Caribbean	2017	13	At least 14 weeks	17	WK	Weeks	Entitlement: 120 days or 180 days (it is optional for private companies to grant the additional 60 days).	2017
56	3	Length of maternity leave	63	Length of maternity leave	84	Belize	BLZ	-88.70199554	17.19965901	Latin America and the Caribbean	2017	13	At least 14 weeks	14	WK	Weeks	Compulsory: 2 weeks before and 7 weeks after the expected date of confinement are mandatory. Entitlement: 14 weeks (seven weeks before and seven weeks after confinement).	2017
56	3	Length of maternity leave	63	Length of maternity leave	152	Chile	CHL	-71.23029019	-35.2652885	Latin America and the Caribbean	2017	13	At least 14 weeks	18	WK	Weeks	Compulsory: 18 weeks (six weeks before and twelve weeks after confinement). Entitlement: 18 weeks (six weeks before and 12 weeks after confinement). In case of multiple births the paid leave will be extended for 7 more days for each child after the second one.	2017
56	3	Length of maternity leave	63	Length of maternity leave	170	Colombia	COL	-73.07446751	3.888209046	Latin America and the Caribbean	2017	13	At least 14 weeks	14	WK	Weeks	Compulsory: a week before confinement. Entitlement: Fourteen weeks. Two weeks before and 12 after confinement.	2017
56	3	Length of maternity leave	63	Length of maternity leave	188	Costa Rica	CRI	-84.19712782	9.970998683	Latin America and the Caribbean	2017	13	At least 14 weeks	17	WK	Weeks	Compulsory: The worker has to enjoy maternity leave scheduled as one month before and three months following confinement. Entitlement: The worker is entitled to enjoy 4 months in total of maternity leave.	2017
56	3	Length of maternity leave	63	Length of maternity leave	192	Cuba	CUB	-79.54460144	22.10030366	Latin America and the Caribbean	2017	13	At least 14 weeks	18	WK	Weeks	Compulsory: A pregnant woman shall stop working at 34 weeks of pregnancy or 32 weeks in case of multiple pregnancy. Entitlement: The female worker shall enjoy a maternity leave period before and after confinement with a total duration of 18 weeks during which the labour relation is suspended but the worker maintains her vacancy and salary.	2017
56	3	Length of maternity leave	63	Length of maternity leave	591	Panama	PAN	-81.26616623	8.450965746	Latin America and the Caribbean	2017	13	At least 14 weeks	14	WK	Weeks	Compulsory: Six weeks before confinement. Entitlement: 14 weeks (six weeks before and eight weeks after confinement).	2017
56	3	Length of maternity leave	63	Length of maternity leave	862	Venezuela (Bolivarian Republic of)	VEN	-66.15642084	7.121324748	Latin America and the Caribbean	2017	13	At least 14 weeks	26	WK	Weeks	Compulsory: The duration of Maternity leave (18 weeks) is compulsory. The total duration can be enjoyed after confinement. Entitlement: The worker is entitled to a maternity leave of 18 weeks (6 weeks before and 12 weeks after confinement).	2017
56	3	Length of maternity leave	63	Length of maternity leave	31	Azerbaijan	AZE	50.01064725	40.39229544	Northern Africa and Western Asia	2017	13	At least 14 weeks	18	WK	Weeks	Entitlement: 126 calendar days (70 calendar days prenatal and 56 calendar days postnatal leave).	2017
56	3	Length of maternity leave	63	Length of maternity leave	51	Armenia	ARM	44.93839317	40.29499741	Northern Africa and Western Asia	2017	13	At least 14 weeks	20	WK	Weeks	Compulsory: Maternity leave is compulsory 70 days before confinement and at least 70 days after. Entitlement: The total duration of maternity leave is 140 calendar days which shall be enjoyed 70 before and 70 after delivery.	2017
56	3	Length of maternity leave	63	Length of maternity leave	268	Georgia	GEO	43.3713615	42.04813028	Northern Africa and Western Asia	2017	13	At least 14 weeks	18	WK	Weeks		2017
56	3	Length of maternity leave	63	Length of maternity leave	398	Kazakhstan	KAZ	66.65359159	48.01963494	Central and Southern Asia	2017	13	At least 14 weeks	18	WK	Weeks	Compulsory: 56 days. Entitlement: Women shall be granted seventy calendar days ante-natal and fifty six calendar days post-natal paid maternity leave. The leave shall be calculated in aggregate and the leave shall be granted to women in full irrespective of the number of days of actual ante-natal leave taken and the length of the service record with the given employer.	2017
56	3	Length of maternity leave	63	Length of maternity leave	417	Kyrgyzstan	KGZ	74.52324839	41.46204516	Central and Southern Asia	2017	13	At least 14 weeks	18	WK	Weeks	Entitlement: 126 days.	2017
56	3	Length of maternity leave	63	Length of maternity leave	762	Tajikistan	TJK	69.294998	38.43069666	Central and Southern Asia	2017	13	At least 14 weeks	20	WK	Weeks	Entitlement: 140 calendar days (70 days prior to childbirth and 70 after childbirth).	2017
56	3	Length of maternity leave	63	Length of maternity leave	795	Turkmenistan	TKM	58.9787665	40.0912346	Central and Southern Asia	2017	13	At least 14 weeks	16	WK	Weeks		2017
56	3	Length of maternity leave	63	Length of maternity leave	860	Uzbekistan	UZB	63.11944558	41.77560518	Central and Southern Asia	2017	13	At least 14 weeks	18	WK	Weeks	Entitlement: 126 calendar days (70 days before and 56 days after childbirth). Maternity leave shall be calculated cumulatively and shall be granted entirely irrespective of the number of days actually used before childbirth.	2017
56	3	Length of maternity leave	63	Length of maternity leave	760	Syrian Arab Republic	SYR	38.50466565	35.01676176	Northern Africa and Western Asia	2017	13	At least 14 weeks	14	WK	Weeks	Compulsory: There is not compulsory leave. Entitlement: (No reliable information.) 120 days for the first childbirth; 90 days for the second childbirth; 75 days for the third childbirth. Additional maternity leave of one month without pay may be granted to female workers upon request. It is not provided extension in case of multiple births.	2017
56	3	Length of maternity leave	63	Length of maternity leave	792	Turkey	TUR	35.42890329	38.9899684	Northern Africa and Western Asia	2017	13	At least 14 weeks	16	WK	Weeks	Compulsory: 8 weeks after confinement. Entitlement: 16 weeks.	2017
56	3	Length of maternity leave	63	Length of maternity leave	702	Singapore	SGP	103.8107883	1.361009155	Eastern and South-Eastern Asia	2017	13	At least 14 weeks	16	WK	Weeks	Compulsory: Four weeks after confinement. Entitlement: Total leave is 16 weeks. A female employee is entitled for her first two children to four weeks before and twelve weeks after confinement. Where there is mutual agreement with the employer the extended four weeks (9th to 16th week) of leave can be taken flexibly over a twelve month period after the child?s birth.	2017
56	3	Length of maternity leave	63	Length of maternity leave	704	Viet Nam	VNM	105.802499	10.09643079	Eastern and South-Eastern Asia	2017	13	At least 14 weeks	17	WK	Weeks	Compulsory: Women are required to have at least two months’ rest after the birth and longer if not certified as fit to return to work at that time. Entitlement: After giving birth the female employee shall be entitled maternity benefit stipulated as follows: a) Four months for the female employee who works in normal conditions; b) Five months for the female employee who works in hazardous occupation or on heavy duty job under the list of hazardous occupations or on heavy duty jobs issued by MoLISA and MoH; on 3 shifts duty; and working regular in areas where the area allowance is indexed at least 0 7 or for the People’s Army and the People’s public security; c) Six months for the disabled female employee with disability as regulated by the regulations on people with disability in the law; d) In the case of twin or multiple births in addition to the period of maternity leave stipulated in this provision the female employee shall be entitled an additional leave of 30 days for each child from the second.	2017
56	3	Length of maternity leave	63	Length of maternity leave	496	Mongolia	MNG	103.0728057	46.83892054	Eastern and South-Eastern Asia	2017	13	At least 14 weeks	17	WK	Weeks	Compulsory: There is not compulsory leave. Entitlement: Women are entitled to 120 days of prenatal and postnatal leave.	2017
56	3	Length of maternity leave	63	Length of maternity leave	4	Afghanistan	AFG	66.02688198	33.83160199	Central and Southern Asia	2017	12	Less than 14 weeks	13	WK	Weeks	Entitlement: A female employee is entitled to 90 days of paid maternity leave. Thirty days of the leave is granted before delivery and the rest (60 days) is granted to her after delivery.	2017
56	3	Length of maternity leave	63	Length of maternity leave	144	Sri Lanka	LKA	80.70489654	7.614693343	Central and Southern Asia	2017	12	Less than 14 weeks	12	WK	Weeks	Compulsory: 2 weeks up to including the day of her confinement and 10 weeks immediately following that day if the confinement results in the issue of a live child and such woman has at the date of such confinement no child or has one child. 6 weeks that is to say two weeks up to and including the day of her confinement and four weeks immediately following that day if the confinement results in the issue of a child and such woman has at the date of such confinement two or more than two children; if the confinement does not result in the issue of live child.(Maternity Benefits Act). 28 days commencing on the date of her confinement(Shops Act). Entitlement: Twelve weeks. For employees in shops or offices the length of maternity leave is 42 days of which 14 days before and 28 days after confinement.	2017
56	3	Length of maternity leave	63	Length of maternity leave	356	India	IND	79.3608464	22.34642074	Central and Southern Asia	2017	12	Less than 14 weeks	12	WK	Weeks	Compulsory: No woman shall work in any establishment during the 6 weeks immediately following the day of her delivery or miscarriage. Entitlement: 12 weeks being the 6 weeks before the anticipated date of delivery and the 6 weeks following the actual date of delivery.	2017
56	3	Length of maternity leave	63	Length of maternity leave	364	Iran (Islamic Republic of)	IRN	54.19766348	32.74370885	Central and Southern Asia	2017	12	Less than 14 weeks	12	WK	Weeks	Compulsory: No compulsory leave requirements identified. However the Labour Code stipulates that 45 days of the 90 day maternity leave entitlement shall be taken if possible after delivery. Entitlement: The Labour Code entitles women workers to 90 days of maternity leave. The Encouraging Breastfeeding and Protection of Breastfeeding Mothers Law extends the maternity leave entitlement to four months for nursing mothers.	2017
56	3	Length of maternity leave	63	Length of maternity leave	524	Nepal	NPL	83.94678863	28.25866332	Central and Southern Asia	2017	12	Less than 14 weeks	7	WK	Weeks	Compulsory: No compulsory leave provisions identified. Entitlement: 52 days.	2017
56	3	Length of maternity leave	63	Length of maternity leave	586	Pakistan	PAK	68.80479684	29.36491634	Central and Southern Asia	2017	12	Less than 14 weeks	12	WK	Weeks	Compulsory: No woman shall engage in employment in any establisment during the 6 weeks following the day on which she delivers a child. Entitlement: Where the worker gives notice either orally in person or in writing to her employer that she expects to be confied within the next 6 weeks she will be entitled to a period of up to 12 weeks’ maternity leave (being from the day after giving notice until 6 weeks after the day of delivery). Where the worker does not give notice until she has already given birth she will be entitled to up to 6 weeks’ maternity leave (being from the day of delivery until 6 weeks after that day).	2017
56	3	Length of maternity leave	63	Length of maternity leave	352	Iceland	ISL	-19.02116966	64.79134763	Europe and Northern America	2017	12	Less than 14 weeks	13	WK	Weeks	Compulsory: A woman shall take maternity leave for at least the first two weeks after the birth of her child. Entitlement: 3 months; maternity leave can be started up to one month prior to the expected date of birth. Parents shall have a joint right to the extension of maternity/paternity leave by three months for each child after the first in a multiple birth that is born alive.	2017
56	3	Length of maternity leave	63	Length of maternity leave	840	United States of America	USA	-99.13830311	39.5277871	Europe and Northern America	2017	12	Less than 14 weeks	12	WK	Weeks	Compulsory: There is not compulsory leave. Entitlement: 12 weeks of unpaid job-protected leave with continued group health insurance coverage to be taken during a 12 months period after birth. 26 weeks for Members of the Armed Forces.	2017
56	3	Length of maternity leave	63	Length of maternity leave	788	Tunisia	TUN	9.572737411	34.11439971	Northern Africa and Western Asia	2017	12	Less than 14 weeks	4	WK	Weeks	Entitlement: 30 days. Female civil servants are entitled to two months of maternity leave. They may also take up to four month of postnatal leave after the expiry of maternity leave (optional maternity leave).	2017
56	3	Length of maternity leave	63	Length of maternity leave	818	Egypt	EGY	29.77468534	26.57438204	Northern Africa and Western Asia	2017	12	Less than 14 weeks	13	WK	Weeks	Compulsory: A female worker shall not be required to work during the 45 days following childbirth. Entitlement: Under the Labour Law 2003 a female worker shall have the right to a maternity leave of ninety days (only 45 days of which need be taken after childbirth). Under the Child Law 1996 (as amended in 2008) any female worker in the public or private sector - whether part-time or full-time - shall be entitled to 3 months’ paid leave after delivery.	2017
56	3	Length of maternity leave	63	Length of maternity leave	90	Solomon Islands	SLB	160.1584117	-9.622391719	Oceania, exc. Australia and New Zealand	2017	12	Less than 14 weeks	12	WK	Weeks	Compulsory: At least 6 weeks of the maternity leave period must be taken after childbirth. It is an offence for the worker’s employer or any other employer to give her employment during this 6 week period and acceptance by a female worker of such employment from any other employer shall be deemed to be a breach of her previous contract. Entitlement: A female worker shall be entitled to up to 12 weeks’ maternity leave from her employer.	2017
56	3	Length of maternity leave	63	Length of maternity leave	242	Fiji	FJI	177.9660884	-17.83301566	Oceania, exc. Australia and New Zealand	2017	12	Less than 14 weeks	12	WK	Weeks	Compulsory: No compulsory leave requirements identified. The Employment Relations Promulgation expressly states that a woman’s maternity leave entitlement may be taken at any time before or after confinement. However where the woman chooses to work during the pre-confinement period she must produce a medical certificate certifying that she is fit to work during that period. Entitlement: The maternity leave entitlement is to a period of 84 consecutive days.	2017
56	3	Length of maternity leave	63	Length of maternity leave	296	Kiribati	KIR	-157.5643005	1.768837732	Oceania, exc. Australia and New Zealand	2017	12	Less than 14 weeks	12	WK	Weeks	Compulsory: An employer shall not permit a woman to work during the period of 6 weeks following confinement. Entitlement: The general total duration of maternity leave is up to 12 weeks being a maximum of 6 weeks before confinement and a minimum of 6 weeks after confinement.	2017
56	3	Length of maternity leave	63	Length of maternity leave	548	Vanuatu	VUT	167.0679779	-15.34445547	Oceania, exc. Australia and New Zealand	2017	12	Less than 14 weeks	12	WK	Weeks	Compulsory: An employer must not permit a pregnant worker to work for a period 6 weeks after her confinement. The employer must also not permit a pregnant worker to work for a period of 6 weeks before her confinement unless she provides a medical certificate certifying that she is fit to work during that period. Entitlement: The total duration of the maternity leave entitlement is 12 weeks being 6 weeks before and 6 weeks after confinement.	2017
56	3	Length of maternity leave	63	Length of maternity leave	24	Angola	AGO	17.57817062	-12.33724746	Sub-Saharan Africa	2017	12	Less than 14 weeks	13	WK	Weeks	Compulsory: Maternity leave can be taken from 4 weeks before the birth having the following 8 weeks to be taken after the birth. Entitlement: The female worker has the right to 3 months (12 weeks) of maternity leave.	2017
56	3	Length of maternity leave	63	Length of maternity leave	72	Botswana	BWA	23.81380223	-22.18810073	Sub-Saharan Africa	2017	12	Less than 14 weeks	12	WK	Weeks	Compulsory: Six weeks after confinement. Entitlement: Twelve weeks.	2017
56	3	Length of maternity leave	63	Length of maternity leave	108	Burundi	BDI	29.89080992	-3.366387428	Sub-Saharan Africa	2017	12	Less than 14 weeks	12	WK	Weeks	Compulsory: The duration of the maternity leave shall be of 12 weeks with the possibility of extension to 14 weeks of which at least 6 have to be taken after the birth. Entitlement: The duration of the maternity leave shall be of 12 weeks with the possiblitiy of extension to 14 weeks of which at least 6 have to be taken after the birth.	2017
56	3	Length of maternity leave	63	Length of maternity leave	132	Cabo Verde	CPV	-23.63544151	15.07791834	Sub-Saharan Africa	2017	12	Less than 14 weeks	9	WK	Weeks	Entitlement: In the event of birth women are entitled to 60 days of maternity leave.	2017
56	3	Length of maternity leave	63	Length of maternity leave	226	Equatorial Guinea	GNQ	10.46535826	1.565792376	Sub-Saharan Africa	2017	12	Less than 14 weeks	12	WK	Weeks	Compulsory: There is no specific provision stating the duration of compulsory leave. Entitlement: Women shall be entitled to maternity leave as from 6 weeks before the birth after having informed the employer and presented the medical certificates attesting the pregnancy. Maternity leave benefits shall be paid to all women covered by the social security during the first 6 weeks before the birth and 6 weeks after the birth.	2017
56	3	Length of maternity leave	63	Length of maternity leave	231	Ethiopia	ETH	39.63505296	8.631223181	Sub-Saharan Africa	2017	12	Less than 14 weeks	13	WK	Weeks	Compulsory: The Labour Proclamation does not impose any compulsory maternity-related leave. Entitlement: The maternity leave entitlement consists of: (a) 30 consecutive days of leave with pay preceding the presumed date of her confinement; and (b) a period of 60 consecutive days of leave after her confinement. Where the actual date of confinement is earlier than the presumed date the period of postnatal leave will commence from the date of the birth. Workers who are not covered by the Labour Proclamation 2003 have a right to one month’s leave during the period of confinement.	2017
56	3	Length of maternity leave	63	Length of maternity leave	232	Eritrea	ERI	38.11074289	16.12894644	Sub-Saharan Africa	2017	12	Less than 14 weeks	9	WK	Weeks	Compulsory: No compulsory leave is prescribed by the Labour Proclamation. Entitlement: A pregnant employee shall be entitled to sixty consecutive days of paid maternity leave beginning from the next day of her delivery. She may however choose to take her maternity leave in two parts one preceding her presumed confinement and the other after her delivery.	2017
56	3	Length of maternity leave	63	Length of maternity leave	270	Gambia	GMB	-15.39944785	13.45295927	Sub-Saharan Africa	2017	12	Less than 14 weeks	12	WK	Weeks	Compulsory: six weeks immediately preceding the expected date of confinement. Entitlement: at least 12 weeks (6 weeks prenatal and 6 weeks postnatal leave).	2017
56	3	Length of maternity leave	63	Length of maternity leave	288	Ghana	GHA	-1.205623522	7.964825185	Sub-Saharan Africa	2017	12	Less than 14 weeks	12	WK	Weeks	Entitlement: A woman worker on production of a medical certificate issued by a medical practitioner or a midwife indication the expected date of her confinement is entitled to period of maternity leave of at least twelve weeks in addition to any period of annual leave she is entitled after her period of confinement.	2017
56	3	Length of maternity leave	63	Length of maternity leave	404	Kenya	KEN	37.86096816	0.534797278	Sub-Saharan Africa	2017	12	Less than 14 weeks	13	WK	Weeks	Compulsory: No compulsory leave is contemplated by the Employment Act 2007. Entitlement: A female employee shall be entitled to three months maternity leave with full pay.	2017
56	3	Length of maternity leave	63	Length of maternity leave	426	Lesotho	LSO	28.25362195	-29.58041814	Sub-Saharan Africa	2017	12	Less than 14 weeks	12	WK	Weeks	Compulsory: Six weeks after confinement. Entitlement: Six weeks before and six weeks after confinement upon production of a medical certificate.	2017
56	3	Length of maternity leave	63	Length of maternity leave	454	Malawi	MWI	33.4884625	-13.40819859	Sub-Saharan Africa	2017	12	Less than 14 weeks	8	WK	Weeks	Compulsory: No relevant provisions identified. Entitlement: A female employee shall be entitled within every three years to at least eight weeks maternity leave on full pay.	2017
56	3	Length of maternity leave	63	Length of maternity leave	480	Mauritius	MUS	57.568022	-20.28581998	Sub-Saharan Africa	2017	12	Less than 14 weeks	12	WK	Weeks	Compulsory: A female worker who remains in continuous employment with the same employer for a period of 12 consecutive months immediately preceding the beginning of leave under this section shall on production of a medical certificate be entitled to - (a) 12 weeks’ maternity leave on full pay to be taken either - (i) before confinement provided that at least 6 weeks’ maternity leave shall be taken immediately following the confinement; or (ii) after confinement; Domestic Workers: A female domestic worker who remains in continuous employment with the same employer for a period of 12 consecutive months immediately preceding her confinement shall on production of a medical certificate be entitled to - (a) 12 weeks’ maternity leave on full pay to be taken either - (i) before confinement provided that at least 6 weeks¿ maternity leave shall be taken immediately following the confinement; or (ii) after confinement. Entitlement: A female worker who remains in continuous employment with the same employer for a period of 12 consecutive months immediately preceding the beginning of leave under this section shall on production of a medical certificate be entitled to - (a) 12 weeks’ maternity leave on full pay. Domestic Workers: A female domestic worker who remains in continuous employment with the same employer for a period of 12 consecutive months immediately preceding her confinement shall on production of a medical certificate be entitled to - (a) 12 weeks’ maternity leave on full pay.	2017
56	3	Length of maternity leave	63	Length of maternity leave	508	Mozambique	MOZ	38.18479941	-14.27963886	Sub-Saharan Africa	2017	12	Less than 14 weeks	9	WK	Weeks	Entitlement: In addition to normal holidays female employees shall be entitled to maternity leave of sixty (60) consecutive days which may commence twenty days prior to the expected delivery date and which may be enjoyed consecutively.	2017
56	3	Length of maternity leave	63	Length of maternity leave	516	Namibia	NAM	17.21907885	-22.13817068	Sub-Saharan Africa	2017	12	Less than 14 weeks	12	WK	Weeks	Compulsory: Subject to subsection (3) a female employee who has completed six months continuous service in the employment of an employer is with a view to her confinement entitled to not less than 12 weeks maternity leave calculated as follows: (a) before her actual date of confinement - (i) she is entitled to commence maternity leave four weeks before her expected date of confinement as certified by her medical practitioner; and (b) after her date of confinement she is entitled to: (i) eight weeks maternity leave in every case; Entitlement: Subject to subsection (3) a female employee who has completed six months’ continuous service in the employment of an employer is with a view to her confinement entitled to not less than 12 weeks’ maternity leave calculated as follows: (a) before her actual date of confinement - (i) she is entitled to commence maternity leave four weeks before her expected date of confinement as certified by her medical practitioner; and (ii) she is entitled to maternity leave for the entire time from the commencement of her maternity leave as contemplated in paragraph (i) until her actual date of confinement; (b) after her date of confinement she is entitled to: (i) eight weeks maternity leave in every case; and (ii) in the case of an employee whose date of confinement occurred less than four weeks after the commencement of her maternity leave the amount of additional time required to bring her total maternity leave to 12 weeks.	2017
56	3	Length of maternity leave	63	Length of maternity leave	566	Nigeria	NGA	8.097363256	9.585789025	Sub-Saharan Africa	2017	12	Less than 14 weeks	12	WK	Weeks	Compulsory: In any public or private industrial or commercial undertaking or any branch thereof or in any agricultural undertaking or any branch thereof a woman- (b) shall not be permitted to work during the six weeks following her confinement; Entitlement: In any public or private industrial or commercial undertaking or any branch thereof or in any agricultural undertaking or any branch thereof a woman- (a) shall have the right to leave her work if she produces a medical certificate given by a registered medical practitioner stating that her confinement will probably take place within six weeks; (b) shall not be permitted to work during the six weeks following her confinement.	2017
56	3	Length of maternity leave	63	Length of maternity leave	624	Guinea-Bissau	GNB	-14.40182514	12.11760394	Sub-Saharan Africa	2017	12	Less than 14 weeks	9	WK	Weeks	Compulsory: The female workers is obliged to take at least 30 days of the 60 days of maternity leave immediately after the birth. Entitlement: Every female worker is entitled to a maternity leave of 60 days without loss of remuneration during the whole pregnancy and in cases of delivery of stillborn or death of living birth.	2017
56	3	Length of maternity leave	63	Length of maternity leave	646	Rwanda	RWA	29.92310194	-1.999842114	Sub-Saharan Africa	2017	12	Less than 14 weeks	12	WK	Weeks	Entitlement: 12 weeks.	2017
56	3	Length of maternity leave	63	Length of maternity leave	678	Sao Tome and Principe	STP	6.609772265	0.241554875	Sub-Saharan Africa	2017	12	Less than 14 weeks	9	WK	Weeks	Entitlement: 60 days.	2017
56	3	Length of maternity leave	63	Length of maternity leave	694	Sierra Leone	SLE	-11.78306584	8.568604164	Sub-Saharan Africa	2017	12	Less than 14 weeks	12	WK	Weeks		2017
56	3	Length of maternity leave	63	Length of maternity leave	729	Sudan	SDN	29.95650159	16.02643066	Northern Africa and Western Asia	2017	12	Less than 14 weeks	8	WK	Weeks	Compulsory: No provision requiring a pregnant worker or new mother to take maternity leave identified. Entitlement: The maternity leave entitlement is to a period of 8 weeks’ leave. This may be taken as 4 weeks before and 4 weeks after confinement or 2 weeks and 6 weeks after confinement (or 8 weeks after confinement in the event that the worker is on Idda (mourning) leave until the date of her confinement).	2017
56	3	Length of maternity leave	63	Length of maternity leave	748	Eswatini	SWZ	31.50149288	-26.56471011	Sub-Saharan Africa	2017	12	Less than 14 weeks	12	WK	Weeks	Compulsory: A female worker must take no less than six weeks’ maternity leave after confinement. Entitlement: Female workers are entitled to maternity leave of not less than 12 weeks including not more than six weeks before and not less than six weeks after confinement.	2017
56	3	Length of maternity leave	63	Length of maternity leave	800	Uganda	UGA	32.39100438	1.279557331	Sub-Saharan Africa	2017	12	Less than 14 weeks	9	WK	Weeks	"Compulsory: A female employee shall as a consequence of pregnancy have the right to a period of 60 days leave from work on full wages hereafter referred to as ""maternity leave"" of which at least four weeks shall follow the childbirth or miscarriage. Entitlement: A female employee shall as a consequence of pregnancy have the right to a period of 60 days leave from work on full wages hereafter referred to as ""maternity leave"" of which at least four weeks shall follow the childbirth or miscarriage."	2017
56	3	Length of maternity leave	63	Length of maternity leave	834	United Republic of Tanzania	TZA	34.80521182	-6.265332606	Sub-Saharan Africa	2017	12	Less than 14 weeks	12	WK	Weeks	Compulsory: No employee shall work within six weeks after childbirth unless a medical practitioner certifies that the employee is fit to work. Entitlement: An employee shall be entitled 84 days maternity leave. Typically maternity leave is to commence at any time from 4 weeks before the expected date of confinement and end no earlier than 6 weeks after the actual date of confinement.	2017
56	3	Length of maternity leave	63	Length of maternity leave	894	Zambia	ZMB	27.850329	-14.59701056	Sub-Saharan Africa	2017	12	Less than 14 weeks	12	WK	Weeks	Entitlement: 12 weeks.	2017
56	3	Length of maternity leave	63	Length of maternity leave	28	Antigua and Barbuda	ATG	-61.7999755	17.07761471	Latin America and the Caribbean	2017	12	Less than 14 weeks	13	WK	Weeks	Entitlement: Maternity leave shall be granted for a period not less than 6 weeks and up to 13 weeks.	2017
56	3	Length of maternity leave	63	Length of maternity leave	32	Argentina	ARG	-65.14563274	-35.19446255	Latin America and the Caribbean	2017	12	Less than 14 weeks	13	WK	Weeks	Compulsory: minimum 30 days before confinement. Entitlement: 90 days (45 days before and the 45 days after confinement). However the worker may opt to reduce her pre-natal leave but this shall not be less than 30 days. The remainder of the total leave period shall then be added to her post-natal leave. In the case of a premature birth the full period of leave that the worker did not take before her confinement shall be carried over to the period of her confinement so that she is granted 90 days altogether.	2017
56	3	Length of maternity leave	63	Length of maternity leave	44	Bahamas	BHS	-78.05111663	24.69546597	Latin America and the Caribbean	2017	12	Less than 14 weeks	12	WK	Weeks	Entitlement: 12 weeks of which at least 1 week before and 8 weeks after confinement shall be granted.	2017
56	3	Length of maternity leave	63	Length of maternity leave	52	Barbados	BRB	-59.5346489	13.13648273	Latin America and the Caribbean	2017	12	Less than 14 weeks	12	WK	Weeks	Compulsory: The compulsory leave for maternity shall not be less than 6 weeks from the date of confinement. Entitlement: The duration of maternity leave shall not be less than 12 weeks (no more than six weeks before and not less than six weeks after birth) except where an employee wishes otherwise.	2017
56	3	Length of maternity leave	63	Length of maternity leave	68	Bolivia (Plurinational State of)	BOL	-64.66224284	-16.71273412	Latin America and the Caribbean	2017	12	Less than 14 weeks	13	WK	Weeks	Compulsory: 30 days before and 30 days after confinement. Entitlement: 60 days (thirty days before and thirty days after confinement). Domestic workers are entitled to 45 days before and 45 days after confinement.	2017
56	3	Length of maternity leave	63	Length of maternity leave	92	British Virgin Islands	VGB	-64.63294223	18.42256578	Latin America and the Caribbean	2017	12	Less than 14 weeks	13	WK	Weeks		2017
56	3	Length of maternity leave	63	Length of maternity leave	212	Dominica	DMA	-61.3493756	15.43391378	Latin America and the Caribbean	2017	12	Less than 14 weeks	12	WK	Weeks	Compulsory: Three weeks before the estimated date of confinement and six weeks post natal. Entitlement: 12 weeks.	2017
56	3	Length of maternity leave	63	Length of maternity leave	214	Dominican Republic	DOM	-70.49847576	18.89832088	Latin America and the Caribbean	2017	12	Less than 14 weeks	12	WK	Weeks	Compulsory: Every female worker is entitled to enjoy 12 weeks of maternity leave(including at least six weeks after confinement). Entitlement: The general total duration of maternity leave is 12 weeks (six weeks each before and after confinement).	2017
56	3	Length of maternity leave	63	Length of maternity leave	218	Ecuador	ECU	-78.37005241	-1.447785891	Latin America and the Caribbean	2017	12	Less than 14 weeks	12	WK	Weeks	Compulsory: Two weeks before and ten weeks after confinement. Entitlement: Two weeks before and ten weeks after confinement. Civil and Public servants are entitled to the same maternity leave.	2017
56	3	Length of maternity leave	63	Length of maternity leave	222	El Salvador	SLV	-88.86862995	13.73603564	Latin America and the Caribbean	2017	12	Less than 14 weeks	12	WK	Weeks	Compulsory: The legislation provides a compulsory leave of six weeks after confinement. Entitlement: The employer is obligued to enjoy twelve weeks of maternity leave six of which must be taken after confinement.	2017
56	3	Length of maternity leave	63	Length of maternity leave	308	Grenada	GRD	-61.68248568	12.11238395	Latin America and the Caribbean	2017	12	Less than 14 weeks	13	WK	Weeks	Entitlement: Every employee shall be entitled to maternity leave for a period of three months.	2017
56	3	Length of maternity leave	63	Length of maternity leave	320	Guatemala	GTM	-91.2312746	15.00273719	Latin America and the Caribbean	2017	12	Less than 14 weeks	12	WK	Weeks	Compulsory: There is not express compulsory leave however the mother may accumulate the days not enjoyed of pre-natal leave to the post-natal leave period. Entitlement: 30 days before and 54 days after confinement.	2017
56	3	Length of maternity leave	63	Length of maternity leave	328	Guyana	GUY	-58.97322037	4.788012784	Latin America and the Caribbean	2017	12	Less than 14 weeks	13	WK	Weeks	Entitlement: No legal or administrative provisions regarding maternity leave. However the legislation states that the employment of every worker continuously employed shall not be treated as interrupted if the employee is absent from work due to maternity leave. Therefore it seems that the 13 weeks of maternity benefits are enjoyable with leave.	2017
56	3	Length of maternity leave	63	Length of maternity leave	332	Haiti	HTI	-72.33640958	18.40426539	Latin America and the Caribbean	2017	12	Less than 14 weeks	12	WK	Weeks	Compulsory: The legislation states that 6 weeks of such leave shall be taken before confinement and 6 weeks after as long as the circumstances of the pregnancy permit it. Entitlement: The general total duration of the maternity leave is 12 weeks.	2017
56	3	Length of maternity leave	63	Length of maternity leave	340	Honduras	HND	-86.59974381	14.82243161	Latin America and the Caribbean	2017	12	Less than 14 weeks	10	WK	Weeks	Compulsory: Pregnant workers are compelled to take 10 weeks of paid maternity leave (four weeks before and six weeks after confinement). Entitlement: The general total duration of maternity leave is 10 weeks (four weeks before and six weeks after confinement).	2017
56	3	Length of maternity leave	63	Length of maternity leave	388	Jamaica	JAM	-77.31068409	18.15616857	Latin America and the Caribbean	2017	12	Less than 14 weeks	12	WK	Weeks	Entitlement: The period for maternnity leave shall not exceed 12 weeks in respect of each pregnancy or confinement.	2017
56	3	Length of maternity leave	63	Length of maternity leave	484	Mexico	MEX	-102.5148166	23.93378032	Latin America and the Caribbean	2017	12	Less than 14 weeks	12	WK	Weeks	Compulsory: The time leave of 6 weeks before and 6 weeks after confinement is compulsory for all female workers. Entitlement: Female workers are entitled to enjoy 12 weeks of rest during during pregnancy (six weeks before and six weeks after confinement).	2017
56	3	Length of maternity leave	63	Length of maternity leave	558	Nicaragua	NIC	-85.03060315	12.84210839	Latin America and the Caribbean	2017	12	Less than 14 weeks	12	WK	Weeks	Compulsory: Four weeks before and eight weeks after confinement. Entitlement: 12 weeks (four weeks before and eight weeks after confinement).	2017
56	3	Length of maternity leave	63	Length of maternity leave	600	Paraguay	PRY	-60.54854225	-21.70216237	Latin America and the Caribbean	2017	12	Less than 14 weeks	12	WK	Weeks	Compulsory: Female workers shall enjoy six weeks after confinement. Entitlement: The general total duration of maternity leave is 12 weeks (six weeks before and six weeks after confinement) provided that a medical certificate issued by the Social Provident Institution for the Ministry of Public Health and Social Welfare is presented stating that confinement will probably take place within the next six weeks.	2017
56	3	Length of maternity leave	63	Length of maternity leave	604	Peru	PER	-71.82093277	-13.58939705	Latin America and the Caribbean	2017	12	Less than 14 weeks	13	WK	Weeks	Compulsory: 45 days after confinement. Entitlement: 90 days (45 days before and 45 days after confinement).Women workers are entitled to 30 additional days in case of multiple birth. Prenatal leave can be totally or partially deferred and added to postnatal leave if the woman desires. A medical certificate must be provided stating that postponing prenatal leave will not affect the mother or the child.	2017
56	3	Length of maternity leave	63	Length of maternity leave	630	Puerto Rico	PRI	-66.47591017	18.22753799	Latin America and the Caribbean	2017	12	Less than 14 weeks	8	WK	Weeks		2017
56	3	Length of maternity leave	63	Length of maternity leave	659	Saint Kitts and Nevis	KNA	-62.76628613	17.33994219	Latin America and the Caribbean	2017	12	Less than 14 weeks	13	WK	Weeks	Entitlement: 13 weeks.	2017
56	3	Length of maternity leave	63	Length of maternity leave	662	Saint Lucia	LCA	-60.96529553	13.89405601	Latin America and the Caribbean	2017	12	Less than 14 weeks	13	WK	Weeks	Entitlement: 3 months.	2017
56	3	Length of maternity leave	63	Length of maternity leave	670	Saint Vincent and the Grenadines	VCT	-61.19024321	13.24627968	Latin America and the Caribbean	2017	12	Less than 14 weeks	13	WK	Weeks	Entitlement: 3 months.	2017
56	3	Length of maternity leave	63	Length of maternity leave	780	Trinidad and Tobago	TTO	-61.29389504	10.41877263	Latin America and the Caribbean	2017	12	Less than 14 weeks	13	WK	Weeks	Compulsory: No. The employee may proceed on such leave six weeks prior to the probable date of confinement as stated in the medical certificate submitted or at a subsequent date at the employee’s discretion. Entitlement: An employee is entitled to 13 weeks maternity leave.	2017
56	3	Length of maternity leave	63	Length of maternity leave	858	Uruguay	URY	-56.01387025	-32.8002838	Latin America and the Caribbean	2017	12	Less than 14 weeks	12	WK	Weeks	Compulsory: Six weeks before confinement and six weeks after. Entitlement: Every worker is entitled to 12 weeks (six before and six after confinement). Women workers may alter the amount of prenatal leave provided that the total remains twelve weeks. Pregnant civil servants which have to present a medical certificate prooving the pregnancy are entitled to thirteen weeks of maternity leave one week before and twelve weeks after confinement although the civil servant may bring the start of her leave forward.	2017
56	3	Length of maternity leave	63	Length of maternity leave	48	Bahrain	BHR	50.5490754	26.04407747	Northern Africa and Western Asia	2017	12	Less than 14 weeks	9	WK	Weeks	Compulsory: No specifîcations about the compulsory period to be taken before and after confinement. The period of 45 days of maternity leave shall include both periods. Entitlement: A female worker shall be entitled to maternity leave on full pay for 45 days which shall not be deducted from her annual leave provided she produces a medical certificate attested by the Ministry of Health stating the expected date of her confinement. Such maternity leave shall include the period before and after confinement.	2017
56	3	Length of maternity leave	63	Length of maternity leave	275	State of Palestine	PSE	35.25694122	31.94347933	Northern Africa and Western Asia	2017	12	Less than 14 weeks	10	WK	Weeks		2017
56	3	Length of maternity leave	63	Length of maternity leave	368	Iraq	IRQ	43.76606267	33.05013795	Northern Africa and Western Asia	2017	12	Less than 14 weeks	9	WK	Weeks	Entitlement: Every women worker is entitled to 62 days’ maternity leave at full pay. A pregnant worker may upon the presentation of a medical certificate from the competent service begin the above-mentioned leave 30 days before the projected date of confinement and may take the remaining days after confinement. The Resolution No.882 of 1987 provides for workers of the Departments of State and the socialist sector the right of enjoying a fully paid period of 6 months and half paid for the second 6 months in case of pregnancy.	2017
56	3	Length of maternity leave	63	Length of maternity leave	400	Jordan	JOR	37.13024774	30.65365973	Northern Africa and Western Asia	2017	12	Less than 14 weeks	10	WK	Weeks	Compulsory: The period subsequent to delivery shall not be less than 6 weeks. Entitlement: Every working woman shall be entitled to a full paid maternity leave with a total duration of 10 weeks.	2017
56	3	Length of maternity leave	63	Length of maternity leave	414	Kuwait	KWT	47.49305029	29.53949468	Northern Africa and Western Asia	2017	12	Less than 14 weeks	10	WK	Weeks	Entitlement: The duration of the maternity leave is 70 days in total.	2017
56	3	Length of maternity leave	63	Length of maternity leave	422	Lebanon	LBN	35.89391711	33.92152458	Northern Africa and Western Asia	2017	12	Less than 14 weeks	7	WK	Weeks	Entitlement: Under the Labour Code the total duration is 7 weeks including the prenatal period and the period following the childbirth.	2017
56	3	Length of maternity leave	63	Length of maternity leave	512	Oman	OMN	57.87743482	21.98805614	Northern Africa and Western Asia	2017	12	Less than 14 weeks	7	WK	Weeks		2017
56	3	Length of maternity leave	63	Length of maternity leave	634	Qatar	QAT	51.19152467	25.28355379	Northern Africa and Western Asia	2017	12	Less than 14 weeks	7	WK	Weeks	Entitlement: 50 days.	2017
56	3	Length of maternity leave	63	Length of maternity leave	682	Saudi Arabia	SAU	44.54763347	24.12594211	Northern Africa and Western Asia	2017	12	Less than 14 weeks	10	WK	Weeks	Entitlement: 10 weeks.	2017
56	3	Length of maternity leave	63	Length of maternity leave	784	United Arab Emirates	ARE	53.98279159	23.43322219	Northern Africa and Western Asia	2017	12	Less than 14 weeks	6	WK	Weeks	Compulsory: No compulsory leave requirements identified. Entitlement: 45 days.	2017
56	3	Length of maternity leave	63	Length of maternity leave	887	Yemen	YEM	45.22389143	15.22242099	Northern Africa and Western Asia	2017	12	Less than 14 weeks	9	WK	Weeks	Compulsory: 60 days. Entitlement: 60 days.	2017
56	3	Length of maternity leave	63	Length of maternity leave	96	Brunei Darussalam	BRN	114.6288563	4.49736984	Eastern and South-Eastern Asia	2017	12	Less than 14 weeks	9	WK	Weeks	Compulsory: The lenght of the period before and after confinement may be agreed between the employer and the employee but such leave shall commence not earlier than 28 days immediately preceding the day of her confinement and not later than the day of her confinement. Entitlement: The total duration of maternity is 9 weeks which shall be taken 4 weeks inmediately preceeding her confinement and 5 weeks immediately after confinement.	2017
56	3	Length of maternity leave	63	Length of maternity leave	104	Myanmar	MMR	96.51752295	21.19332882	Eastern and South-Eastern Asia	2017	12	Less than 14 weeks	12	WK	Weeks	Compulsory: No relevant provisions identified. Entitlement: No entitlement to maternity leave identified. However women insured and entitled to maternity benefits under the Social Security Act 1954 are entitled to up to 12 weeks’ maternity benefits in cases of pregnancy and childbirth which involve suspension of earnings. These benefits are detailed under ’Cash Benefits’ below.	2017
56	3	Length of maternity leave	63	Length of maternity leave	116	Cambodia	KHM	104.922836	12.71163737	Eastern and South-Eastern Asia	2017	12	Less than 14 weeks	13	WK	Weeks	Compulsory: No compulsory leave identified. Entitlement: Ninety days.	2017
56	3	Length of maternity leave	63	Length of maternity leave	360	Indonesia	IDN	113.9174	-0.994582204	Eastern and South-Eastern Asia	2017	12	Less than 14 weeks	13	WK	Weeks	Compulsory: No compulsory leave identified. Entitlement: Female workers/ labourers are entitled to a 1.5 (one-and-a-half) month period of rest before the time at which they are estimated by an obstetrician or a midwife to give birth to a baby and another 1.5 (one-and-a-half) month period of rest thereafter.	2017
56	3	Length of maternity leave	63	Length of maternity leave	418	Lao People's Democratic Republic	LAO	101.9901968	20.27482773	Eastern and South-Eastern Asia	2017	12	Less than 14 weeks	13	WK	Weeks	Compulsory: At least 42 days of the 90 day maternity leave entitlement must be taken after giving birth. Entitlement: Before and after giving birth women workers shall be entitled to at least 90 days of maternity leave.	2017
56	3	Length of maternity leave	63	Length of maternity leave	458	Malaysia	MYS	116.8346314	5.452415309	Eastern and South-Eastern Asia	2017	12	Less than 14 weeks	9	WK	Weeks	Compulsory: Maternity leave shall not commence earlier than a period of thirty days immediately preceding the confinement of a female employee or later than the day immediately following her confinement. Entitlement: Not less that 60 consecutive days in respect of each confinement. A female employee is entitled to commence her maternity leave at any time during the 30 days immediately preceding her confinement or not later than the day immediately following her confinement.	2017
56	3	Length of maternity leave	63	Length of maternity leave	608	Philippines	PHL	120.8601418	14.16591706	Eastern and South-Eastern Asia	2017	12	Less than 14 weeks	6	WK	Weeks	Compulsory: No compulsory leave requirements identified. Entitlement: Employees whose entitlement to maternity arises under the Labor Code or the Batas Kasambahay Act are entitled to maternity leave of at least 2 weeks prior to the expected date of delivery and another 4 weeks after normal delivery or abortion. Government employees are entitled to 60 days’ maternity leave.	2017
56	3	Length of maternity leave	63	Length of maternity leave	764	Thailand	THA	101.0202951	15.13089239	Eastern and South-Eastern Asia	2017	12	Less than 14 weeks	13	WK	Weeks	Compulsory: No compulsory leave requirements identified. Entitlement: Pregnant employees are entitled to not more than 90 days for each pregnancy including holidays occurring during the period of leave.	2017
56	3	Length of maternity leave	63	Length of maternity leave	156	China	CHN	104.1403375	32.30955217	Eastern and South-Eastern Asia	2017	12	Less than 14 weeks	13	WK	Weeks	Entitlement: The Labour Law provides that the duration of maternity leave shall be no less than 90 days after childbirth. The Regulations on Labour Protection for Women also provides for an entitlement to 90 days’ maternity leave but contemplates that women may take up to 15 days’ paid leave prior to childbirth.	2017
56	3	Length of maternity leave	63	Length of maternity leave	344	China, Hong Kong Special Administrative Region	HKG	114.0266445	22.41749934	Eastern and South-Eastern Asia	2017	12	Less than 14 weeks	10	WK	Weeks		2017
56	3	Length of maternity leave	63	Length of maternity leave	410	Republic of Korea	KOR	127.8610254	36.45201023	Eastern and South-Eastern Asia	2017	12	Less than 14 weeks	13	WK	Weeks	Compulsory: 45 days postnatal leave. Entitlement: 90 days to be distributed before and after childbirth.	2017
56	3	Length of maternity leave	63	Length of maternity leave	598	Papua New Guinea	PNG	145.8587761	-6.756057077	Oceania, exc. Australia and New Zealand	2017	30	No fixed data	0	WK	Weeks	Compulsory: No compulsory leave identified. Entitlement: The period of maternity leave to be granted shall be: (a) the period necessary for hospitalization prior to confinement; and (b) 6 weeks following confinement.	2017
